1 1 2 3 4 5
2 4 5 6 7 8
3 9 10 11 12 4 5 13 14 15
4 4 16 17 18 19
5 4 20 21 22 23 24 25 26 27 28 29 30
6 31 32 33 34 35 36 37 38 4 39 5 6 13 40
7 41 4 42 43 44 45 46
8 47 48 49 50 51 4 52 13
9 4 5 6 13 53 54
10 55 4 56 57 58 59 60
11 61 4 62 63 64
12 65 66 67 68 69 70 71 72 4 73 74 75 38 76 77 78 79
13 26 80 81 82 83 84 85 4 5
14 86 87 88 27 89 90 91 92 93 4 5 13 94
15 95 96 97 4 30 98 99 100 101 102 103 104 105 106 107 82 39 108 109 110 111 112 48 113 114 115 116 117 118 119 120 121 122 123 124 125 126 127 128 129 130 131 132 133 134
16 4 135 136 137 138 139 140 5 40 34 141
17 142 143 4 5 6 144
18 145 51 146 147 148 149
19 150 151 152 145 153
20 145 154 155 156 157 158 159 160 161 162 163 164 165 166 167 168 152
21 169 170 171 172 173 174 175 176 177 178 179 180 181 145 182 183 184 185 186 187 188 189 190 191 192 193 194 195 196 197 198 199 200 201 202 203 204 205 206 207 208 209 210 211 212 213 214 215 216 217 218 219 220 221 222 223 224 225 226 227 228 229 230 231 232
22 233 234 145 235 236
23 237 238 239 240 241 242 243 244 145 48 245 246 247 248 249 250 251
24 252 253 254 255 256 257 196 258 145 259 260 261 262 263 264 265 266
25 267 145 268 269 270 271 272 273 274 275
26 276 277 278 279 145
27 145 280 281 282 283
28 284 145 285 286 287 288
29 289 197 290 291 292 293
30 294 292 295 296 297 298
31 299 292 300 301 302 303 304 305 306
32 292 307 308 309 310 311 312 313 314
33 315 316 317 318 319 320 321 292 322 323 324
34 325 326 327 328 329 330 331 332 333 292 318 334 335 217 336
35 80 337 48 338 22 83 339 340 341 342 343 344 345 346
36 347 348 349 344 350
37 344 351 352 353 354 189 355
38 356 357 358 344 359 360 361 362
39 363 115 80 364 365 366 367 368 344 369 370
40 371 372 373 374 375 344 376 377
41 378 379 380 381 382
42 380 185 383 384 385
43 386 387 380 388 389 390 391 392
44 380 393 394 395 396 397 398
45 399 380 5 400 401 402 403 404 405 406
46 407 408 409 410 411 38 412 413 414 415 416 417 418 419 420 421 422 423 424 425 426 427 380 428
47 429 430 431 380 432
48 433 434 188 380 435 436 437
49 438 439 440 441 442 380
50 443 444 445 446 52 447 448 449 5 450 309 451 452 380 453 454 455 456 457 365 188 458 459 460 461 150 462 463 464 465 466 354 467 468 469 143 470 423 471 187 472 473 474
51 475 476 477 478 479 480 481 482 483 484
52 30 485 476 486 487 488 489 490 491 492 5 40
53 493 494 26 495 496 497 498 499 500 476 501 502
54 503 476 504 505 506
55 507 508 509 510 211 30 511 512 174 10 309 513 514 515 516 517 44 518 519 520 316 521 522 523 524 525 526 476 527 528 529 530 452 440 189 423 531 532 533 534 535 27 438 536 537
56 538 476 388 460 84 539 540 541 401 542
57 83 476 543 544 545 546 547 548
58 476 549 485 189 550
59 551 40 552 553 554 555 556 557 558
60 559 560 561 562 557 563 564 427
61 565 566 567 568 569 557 570 571 572
62 485 573 364 574 495 575 576 577 578 579 580 127 581 582 557 583 584 585 586 531
63 55 587 588 557 589 590 591 592 593 594
64 595 539 596 597 557 598 599
65 557 34 600 601 602 603
66 604 409 605 606 607 91 608 609 610 611 612 613 614 615 616 617
67 618 619 620 621 342 622 623 624 625 626 627 628 605
68 605 629 630 631 374 632 376 633 634
69 635 111 541 636 637 638 520 639 640 595 641 642 643 514 644 645 646 647 506 648 649 650 651 342 652 653 605 654 156 655 549 656 657 658 78 659 660 661
70 461 605 662 663 664
71 665 666 667 668 669 670 671 672 673 168 605 674 675 398
72 676 677 678 679 605 680 681 34
73 682 683 684 685 686
74 687 688 689 690 691 692 693 694 695 696 697 698 523 699 700 701 702 703 704 705 706 707 365 708 540 709 710 711 712 713 714 715 716 717 524 718 719 720 546 721 722 723 724 725 726 727 728 729 730 462 731 732 733 734 735 736 737 738 739 740 741 58 742 743 547 744 487 745 746 234 747 748 749 750 751 752 753 683 754 755 756 415 757 758 759 474 760 761 762 763 764 765 766 767 768 769 770 771 772 773 774 775 776 777 219 778 275 129 779 780 781 782
75 783 683 784 463 785
76 786 683 42 787 788 789 790 791 792 793
77 794 497 480 308 440 795 470 796 797 798 799 683 800 46
78 801 802 803 804 805 806 807 156 483 808 809 810 811 812 164 813 814 815 816 817 818 819
79 820 821 395 822 823 824 825 826 827 326 828 829 830 831 832 82 156 833 834 835 164 160 836 163 837 838 839 840 165 841 161 842 843 844 845 846
80 193 847 848 156 849 850 851
81 852 853 854 855 562 156 832 856 857 858
82 859 860 861 862 74 863 80 55 864 865 866 867 868 869 870 82 636 871 872 873 446 541 874 875 876 308 877 878 879 880 831 881 882 883 884 26 885 886 887 888 889 890 891 188 892 893 894 895 896 897 898 899 900 901 902 903 904 481 905 906 907 908 909 910 363 911 912 913 914 915 916 917 918 919 920 921 922 506 923 924 925 926 927 928 929 930 931 932 933 934 935 936 937 234 128 938 939 940 941 942 943 944 945 946 947 948 949 950 951 210 952 953 954 955 156 956 957 958 959 960 961 962 963 964 965 966 967 968 265 756 969 970 971 972 973 974 975 976 977 814 838 978 979 980 981 982 424 983 984 985 986 987 988 989 990 232 991
83 992 993 994 995 996 997 998 999 1000 1001 156 805 1002 329 1003 1004 1005 1006 958 1007 416 1008 221 1009 1010 1011 1012 816 1013
84 1014 1015 1002 1016 156 1017 1018 1019 1020 1021 1022 1023 1024 1025 229 1026
85 1027 1028 1029 1030 1031 408 496 1032 128 724 1033 562 1034 806 156 1035 1036 1037 1038 1039 1040 810 1041 79 1042 1043 418 1044 1045 813 1046 819
86 1047 1048 1049 1050 1051 1052 1053 1054 1055 1056 1057 656 818 156 1058 1059
87 1060 1061 1062 918 338 1063 209 128 1064 1065 724 1066 1067 1068 1069 1070 1071 613 954 1072 832 480 154 959 1073 156 747 158 1074 1040 414 966 1075 1076 1041 416 1020 1077 1078 1079 1080 160 1081 656 1082 813 400 164 166 165 842 225 1083 814 1084 1085 1086 1087 1088
88 512 1089 1090 1091 1092 1093 44 401 1094 346 1095 1096 453 1097 1098 1099 1100 1101 1102 1103 951 1104 1105 957 832 1106 958 156 1107 1108 1109 1110 1111 1112 1113 1114 1085 1115 1116
89 1117 363 156 1118 1119 1120 250 1121 1122 838
90 1123 1124 1125 1029 1126 1127 1128 1129 1130 1131 1132 348 1133 1134 1135 1136 1137 949 1138 1139 945 156 1140 157 1141 1142 1143 275 1144 382 811 1145 1146 1147 990 1148
91 832 156 1149 1150 497 1151 755 1152 1082 656
92 1153 1154 1155 1156 1157 156 1158 856 157 158 1159 1160 1161 250 1162 1163 1152 836 160 1164 970 811 382 1079 840 163 837 1165 841 167 1166 1167 1168 162 165 164 1169 974 166 839 1170 1171 1172 1173 223 168 1083 1077 842 816 814 1174 1175 1176 231 1177 265 1178 1179
93 1180 936 855 156 1181 1036 46 1182 1183 437 1184 1185 1186 1187 1188 1189 969 1190
94 1191 1192 1193 1194 1195 156 1196 1197 1163 1198 1199 1200 1201 1202 1203
95 1204 1205 1206 1207 1208 1209 156 1210 1211 1212 1107 1213 1214 1215 1216 418 1217 221 3 1218 1023 1219 1220 1221 656 1122 1222 1223 1224 1225 1226 1227 1228 1229
96 1230 1231 1232 156 855 1001 1233 1234 1010 422
97 1235 1236 1237 1238 1239 1240 1241 804 155 1242 156 1243 1244 1245 1246 1247 1229
98 1248 1249 1250 1251 193 1180 1252 1253 1254 918 1255 1256 1193 156 1257 1258 1161 1167 1259 841 1260 167 1261 1262 1263 1059 1148 1264
99 1265 1232 1002 156 1009 418 1227
100 1248 1266 1028 1267 1268 1269 1270 1125 1271 1272 1273 1274 1275 1180 1276 1235 408 1131 1117 1277 1278 1279 1280 1239 1281 1282 155 412 1283 330 949 1002 156 1284 1285 1286 502 1143 1287 842 1288 836 1289 1290 1184 979 980 1113 982 1291 1292 1293 1294
101 1235 1295 1053 1001 855 562 156 613 832 856 1037 1296 158 1297 1298 1299 1168 1247 1300
102 1301 1302 1303 1304 1305 1306 1307 942 949 1308 1309 832 1310 156 158 1159 966 1311 415 502 1143 501 969 382 159 1312 836 167 165 1165 1260 1171 1313 979 1079 1170 839 1172 1314 1259 1019 814 1315 1316 265 1317 983 1318 1059 1227
103 1237 1319 1320 154 1321 156 1322 1323 812
104 1324 940 946 1325 1326 1327 832 1328 156 157 1329 1144 1330 1143 1331 1332 437 166 1079 165 1169 167 1170 162 161 839 163 840 979 1077 152 168 1083 225 842 1059 1333
105 1334 1335 1336 1337 1240 1338 156 1339
106 1340 1341 1342 1343 1344 872 1345 1346 328 1347 193 1348 1349 941 1350 994 1351 1352 1016 1353 1283 410 1354 832 958 995 1355 1356 1357 156 1073 1358 1359 416 1020 1360 969 1361 1362 1363 1082 1364
107 1062 1132 1365 1366 1367 1368 412 156 1369 963 1159 1370 1371 1372 1373 1039 1163 1374
108 1375 1376 1377 1378 1132 1351 1379 1380 1381 1064 1137 1382 949 1383 849 807 1384 806 1033 156 1040 1385 1144 1386 1011 1043 1085 1387 1388
109 1389 1352 156 218 1390 1391
110 1392 1393 1394 1320 1321 1395 156 1396 1397 1398 1164 222 1399 1112 1292 1400 1225
111 692 1295 156 1213 418 1077 1401 1402 1403
112 193 1404 1029 1156 1405 1406 1030 732 936 1064 999 1407 720 1069 156 1408 1357 1409 1410 1411 1412 1413 1214 1385 422 1010 975 836 1082 840 1079 164 161 167 1184 1414 460 1176 1415 1416 1178 1417
113 1418 1419 1420 1421 1253 1272 1422 1423 257 1130 1424 1425 1426 1427 1135 1428 1429 998 1326 1430 1354 1328 832 154 156 1431 1432 1433 1434 1331 1435 812 1023 1374 1436 1437 818 843 1084 1364 1438 989 1147 1439 1440
114 1441 853 1442 1443 156 832 157 855 24 158 1161 1444 1445 762
115 1237 1242 156 832 977 1219
116 1446 1447 1448 1449 1450 1451 911 1452 1453 1454 1278 996 1455 935 1032 938 828 156 1456 1105 1037 1457 965 1458 1459 1056 275 79 1460 1461 1078 1462 314 984 1463 1201 1226 989 990 1464 1465 1466 1467
117 1275 1468 1469 1470 1383 832 156 1471 1472 1473 1474
118 1475 1379 1241 1476 832 156 157 856 154 1143 159 166
119 1028 1477 1478 1479 193 1273 1270 395 1480 1097 1100 1481 1482 1483 1484 848 1485 938 829 156 1486 1487 1245 1488 969 1489 1111 1490 1166 1491 838 1492 1402 1317 232
120 1493 1494 1495 1496 1129 1353 1352 828 1497 156 159 1010 1082 1403
121 1334 1273 1348 1271 1498 1485 1382 1499 156 1500 168
122 1405 1278 938 1501 1502 156 480 1037 832
123 192 193 196 551 1503 1504 1505 1506 1507 1508 1509 1241 1510 156 1511 601 1332 836 1171 980 1234 1512 1513 843
124 1514 1515 1156 1516 1517 1304 198 1518 684 1519 832 1073 156 1520 1370 966 812 1386 1145
125 1130 1521 156 834 833 1233 1142 159 841 166 165 1522 161 1171 836 1165 837 1079 1169 839 167 840 162 1152 160 225 152 842 1083 168 164 1077 814 846
126 1523 408 200 198 1524 1525 1521 209 998 1064 1053 1256 1476 1526 156 1072 1000 1367 1103 1527 856 1520 1017 1528 812 1173 814 1323 1121 1445 1529
127 26 1530 1531 1516 1337 1532 1521 1501 1533 156 985
128 1481 938 156 964 382 1259 816
129 1534 1340 1028 1268 1535 1269 1536 1537 1538 1539 1540 1541 821 1270 1542 1543 1544 1545 1158 1274 395 1117 1546 1547 911 822 1450 1548 1549 1097 937 1353 1550 1551 1382 1067 1552 1553 950 1497 156 1554 1555 1329 1556 158 1557 967 219 1233 1039 1142 1373 1197 3 1558 223 1433 382 159 1559 1161 1361 970 1172 161 1152 1259 1560 1169 1561 1562 1171 1112 837 836 1184 841 1563 1313 164 1165 1173 840 1167 160 167 1079 839 162 166 165 842 1437 814 1403 1084 819 1317 1058 1400 1227 1564
130 1028 1565 1566 1567 395 1548 1568 1569 910 1570 1132 994 363 1571 1133 936 937 939 1408 1065 1572 1573 337 1326 1070 1283 685 156 1574 1575 1576 1577 1578 956 1579 1580 1581 1582 1583 1584 1585 964 1586 966 415 1152 969 1287 1312 1079 167 836 163 840 161 974 977 838 1587 1588 1589 296 1590 1591 1592 1227 1564 1593 1182 1229
131 1594 1365 1595 1339 1596 1103 154 156 856 1292 1597
132 1598 176 1599 193 1600 1601 941 1602 156 1603 836 1259 837 970 165 167 841 1165 166 816 1258 811 1563 1562 1170 160 164 839 1079 161 162 1604 1605
133 1606 1607 1608 1421 1050 1525 1280 1609 1132 1610 1611 1612 1613 1614 1526 1615 1552 1616 856 156 962 1488 1617 223 1402 1059
134 1618 1619 1405 1098 1518 200 1101 928 1381 1295 127 128 1064 1620 1621 1615 1382 1573 1622 1069 954 1623 1624 1625 958 953 959 156 1626 1555 1627 1628 964 1629 1458 415 275 1313 163 1617 1217 437 1630 975 165 840 837 167 1083 1165 1631 1164 841 160 970 161 1079 1171 836 1491 1172 1152 164 166 162 1173 1169 981 1632 1633 814 1592 231 1317 985 1293 991 232 1634 1635 1636
135 1637 1638 1639 96 1640 1641 348 1265 1030 1642 201 526 994 1643 620 915 937 1429 1065 1644 945 1271 828 1645 1646 1647 1553 1648 969 657 1328 958 1649 156 1626 1650 1651 1652 1413 1212 1653 968 1385 265 1654 1655 1217 1044 1109 1078 1061 1171 1055 1164 840 1167 161 837 836 167 839 1079 970 1313 228 818 1604 1463 1656 1657 1293 1658 1059
136 196 803 992 1452 1295 932 828 156 684 1018 1659 1069 1073 1413 1660 1359 811 1661 1010 1662 231
137 1663 1664 1665 512 1096 1095 1094 1666 1667 1668 867 1669 890 1670 1671 1672 1673 1674 1675 423 1405 1676 1306 1677 822 1135 1429 1621 942 945 1394 1366 1678 1354 562 855 1679 849 156 1065 856 1680 1681 1682 1159 218 1371 1458 1322 1683 1488 1684 1685 838 1686 1317 987 990 1687
138 822 363 1265 1098 1306 1320 1688 1408 1553 829 156 480 1579 1689 963 962 1159 219 966 756 415 265 502 3 1690 1691 382 974 838 1165 837 1169 164 160 223 1152 841 836 161 167 162 163 1692 840 1171 1173 1391 1445 1077 1083 1260 983 986 1177 987 1224 1227
139 82 1693 1694 865 1506 722 1695 485 1696 206 1425 520 1697 156 1698 1699 1283 1700 1159 1701 1702 250 1020 1143 1077 1703 974 1152 1164 1161 166 1401 81 1704 265 1148 1300 428 1333
140 541 1705 1130 1451 1518 553 1132 1570 1548 1450 1052 1380 720 1706 1519 1066 1070 1707 613 1678 156 1328 1352 747 1054 1708 1457 1159 1709 965 1160 1214 265 415 502 1144 250 974 1710 838 1711 777 814 1174 1712 983 986 1713 987 1224 1714 991
141 613 156 809 1285 415 836 1165 163 1313 166 840 1563 167 160 837 161 164 814 1292
142 992 1570 1032 410 1338 1615 805 1068 1715 1716 156 832 1036 329 1681 1371 1160 416 1717 841 1617 1312 1163 782
143 1718 1351 1719 1053 156 1709 985
144 1720 1721 1722 1028 1523 1723 1049 1724 1725 826 947 1726 156 1727 1728 1729 1259 1152 1434 1730 1592 1224 1293
145 338 1051 156 1622 562
146 941 912 1131 995 156 1614 1227
147 1731 1015 156 856 157 158 1142 809 1141 1143 1023 159 382 1079 836 162 1314 167 166 841 839 1164 1084 1292
148 1732 1733 1734 1735 1718 1452 1611 1324 1736 1737 1032 938 209 1719 1738 947 1509 1526 1739 601 950 1740 1741 1369 1742 1743 1285 218 1434 756 1654 969 1744 1745 1218 1746 1026 1747 1748 1749 1114 1364 1463 1750 1147 1439
149 1732 1751 1446 1244 1752 1753
150 1732 1754 1755 1756 1757 1758 1759
151 1760 1761 1762 1763 1764 1765 1766 531 1767 1768 1769 1770 1771 1732 176 1772 189 933 1773
152 1732 1774 883 1775 894 899 343 254 1776
153 1777 1778 1779 1780 1781 1529 1782 144
154 1783 1784 1785 1786 1778 1787 1788 1789 1790 1791 1792 1793 1339 1659
155 1794 1795 1796 1778 1797 1798 1799 1800 1801 1802 1803 1804 1805 217 1806 1807 1808 1809 1810 1811 992 1812 1813 1814 1815 1816 1817 1818 1819 1820 1821 1822 1823 737 1824 1825 1826 1827 1828 1829 1830 1831 1832 1833 1834 1835 1836 1837 831 208 1838 1839 1840 1790 1841 1842 1792 1843 1844 1845 1752 1846 1847 1046 1848 1849 1850 1851 1852 1853 1854 1855 1856 1857 1858 1859 1860 1861 1862
156 1778 1863 1864 1856 1855
157 1818 1865 1866 1778 1867 1868 1869
158 1778 1790 1870 1871 1872 1873
159 1853 1874 1875 1864 1876 1877 1790 1878 1865 1805 1802 1828 1778 1804
160 1813 1778 1804 1879 1880 1881 1610 1882 1883 1884 1790 1885 1850 1825 1807 1886
161 1778 1887 1888 51 1889
162 1887 1792 1874 1890 1823 1778 1831 1891 1892 1893 1894
163 1778 1818 1895 1896 1843 1897 1898 1899
164 1778 1900 1901 556 1902
165 1903 1904 48 1905 1906 1907 1908 1909 1910 1911
166 1903 1912 1526 51 1859 1913 1823 1914 1915
167 1903 1751 1916 1890 1917
168 1003 1789 1839 1918 1919 1920 1862 1921 1814 1922 1923 1798 1863 1924 1925 1926 1927 1928 1929 1930 1820 1931 1822 1932 1806 1933 1934 1935 1888 1936 1903 1937 1807 1938 1939 1940 1333
169 1941 1903 1910 1861 1929 1886 1942 1943 1856 1944 1855 1945 1889 1912 1946 1891 1882 1947 1948 1949 808 1918 1950 1951 1952
170 1953 1954 1955 1903 1910 1907
171 865 1956 1957 1958 1903 1959 1960 1912 1943 1907 1891 1945 1886 1820 1926 1932 1961 1874 1962 1918
172 1963 1964 1903 1918 1965
173 1903 1910 1966 1967 1968 1802 1828 1969
174 1828 1903 1970 1971 1927 1972
175 1903 1973 1942 1907 1880
176 1903 1974 1975 1976 1977
177 1903 1978 1979 1980 257 1910 1843
178 1818 1981 1804 1982 1983 1903
179 1910 1903 1984 1907 1864
180 1985 1903 1986 1987 1845 1852 1879 1864 1854 1988 1891 1892 1840
181 1989 1751 1828 1792 1990 1818 1806 1991 1885 1943 1992 1903 1993 1811 1836 1928 1994
182 1995 1996 1828 1997 1903 1878 1988 1998 1807
183 1907 1959 1839 1999 2000 1989
184 1912 1889 1907 1807 2001 1357 2002 2003 2004 2005 1738 1707 2006
185 1907 1969 997 2007 2008 2009 1880 2010 2011 2012 2013 1912 54 2014 2015 1833 1905 2016 1804 2017 2018 1480 1791 1874 1751 1814 262 1886
186 1907 1912 1805 1889 1993
187 26 2019 2020 1851 1857 1907 2021 1959 1927 2022
188 1907 1943 1944 1986 1882 1789 2023 1819 1971 1890 2024 1886 1989 2025 2026 1864
189 1792 2027 1950 1933 1991 1910 1333 1856 1912 1806 2028 1890 1891 1790 1864 1994 1947 1882 2029 1932
190 2030 2031 2032 1910 1839
191 2033 1910 2034 1828 2035
192 1802 1910 1957 2036 2037
193 1910 2038 2039 2040 2041
194 1910 1944 2042 1950 1941 1923
195 1546 2043 1910 2044 2045 2046 2047
196 2048 1910 2027 1839 2049 2050 1333 2051 2052 1824
197 1818 2053 2054 1910 1263
198 2055 2056 2057 1378 1157 1304 1498 1568 2058 1802 1910 1807 1572 1851 1033 1586 967 1359 2059 2060 1167 1312 818 1747 1121 1145 2061 1712 2062
199 1963 1919 1895 1942 2063 2064 2065 2004 2066 2067 1984 1993 2068 2069 2070 2071 2072 2073 1863 1910 1859 2074 2075 1927 1931 1994 2076 2077 2078 2079 2080 497 2081 1357 2082 2083 2084 2085 2086 2087 2088 2089 2090 2091 2092 93
200 1807 2093 51 1610 1804 1910 1884 1825 2094 1994
201 1910 2095 2096 1856 1934 2097 2098 1855 1886 2099 1928 1828
202 1807 2100 2101 51 1915
203 1781 1807 2102 1818 1190 1865
204 1993 2103 2016 2104 2105 1857 2106 1859 2107 1807 2049 1824 1951 1185
205 2108 1859 1914 1807 2109 1929 2110 2111 1915
206 2112 1880 1882 2113 1807
207 1809 2114 1818 2023 1879 2115 1891 2116 1898 2117 2118 1956 2119 2120 2121 2122 2123 1815 2105 1852 1886 2124 2125 1962 1825 1807 2126 1858 2109 1947 1791 1820 2127 2094 2128 2129 1920 2130
208 1807 2131 1874 1788 2013 1880 2132 2133 1800 2134 1886 1914
209 1807 2135 2124 1824 2136 2125
210 1807 1851 2137 51 2138 1944 2139 1820 2029
211 1807 1800 1944 1839 1792 2140 148
212 1807 1993 1929 1944 1950 1948 1850 1856 1816 1933 1882 1941 2095 2083 2141
213 146 51 2142 2143 2144 2145 1807 1935 2026 2000 2097 1934 2146 2147 2148 149 2149
214 2126 2150 1791 2151 1914 2129 1886 1824 1858 2152 1807 1951 2153
215 1836 2154 1817 1859 2155 1610 1784 2156 1807 1855 1856 1945 1884 1839 1889 2157 1891 1878 2050 1892 1893 1850 1816 2158 1805 1912 2098
216 2159 2160 1890 2161 2162 1840 2133 2163 1807 1860 1858 842
217 1827 1930 1950 1918 1924 51 1856 2164 1991 1839 1807 1861
218 1807 2165 147 2166 2167 51 148
219 327 2168 1807 1826 2169 1992
220 1807 1851 2170 1856 1943 1859 1882 1821 1990
221 1807 2171 1856 1882 2172 1859 2120 449 2173 2174 799 1802 2095 2175 2140 1828 2176
222 1811 1802 1843 2157 1859 1914 2095 2096 2177 1807 1818 1933 2178 1951
223 1807 1856 1791 1805 1899 2179
224 1814 2078 1809 1850 1822 2180 1807 2181 2102 1886
225 1816 1807 2182 2183 2109 1974 2184 2185
226 1807 1929 2186 2187 2188 2189 2054 2190
227 1832 1885 2126 1807 1835 2094 1850 2191 2192 1886 1884
228 1790 2193 1792 1831 1891 2013 1842 2029 1807 1992 2157 1820 1886
229 1807 1800 2194 1859 1914
230 1956 1912 1818 1865 2117 1957 2195 279 808 2196 1928 1807 1804 1828 1883 1962 1610 2109 51
231 2197 1028 2198 2018 1905 1494 1050 2199 1351 994 995 2161 1807 2200 1003 2192 1208 1207 2201 2202 1369 958 1708 945 2203 1151 811 812 2204 1364 1465 1333 2062
232 1911 1851 2205 2206 796 2207
233 1851 2208 2209 2210 2211 2212 261 2034
234 1969 1828 1851 1751 1960 1864 2191
235 2109 1948 1990 2213 1912 1816
236 2214 2109 2215 51 980 2216 2217 2218
237 2109 1818 1859 1862 1814 1912 1954 2219 51 146 147
238 1891 1792 1957 698 2220 2109 21 2221 2222 2223 1482 2224
239 2156 1892 1893 1931 2109
240 2225 2226 2227 1625 2228 2229 756 2230 719 2231 2232 1508 2233 2234 248 2235 2236
241 2237 2238 401 2239 2240 2241 2242 2243 2227
242 2244 2245 2227 2246 2247 2248 2249
243 169 2250 2251 2252 2227 2253
244 2254 587 1095 470 2255 105 2256 1729 102 2257 1740 2258 2259 2260 588 2261 2262 2263 2264 2265 2266 176 2267 14 2227 175 2268
245 2269 171 2270 2271 1102
246 1102 2272 2273 2274 2275
247 2276 2277 952 2278 2279 2280 2281 446 2282 2283 2284 2285 2286 1102 2271
248 2287 2288 1102 2289 2290 2135 2102 2291 2292 2293
249 2294 1102 1354 2295 2296 2297 1350 2298 2299 321 2300 2301 1506 632 1752 2302 2303 1479 2304 1504 2305 2306 2307 2308
250 2309 2310 2311 2312 2313 1507 2314 2315 1354 2316 2317 2318 74 2319 2320 2321 1273 2322 2323 531 2324 2325 2326 2327 2328 2329 1266 1840 901 1158 2330 1102 1499 2331 2332 2333 2334 2335 2336 475 2337 1418 1905 2338 2339 183 2340 1276 941 2341 2342 2343 2344 2345 1452 992 2346 2347 2348 2349 2350 2351 2352 2353 2354 2355 2356 632 2357 2358 2359 169 1469 2360 2361 2362 2363 2364 995 2365 2366 2367 2368 1256 2369 1339 938 2370 2371 1659 830 2372 2373 570 2374 2375 834 833 2376 275 1233 1142 1259 2377 1012 1260 842 152 2378 2379 1114 814 843 846 2380 1440
251 1102 2381 2382 2383 2384
252 1102 2385 2386 2387 2074
253 2388 2389 2390 1102 2384
254 1102 2391 193 2392 1270 1532 1002 2393 937 2394
255 1102 1818 257 1305 2395
256 885 485 82 2396 1665 316 2397 2398 608 2399 2400 2401 2173 2402 2169 2403 2404 2405 2406 2407
257 887 2408 2396 2409 2410 2411 2412 2413
258 2396 1953 2414 2415 812
259 2416 2417 2418 2419 2420 2421 2422 1837 2423 2424 2396 2425 2426 1954 1953 1418 2167 2427 2331 2428 1334 2429 2430 2431 2432 2063 378 2433 2434 2435 2436 2437 2438 2439 2440
260 2441 2225 2396 39 2442 2443 2444
261 1954 2445 2446 2447 2448 2449 2396 1953
262 2396 2312 483 2450 2451 2452 2453 2454 2455 627 2456 2457 2458 262 2459 2460 2444
263 2461 2462 2463 2464 2396 1953 2081 2465 2466 2467 2292 2468 2469 2338 279
264 1953 2470 2471 2292 2472 2473 2396
265 2396 257 2474 2475 678
266 2476 2477 2478 2479 2480
267 2481 2482 173 2319 74 2483 2484 2485 1028 2480 2486 1266 326 506 1505 2393 2203 2487 2488 2489 2270 2490 2491 1007 1810 2492 2493 2494 1146
268 2495 2480 2496 2497 2498
269 2480 16 2416 2499 2500 2501
270 2502 2480 2503 2504 627 2505
271 2506 2507 670 2480 1677
272 2480 2508 2509 1997 2510 2511 2512
273 2480 541 2513 309 2101 2514 1081 102 2515 2516 2517
274 2480 318 2518 2519 357 2520 1334 1286
275 2021 512 2521 2522 2523 2524 2525 743 2198 2526 2527 1271 2528 2529 1523 2530 48 2531 1274 2532 2533 467 2534 1272 2535 1449 1676 692 2536 1280 1481 1524 2537 2538 1724 2539 2540 2541 2480 2542 1278 935 848 2543 1354 956 646 2544 2545 2546 1072 2547 747 2548 2549 1159 1260 1433 1312 159 2550 2551 1221 2552 2553 1364 1415 1605 985 269 2554 2555 1224 991 1766
276 2556 978 2480 2557 2558 2559 2560 2561 2562 318
277 2480 2563 2564 2565 2566 2567 2568 2569 2570 2571
278 2480 2159 211 2572 2573 2574 698 257 275
279 2575 2576 2577 2578 465 2579 2580 2480
280 2581 2582 2583 2584 2480 1995 831 2585
281 2480 1378 2586 2587 1033 2588 85 2589 2590 2591 2592
282 2480 78 2593 2594 2595 2596 1741
283 2597 2095 2480 2598 1806
284 2599 1904 2600 2601 2602 2480 2603 2604
285 2480 877 2605 2606 2607 2608 766 2609
286 2610 2611 2612 2480 2613 2614
287 2520 923 1028 2615 2318 899 2616 2617 2618 2619 2620 2621 2622 2623 2624 2519 2625 900 1734 2626 2627 862 2628 2629 2630 2631 2632 2633 2634 2635 2356 2636 2637 2638 2639 894 2640 2641 2642 2643 2644 882 2645 1270 1273 2646 2647 2648 244 2649 530 2650 2651 2652 2653 2654 2655 2656 2480 1718 910 1047 2657 1483 1129 1049 2562 1336 801 2658 2659 2660 2661 2662 2663 2664 1469 1136 2665 946 945 1622 1208 601 2666 2667 1834 2668 833 2669 2670 2552 1288 1259 162 161 160 2671 165 168 2672 2673 152 361 2674
288 2675 2676 2677 2678 2679 2680 2681 2682 2683 2684 2480 2685 2686 2687 2688 2689 2690 2595 2691 1972 2692 2693 2110 2694 2695 2303 2696
289 1904 1808 2697 2698 2480 2699
290 2480 2518 2700 2701 328 2702
291 2703 2704 2705 2706 2707 2708 45 2709 2710 2711 2712 880 433 2713 171 2714 2480 1334 193 2715 992 1481 2658 994 1133 1002 1007 1299 2673
292 2716 2717 2718 2480 2719
293 2480 2720 2721 2055 2722 2723 2724 1320 2725 1367 1002 1354 2203 1210 2726 1554 1652 1006 275 2727 1007 1747 2728 1331 1221 1360 1025 1332 1043 2729 1745 2730 2204 1114 2731
294 2732 2733 196 2734 2735 2239 334 2736 51
295 308 602 613 2737 2735 208
296 2738 2739 2581 2740 1904 867 357 2741 2742 2743 2735
297 2744 2735 51 1203 149
298 2318 2745 2746 2747 2359 2748 2749 2750 2751 2752 423 2753 2754 2755 2260 2756 2259 2757 2758 1760 1344 2759 2760 2335 1834 1546 2761 2681 2762 1447 2763 2764 2765 2766 2767 2768 2769 2770 2338 2771 2368 2772 2773 2774 2775 2776 2777 2778 2779 2780 2781 2782 2252 2783 2784 2785 2786 2787 2788 2789 2790 2791 2792 2793 2794 2795 2735 2796 2797 2798 2799 2800 2801 2802 336 2803 2804 2403 2424 2211 1103 2805 2806 2807 2808 654 2809 2810 2811 2812 2813 2420 2814 2815 1972 430 2816 2817 2818 2819 2303 2820 2821 2822 2823 70 839 361 2824 2825 2712 2826 2827 2828 2829 2830 2831
299 2832 539 143 2833 50 2834 354 1407 696 2441 74 462 1094 812 2835 2836 2837 2838 2839 2840 2841 2842 2843 658 2844 2845
300 2846 531 113 2847 2848 2849 2582 2850 2851 2852 2853 2854 1302 601 2855 2593 2838 2856 1276 2857 552 1031 1014 1425 2858 1427 2859 930 1382 209 1016 928 2860 1067 1367 1623 1551 1394 1413 1554 2548 1553 1286 1373 275 219 2861 1390 2671 424 1605 2494 1300
301 106 531 2862 2221 2838 2863 2864 2865
302 2866 2838 2867 2240 2868 2869 2870 2871 2872 2873 2874 883 2399
303 2838 2839 2875 2834 2876 2877
304 2838 719 811 966 1077 1784 362
305 2878 1853 1818 1814 2879 1874 1788 1840 1784 2880 2881 2882 2883 2884 170
306 2885 1840 2886 2887 2888 1818 2889 1806 2890 2891 2892
307 1197 1818 2893 2569 2894
308 1788 1931 1818 1912 1864 1891 1852 1792 2095 2014
309 1818 2895 2167 1953 2896 1986 1933 2113
310 2897 2898 1973 1831 1874 2899 1790 2900 2901 2902 1818 1248 1028 2903 2904 1695 196 1718 198 1030 1449 2905 1454 1129 1380 1295 1064 938 1688 1470 1137 828 806 2906 2907 1354 1679 950 1072 856 1572 1033 996 1003 793 1487 1385 1459 221 1655 1259 2908 1024 2909 1058 1201 1465
311 608 1818 2181 2910 1828
312 1818 2911 2912 2913 937
313 1818 1809 1792 1912 1951
314 1818 1751 1989 1944 2181 2914 1878 1870 1833 1912 1853 2108 1805 1804 1806
315 1818 1814 1954 1908 143
316 1818 2124 2915 1790 1802 2916
317 1818 2917 2193 1791 1891 1912 1812 2179 2918 1825
318 1818 2919 1831 1865 2428 257
319 2920 2921 352 1599 2922 2923 2924 2925 2647 2926 1545 48 1340 2927 2928 2858 1725 1406 1236 2897 994 1279 2929 2930 1381 1521 937 1352 2303 2931 1394 1909 849 1353 1678 1552 2932 1729 2933 1018 1497 1370 755 2214 1162 1399 2934 842 814 1403 1085 1086 1818 2140 2051 987 2935 1178 1318 1333 1467 2936
320 1818 1898 2937 2938 2939 2940
321 2919 2941 1060 1964 2942 2943 1776 1818 40 2944 2945 30 1913 236 1912
322 1818 1784 1837 1792 1959
323 2946 1887 1831 2947 1968 1028 1804 1818 1840 1870 1988 1853 1399 2948 1888 2108 1424 1792 1805 1958 2161 1384 2949 1003 2117 1956 221 1200
324 923 169 2420 2950 2897 2470 2295 2951 2952 900 2953 1818 2954 2732 2955 2956 2957
325 1811 2095 1818 1883 1804 1856
326 417 524 1818 1887 2958
327 22 2959 2960 1818 2961 522 93
328 1818 1865 2962 2963 2964 2965 2966 2967
329 2968 2969 318 2970 2667 1818 196 2971
330 1818 2114 808 1784 1858
331 1818 402 185 2461 2972 1961
332 658 1818 877 2256 2973 2974 128 127
333 1818 2975 2070 1800 1828 1843 2106 1932
334 51 146 147 148 1818 1790 2976
335 2878 1983 2947 2879 1818 1853
336 1818 2181 2977 1831 2095 2049
337 1818 1850 1806 2978 2177 1843 1859
338 2167 2979 1818 2980 1803
339 2423 1818 2981 2982 1852 2193 1788 1841 1817 1825 2983
340 2984 1818 1727 1447 2457 2985
341 2601 2420 2421 2520 2986 1340 1818 1727 2987 1844 1514 2988 2989 2990 2028 2991 2992 1882 1998 2993 1512
342 2994 1792 1818 1870 1802 1790 2014 1828 1973 1857 2995 2996 2997 1805 1958 1822 1944 1804 2124 1811 2998 1751 2999 3000 3001 3002 2051 3003 2111 1800 2110 2139 1619 2487 2122 1927 1939 3004 3005 3006 3007 3008 3009 3010 2211 2811 2782 3011 3012 1831 3013 2767 2810 1824 3014 2102 2029
343 1818 1912 2005 1949 1870 1830 1886
344 1828 1818 2153 1874 1960 1859 1833 3015 3016 1841
345 2140 1874 3017 2416 3018 3019 3020 361 3021 2261 257 3022 3023 1818 2213
346 2292 3024 342 1818 3025 1268 3026 27 1792 3027
347 3028 3029 3030 1818 3031 3032 3008 661
348 3033 1802 3034 595 748 1818 3035 741 3036 1806 339 3037 3038 3039 2614 3040 3041 622 1011 1765 3042 3043 1902 522 1991 3044 3045
349 2680 1804 1818 1865 3046
350 51 3047 1792 1828 3048 1818
351 3049 3050 3051 3052 248 1818
352 2127 1918 2158 3053 1883 2916 2967 1937 2130 1818 1610 1894
353 3054 1842 1960 2157 2132 1818 1828
354 1818 3055 3056 3057 1905 1843
355 3058 1936 2050 3059 2147 1934 2097 2000 1999 3060 1935 2148 2099 3061 2026 3062 1862 2017 2963 1947 1899 1013 3063 1825 2191 3064 2119 1820 1951 3065 1831 2095 3066 3067 1818 1865 3068 1917 3069 3070 1916 3071 1824 1886 3072 1823 1853 2114 3015 2131 3073 1852 1805 2096 3074 1887 1828 2956 2957 1610 1860 3075 3076 3077 1941 1923
356 3078 3079 1307 2426 1818 843
357 2957 2956 3080 1912 2467 3081 3082 1818 1990 1859 1915 1962 2127
358 3083 36 3084 1818 1788
359 2267 3085 2733 3086 912 3087 3088 3089 3090 1071 3091 3092 3093 1818 3094 1806 1899
360 3095 1818 3096 1071 589
361 2428 3097 1340 1856 3098 1828 1333 3099 1797 1806 3075 2124 3100 1823 1899 1821 1784 1818
362 1818 1944 2157 1859 2095
363 1818 1479 3101 2056 3102 2754
364 1818 3103 3104 2701 3105 3106 3017 3107 3108 1988 3109 3110 3111 1128
365 1751 1816 3068 1818 1800 1802 1865 1828 2095 1886
366 3112 3113 1818 3114 2733 3115
367 3116 3117 3118 3119 3120 3121 100 3122 1818 3123 3124 1800 2975 3125 3126 3127 3128 3129 3130 2870 3131 3132 3133 296 3134 3135 3136 3137 3138 3139 3140
368 1475 1818 3141 1003 1025 980 1333
369 2518 1853 1818 1802 1404 2114 1986 995 997 1003 2192 2949 1512
370 1818 3142 3143 2781 3144 3145 2792
371 1818 2195 3146 2395 2117 1790
372 3147 3148 3149 3150 3151 3152 3153 3154 1818 3155 3156
373 1818 1751 1806 1800 1843
374 3157 3017 3158 3159 1818 3106 3160 3161 3162
375 1818 3065 1784 1124 1481 1030 920 1381 938 1002 1367 418 1617 656 3163 1084
376 1818 2957 1831 2132 1794
377 3164 2095 3165 3166 1818
378 1818 1853 1784 1788 2919 1806 1878
379 1818 3167 257 1828 1105
380 1818 2114 1806 2107 1859 1914
381 1389 1230 3168 1371 3169 3170 1818 3171 3172 3173 1784 3174
382 812 1818 316 3175 3176 3177 497
383 1818 1840 2195 2990 1853 1912
384 2878 1340 3178 2919 1818
385 1818 3179 3180 2973 3181 2086
386 2095 1932 1818 1874 2141
387 3182 1865 3183 3184 2177 1818 1937
388 1266 3185 2634 3186 3187 3188 1818 2780
389 1818 1953 3189 3190 3191
390 30 346 3192 722 1576 512 354 3193 450 3026 868 3194 3195 3196 191 417 3197 494 3198 142 1123 552 3199 80 3200 3201 869 1669 446 308 874 3202 688 541 3203 3204 3205 3206 3207 81 696 82 3208 3209 3210 3211 1585 3083 3212 1818 3213 685 3214 3215 3216 3217 624 255 3218 3219 3220 3221 3222 1865 3223 115 3224 3225 3226 3227 3228 65 3229 3230 3231
391 2963 1818 3232 3071 1784 3233 1843 1856 2138
392 1803 51 146 3234 1818
393 1818 2919 1399 1844 1971 1943 1933 1930 2014
394 1787 1865 1828 1818 1853 1805
395 1818 3235 2574 2877 1969
396 3236 3017 2955 257 3237 1818 3107 3238 3239
397 1818 1948 1865 1828 1917 1816
398 3240 1818 1927 1950 1929
399 2742 3241 3242 3243 3244 1818 3245 1654 1784 3246
400 3247 3248 3249 2183 2492 3250 1890 3251 3252 3253 3064 3254 1818 1943 3068 3066 1750 3255 1264 1116
401 1818 1828 3068 1994 2124
402 1818 1788 1865 2963 1957 1823 2117 1928 3256 1792 1162 1884
403 3257 3175 3258 3259 632 3260 2402 441 1818 2641 2309 3261 3262 1877 627 2999 3263 1961
404 1818 2028 2139 1792 1912 1964 2179 1947 2140
405 1818 51 833 834 980
406 3264 3241 1818 3265 2746 1358
407 3108 821 1954 1418 3266 1818 1865 1602 51 1816 3267 3268
408 2356 3269 1818 3270 3271 3272 3273
409 2103 1918 257 1818 1950 1864 1828 1798 2500 1862
410 1818 1751 1828 51 146 3274 1933
411 3275 1818 2163 2658 3276 3277
412 3278 3279 3280 3281 1818 1865 2963
413 2139 3282 1816 3283 1818 1802 51
414 1818 2140 3017 823 1988 1255 3284 918 3285 3194 3286 3287 3288 3289 3290 3291 3292 3293 3294 2194 1236 2161 1003 1064 995 946 942 941 1320 1000 949 601 1645 2907 963 965 968 3295 1912 1870 2918 3296 2157 2098 502 1399 2124 2136 1889 1184 2204 1512 3297 988 1086 2104 985 1146
415 3298 3299 3300 3301 3302 3303 453 3304 3305 3306 3307 2140 2303 3308 98 3309 1818 2644 2219 3310 3311 3312 3313 3314 2434 3315 2457 3316 132 202 3317 3318 3319
416 1818 2778 3320 2046 3321
417 1831 1818 1853 1874 3065
418 2003 2424 3322 3323 1818
419 1857 1839 1850 3324 1818
420 48 467 1818 1865 2118 3325
421 1818 1418 74 3326 3327 1840
422 1818 1839 3059 3328 1806 3102
423 1818 1865 1830 1957 2983
424 3329 1818 1865 1802 1816 2139 1914
425 1818 2957 3330 1951 2966 1802 246
426 3331 1818 1790 1859 1856 1914 2083 2919 1915
427 524 3332 361 1818 2095
428 1953 1870 1818 1814 1988 1418 2919 2116 2114 3333 1842 2133 2904 3081 3015
429 1887 1340 1818 1788 1968
430 3334 1828 1818 2980 3335 1886 1856
431 1334 1929 1818 3336 2365 1256 1659 1784 1810 1020 3337 843 3338 1333 3339
432 1788 1804 1792 1818 1912 1990 2193 3340 1806 1958 1820
433 3082 1818 2988 3341 256 3342 3343 3344 2140 318 3345 1451 3346 2755 440 2086 3347 3348 3349 88 2087 3350 34 2243 3351 3352 3353 873 3354
434 1818 1865 1784 1792 1842 3355 3356
435 1818 3357 1784 257 3358 2677 3359 3360 3330 430
436 2448 1818 1794 1787 1784
437 2124 3361 3362 3363 2919 257 1808 3364 3365 3366 3109 3017 320 3111 3367 1818 2884 3095 3368 1840 1781 3185 2159 3369 3370
438 3267 3371 3372 1818 3373 3374 3375
439 3376 1818 1865 3377 3378 2303
440 1818 1790 1805 1792 1853
441 1876 1818 2981 2947 2748 3379
442 1818 1912 2957 2967 1887 3380 2157 3381 1828 1816 3382
443 1993 1890 1818 3383 3384 2087 2095
444 3385 3386 1818 627 2243 706 1591 3387
445 1818 1853 3388 1865 1964 2963 1815 3389 3016 1813 2372
446 1818 2955 3390 2303 3391
447 1818 2201 26 111 3392 3393 1909
448 2167 3394 2027 2103 1806 1856 1855 1859 1879 2918 2125 1818 2155 3081 1889 1804 1825 2136 3395 3051 3396 1884
449 1818 1792 1874 2095 1885 2126 1828 2098 1933 1886 3397
450 1837 1859 2103 1818 1886 1816 1843 1914 1927
451 2118 1818 1853 1865 1898 51 3398
452 1856 1818 3399 2095 2096 3396
453 1814 1864 2178 2177 1927 1938
454 1814 2159 1792 1276 1794 93 262 2214
455 1814 1809 1784 1988 2132 2108
456 3066 1418 1870 1814 3400 2093 1505 1389 1319 2161 995 1208 3401 813 1082 1085
457 1814 1929 1783 1800 2042 2104 1944 2116 1905 1856 1790 1912 1820 1850
458 1375 196 918 1452 2202 1006 2910 2204 3402 2098 2167 1085 1828 1814 1333 2062
459 1814 1811 1993 1929 1981 1805 3403 1828 1890 2178 1971 2195 808
460 1814 1924 1958 2042 1956 1962 1950 2164
461 1814 2884 3017 1800 2102 1856 2192 1874 1789 1810 1850
462 1814 1340 3404 3405 1621 1139 3406 1685 1008
463 2157 1788 1814 1790 1852 1883 1804 1931
464 51 146 1985 3407 2108 1805 1890 1814 2990 3408
465 1944 2181 1840 1806 1828 1128 631 2487 1859 2095 2825 1814 2886 3409 3256 1962
466 1947 3410 2154 1814 2178
467 1814 3411 2154 1785 1826 1947 1870 1786 2980 1949 2112 1815 3412 1820 3071 2131 3413 1824 1789
468 1751 3073 1814 1784 3066 1340 2895 2028 3414 2001 2597 1981
469 1814 3063 2178 2895 1971
470 51 146 1814 808 2117 2980 1957 2195 1816 149 1790 2116 1828 1890 2916
471 3415 1469 1597 3416 152 3417 2674 3418 1440
472 3417 2205 3419 2749 2892 3420 2316
473 3421 1418 3422 3423 3424 3425 3426 3427 1953 2955 3428 3429 331 3430 1954 3431 3432 456 3433 3434 3435 3436 3437 3438 3439 3440 3441 3442 2829 2702 2283 1601 3443 3444 118 3445 3446 2089 3385 3447 2687 1047 3448 3449 3450 3451 3452 3453 175 3454 3455 522 3456 15 2533 3457 3458 3459 636 112 3460 3461 3462 3463 3464 2325 3465 1900 3466 3091 3467 2768 3468 3469 3470 627 3471 2945 3472 3473 3474 3475 3476 2445 3477 1346 3478 3479 3480 1649 3481 3482 3483 3217 2538 1974 3484 3485 2070 3486 3487 3269 3488 3489 2069 1848 3490 3491 2316 2309 3227 3492 3187 3417 1977 3493 3070 1917 3410 3068 2420 880 3494 2301 3495 2068 2144 3496 3497 3498 3499 3500 3501 3502 3503 3504 3505 3506 3507 3508 914 3509 3510 3511 3512 369 3513 3514 3515 3516 3517 3518 3519 3520 3521 3522 3523 3524 3525 3092 3526 3527 3528 2232 3529 3530 3531 3532 3533 3534 3535 2871 3536 2284 137 3537 3538 2376 2719 3539 3540 3541 3542 3543 3544 2717 3545 729 3546 3547 3548 3549 3550 3551 3552 3553 3554 3555 625 3556 3557 1344 3166 3558 3559 3560 3561 3562 3563 3564 3565 3566 3567 3568 3569 3570 3571 3316 3572 3573 3574 3575 3576 3577 3578 3579 902 530 3237 3580 3581 1565 3582 2553 3583 3584 3585 3586 3587 3588 3589 3590 3591 2213 514 3592 3593 619 694 1412 3594 3595 2857 623 3596 2319 2593 3597 3598 3599 3600 1276 3601 3602 334 3603 3604 3605 3029 3606 3607 3608 3609 3610 52 3611 3612 1618 2762 669 3613 3614 1531 3615 1485 3616 3617 3618 3619 3620 3621 1557 2633 3622 3623 3624 3625 3626 742 3627 3628 3629 3630 3631 3632 3633 3634 3635 3636 3637 3638 3639 122 3640 3641 2880 3642 3643 3644 2074 3645 1902 3646 3647 3648 3649 2020 1901 3650 3651 3652 3653 3654 722 9 2065 3655 174 3656 3657 3658 550 3659 3660 3661 3662 2598 3171 3663 2461 3664 3665 2660 3666 3667 3668 3669 3670 3671 3672 3673 3674 3675 3676 3677 3678 2733 3679 3680 3681 3682 3683 3684 3685 3686 3687 3688 3689 3690 2221 3691 3692 3693 2012 3694 3695 3696 3697 3698 600 3699 3700 3701 3702 3703 3704 3705 3706 3707 280 3708 2652 3709 2590 638 3710 3711 3712 3713 3714 3715 3716 3717 3372 3718 3719 3720 3721 2919 1751 453 3722 1896 3723 3724 3725 2047 2611 3726 3727 2206 3728 506 3729 3730 699 552 3731 3732 448 3733 2752 3734 3735 2753 3736 3737 3738 3739 3740 3741 2968 3742 3743 3744 3745 3746 3747 401 2843 3748 1471 3749 3750 3751 316 3752 3753 3754 916 3755 3756 3757 1600 2749 3758 3759 3760 2290 3761 952 3762 3763 3764 1357 3765 3766 3767 3768 3769 3770 3771 3772 3773 427 3774 3775 3776 3777 3778 2751 3779 2326 440 3780 3781 3782 3783 3784 3785 2803 3786 3787 3788 34 2796 3789 110 3790 3791 3792 2246 3793 3794 3795 2897 2262 3796 2255 3797 575 3798 3799 943 3800 2649 3801 3802 3803 3804 678 3805 2659 2501 2961 3806 3807 3808 3809 147
474 3417 3810 3811 3812 573 1045 3813
475 3417 3814 26 13 3815
476 3417 51 146 147 148
477 3417 361 3816 297 51
478 327 432 3817 3818 275
479 3819 193 505 3820 2533 404 2335 1132 1452 2303 3821 3822 1354 327 3823 3824 1689 412 1036 3825 1454 3826 1459 1744 3827 1078 3828 1560 3829 3830
480 327 3831 3832 3833 3300 3834 3835
481 1354 2764 327 2891 3836
482 3837 1478 2646 3838 506 3357 3839 327 3840 552 3841 3842
483 2863 327 3843 627 3844 3845 3846
484 139 3847 3848 1995 327
485 327 3384 3849 1574 1628 1488 3850
486 2140 1727 3851 3080 820 327
487 3556 327 2952 3852 1873
488 3853 3854 844 327 3438 3855
489 435 3856 3467 334 941 3857 3858 3859 3860 3861 3862 1321 3863 259 327 1701 1562 3864 1286 1012 3865 1219 1223 3866 1184 1043 3867 3868 3869 3870 3871 1463 3872 428
490 3494 3744 39 3873 2295 2535 1268 907 3874 3875 671 899 3361 3533 3876 3101 2309 1535 2420 205 3302 2425 3877 3878 3879 2047 3880 2960 3881 3882 525 3177 3883 2338 2779 601 3884 2651 220 3166 327 2733 2326 1157 3885 3652 48 3886 1274 3887 3888 3889 3890 2653 176 1117 3891 1098 1237 257 3892 1266 3048 1469 1612 3893 1644 1321 850 3894 1354 3895 3896 833 834 3897 1142 1654 161 167 1079 1080 1169 165 839 1260 265 3898 3339 1440 1388
491 327 407 1238 3899 1372 422
492 3900 3901 1117 395 824 3902 1351 348 3857 3903 3904 3905 3122 3805 826 825 928 3858 3906 3907 3908 3909 994 3910 3911 2291 848 827 1408 942 949 1320 829 3912 3913 3860 3914 1309 3894 1182 969 154 1072 1210 3915 1574 961 1431 3916 3917 3918 1555 327 3919 943 963 1689 438 1766 1285 1040 1655 2727 811 164 1111 3920 1169 1110 837 2728 1299 3921 168 974 1592 265 983 1400 232
493 3922 2226 327 3923 29
494 257 327 3924 3925 2385
495 3926 1354 3101 381 1183 2764 2771 590 3927 524 3928 327
496 3929 327 2954 2651 3930 3931 3932 919 3933 3934 3935 3936 3437 3608
497 150 3937 552 3938 3939 3199 1657 3940
498 3199 3941 3942 2212 3943 3944 3945 3946 3947 3198 3948 3949 257 3950 3951 3153 2923 3952 3953 3954 3264 196 3955
499 3956 2612 3858 3957 969 3199 1182
500 2837 3958 3199 3959 3960 3961 125
501 3536 3608 3962 1326 3963 3964 3039 3199 573 2562 3965 3966
502 3967 460 2937 3199 531 50 388 3968
503 3391 74 1472 3969 2385 2311 3160 54 812 3640 3199 2712
504 3858 3970 3199 3971 446 51 349
505 2519 3972 3973 446 3974 3975 3199 1374
506 2047 3880 2488 2892 3976 3199 1185 1187
507 796 3977 27 1613 3450 492 488 3978 3979 3199 467 3980 3981 3
508 3982 3983 3199 3984 1445 3985 113 3986
509 3278 1646 3987 3931 3268 3988 3989 1961 3990 3991 3992 3993 3679 2508 2232 3199 1413
510 3918 3994 3995 3996 2835 3997 3998 3999 3912 3199
511 1620 4000 745 4001 3199 4002 473 4003 4004 4005 4006
512 3199 2829 3107 2877 4007
513 3199 448 4008 4009 1697
514 1727 4010 3199 4011 4012 4013
515 3199 4014 80 30 4015 1643 196 4016 269 4017 4018 4019 3300 3107 257
516 2228 3199 4020 3175 2563 1844 4021 937 3157 4022
517 366 4023 141 4024 39 2589 4025 4026 4027 4028 4029 3199 4030 743 3871 1213 4031 74 4032
518 176 3468 1066 3199 647
519 80 4033 906 4034 3294 2393 2799 3199 4035 4036 3622
520 4037 4038 3199 111 337 1067 1625
521 4039 4040 4041 3199 2140 120 4042 4043 4044 1092 4045 462
522 3199 4046 969 961 4047
523 4048 3199 4049 4050 4051 774 1801 4052 4053 4054 4055
524 3199 4056 4057 4058 3184
525 3199 2159 2348 932 4059 4060 361 4061
526 4062 4063 3199 4064 3905 1182 4065 52 3651 516
527 3199 4066 4067 2958 4068 4069
528 573 4070 4071 3199 4046 4072
529 4073 3199 2856 1273 2198 1516 395 1117 4074 1451 1050 4075 1449 928 2200 1740 4076 4077 1215 810 4078 416 1312 817 1163
530 3199 4079 4080 4081 4082 1235 1688
531 436 4083 4084 3199 4085
532 3199 3832 4086 4087 318 4088
533 4089 3199 4090 4091 812
534 3199 1727 3599 4092 279
535 541 4093 4094 4095 4096 2064 4097 4098 4099 1904 4100 2241 111 4101 4102 624 696 255 4103 658 4104 3199
536 3199 2899 4105 4106 4107 1357 1853
537 2465 4108 3199 571 3855
538 363 3579 3199 3850 4109 4110 554 4111
539 3199 28 3565 255 2515 4112 3941 4113 4114 1740 4115
540 4116 4117 4118 1257 3199 969 4119
541 4120 2463 3199 4121 2054 4122 4123 4124 19
542 3199 3770 4125 4126 3723 1550 3829 4127 4128 684 4129
543 4130 104 4131 28 4132 4133 4134 4135 4136 4137 146 4138 4139 2444 4140 4141 3199
544 4142 4143 4144 3199 562 4145 1123 4146 4147 4148
545 111 1347 4149 4150 4151 894 4152 4153 438 1480 4154 552 3871 3300 4155 3662 3975 4156 4157 4158 4159 3199 4160 2545 4161 4162 3090 3093 2292 4163 4164 4165 958 334 4166 4167
546 59 1840 4168 4169 3778 4170 4171 4172 4173 3095 3199 4174 1183
547 4175 2590 3669 4176 4177 3199 519
548 4178 1307 4179 4180 524 1033 3199 1161
549 490 3199 1027 4181 340 4182 4022 2588
550 4183 80 3199 495 1602 4184 1203 4185 4186 868 4187
551 873 2056 3199 4188 4189 3383 3699 4190 4191 4192 4193 1354 4194 4195 4196 4197 4198 1766 4199 1186 4200 4201
552 544 4202 4203 4204 340 4205 732 3199 4206 3404 4207 4208 4209 107 3197 97 4210 54 2292 3465 2512 4211
553 867 4212 2741 2713 3264 423 4213 2881 4214 3199
554 3199 4215 51 101 568
555 2513 4216 456 4217 3199 8 4218 4219 3970 4220 4221
556 3199 4222 6 40 4223 4224 4225 4226 4227 4228
557 1546 2598 4229 3199 743 4230 352 3620 2973 4231 627 4232
558 4204 1679 679 1047 2140 4233 4234 3199 3026 4235 4236 44 4237 4238 4239 16 4240 4241 3866 3354
559 4242 1766 3199 397 3093 1062 2291
560 3199 4243 4244 439 1525 4245 4246 4247 818
561 3175 3043 4248 4249 3199
562 4250 3199 4251 3830 4026 4252 4253 4254
563 3199 4255 1061 675 4256
564 2454 4257 4258 2451 2453 4259 3199 1866
565 4260 730 4261 829 4262 4263 2171 4264 4265 4266 4267 2667 1182 969 2389 3199 4268
566 3731 4269 3199 4270 4271 241 4272 4273 4274
567 3199 911 1650 1678 586 4275 4276 4277 64 1744
568 624 3199 4278 3358 4279 4280 2810 2820 3184 4281
569 4282 4283 108 2278 3199 662 101 1838 4284 4285
570 4286 403 3199 888 397 3207 1391 561 4287 450 2565 4288 3674 4289 1177
571 4290 4291 4292 4293 4294 3199 4295
572 56 4296 4297 4298 4299 451 95 4300 4301 1602 3620 4302 4303 3199 4304 4305 4306 4307 4308 4309 1325 4310 4311 4312 381 110 3832 4313 1775 4314 4315 2733 3753 4316 4317 4318 1011 764 142 2379 440 4319 2442 4320 4321 4322 3158 60 4323 4324 2714 3366
573 3199 3990 4325 4326 4327 2570
574 3199 4328 4329 4330 4331
575 3199 3013 334 4332 4333 4334 4335 924 4336 4337 2557 3775 552 4338
576 4339 4340 4341 512 4342 1612 4343 953 2954 4344 4345 3305 212 453 4346 752 4347 1042 1020 3199 3676 208 220 1114 4348 4349 4350 530 4351
577 3565 3450 4094 3567 495 3199
578 3199 4352 4353 4354 4355 4356
579 3199 363 1426 337 4357
580 59 358 503 3199 4146 4358
581 3199 4043 2388 3905 2309 4220
582 3199 4359 2063 3823 4360
583 4361 4362 3199 4363 4364
584 4365 4366 4367 4368 4369 4370 4371 2047 3199 34
585 4372 4373 4374 710 3527 4375 468 3199 396 34 62 4376 284 4377 4114 2665
586 4378 4379 4380 4381 4382 4383 4384 4385 4386 4227 524 4387 4388 4389 2461 3665 530 2658 2398 4390 3088 4391 2771 491 4392 3770 2424 4393 536 4394 3583 3933 3199 217 3748 3662
587 2145 4395 3199 4396 4397 4398
588 3199 257 4399 4330 4400 1657
589 3199 1998 4401 4402 4403 1472 3540
590 3199 4404 2345 4405 4406
591 1346 3696 3199 544 4407 4408
592 3199 4384 2442 372 4409
593 787 3567 4410 3199 4411 3083 4412 34 2589 774
594 573 4413 3175 4414 3199 4415 2835
595 3199 4046 874 4416 4417
596 4418 3199 4419 3861 723
597 4420 4421 3260 4422 151 4423 4424 4425 3199 4426
598 3199 4427 4428 4429 3663 4430 4127 4431 4432 4433 4434 3373
599 3199 4435 626 4436 1123 27 2291 385 3153 3770 4437 3205 339 3861 867 309 1904 402 4438
600 3199 4439 4440 2414 2020 4441 4442 4443
601 4444 2368 4445 4446 4227 4447 3199 2771 4448 506 4449 4450 4451 1560 2378 4452
602 3493 4453 4454 3219 4455 4456 4457 3199 4458 28 4459 747 1728 4460 4461
603 4462 3675 2115 3058 3199 4046 4415 4463 4464
604 1611 2513 2840 3199 4465 684 4466 4467 4468 4469 4470 4471 4472 2864 4473 4474 4007 1580 3501 1573 4475 4476
605 3199 4477 692 4209 4478
606 3199 2495 4479 4480 4481
607 1000 3199 4482 4483 4484
608 3199 1671 888 460 497 783 2444
609 4485 4486 4487 4488 3199
610 4489 4490 3926 4491 4492 4493 960 2995 2369 196 2657 4494 4495 4496 361 1469 607 2292 4497 3199 918 4498 275 839 624 4499 4500 1226
611 4046 3859 4501 4502 969 514 4503 4407 4504 3999 4505 394
612 4046 1629 1107 47 4506
613 4046 3034 4050 4507 1095 4508 4509 526 477 189 696 191 2610 4510 4511 4512 4513 519 4514 4515 346 4516 4517 4518 3455 354 4519 4520
614 1499 4046 4521 4522 4247
615 4077 4046 1354 4166 4523 4524 51 3213
616 2247 4525 4415 4046 188
617 4046 4326 3502 4526 196 4527 4528
618 4046 4529 4530 4531 4532
619 4533 4207 4534 901 3153 909 2495 4535 4536 4537 4046 4538
620 1811 2998 2033 1816 3394 148
621 4539 4540 1981 1810 1828 3050 4541 1811 1929 4542 4543 2998 3867
622 4544 1912 1831 1856 1811 1840
623 732 1842 1811 4545 1830
624 1751 3063 2998 1890 1811 2018 4546 3394
625 2247 1811 2139 1816 97 4547 1751 2597
626 1811 1805 2102 1837 4548 51
627 1811 2990 4549 2103 1828 4344 1950
628 2783 1811 2453 4550 4551
629 4552 1981 4553 4554 1811 4540 3013 1484 1018 1065 4555
630 1957 3074 1804 1912 1889 2155 2918 2998 1926
631 2998 3394 4556 4557 4558 4559 4560 1989 51 146 148 4561
632 1792 2013 2998 2155 1943 2113
633 4562 4563 4564 381 2397 1173 4490
634 4565 4562 2901 2706 4566 3419
635 4562 283 3947 2540 2409
636 2478 4567 868 3216 4563 4562 3390 2625 4568
637 4562 4569 4570 3175 4571
638 4572 4573 206 1450 338 1014 1319 928 2365 1065 1307 1443 210 413 4574 1021
639 3902 4575 1319 1743 1708 3318 1160 1586 415 1311 1287 4576 1152 1332 2550 1011 422 1656 2555 232
640 1276 1448 1532 1319 939 4577 806 1036 938 4578 4579 4580 4581 1461 1082 4582 1712 1416
641 1100 1319 1740 1622 1159
642 1236 4583 2366 1484 1231 412 1319 1006 809 1810 1294
643 1157 1192 1319 1137 1016 1037 1476 4584 4585
644 4586 2593 1268 193 4587 196 407 1568 1319 3902 1521 1595 1208 1725 3897 1046 980 989
645 202 1319 1208 1040 1359
646 1427 1319 946 2906 1287 1022 1467 4588 2062
647 196 1483 1319 4589 2203 1413 4590
648 1725 1505 1319 4591 1103 1395
649 4592 1049 198 200 1319 1647 1648 958 4269 4593 1627 1120 4594 1025 1086
650 4595 1844 4596 1340 2428 193 3902 4597 4598 1319 1429
651 1062 1192 408 1336 1319 1594 936 720 942 411 1509 1366 1069 829 1741 963 1074 1211 1245 1396 810 793 4599 1169 4600 1019 3899 1512 1292 4601 3872 4602 1466 782
652 3013 1725 4573 1319 827 1003 1208 1211 1701 2982 1810
653 1344 4149 363 1319 337 1138 1443 4603 4604 4605 1558 2059 1744 2909 858 1361 222 656 1025 1747 1391 4606
654 4607 1015 1319 805 1555
655 1503 1319 4608 1367 1233 1142 221 1043 1234
656 4609 4610 4611 4612 4613 276 671 4614 4615 4616 1537 1028 4617 4618 1638 2529 4619 718 1124 4620 1731 918 4621 4622 920 1319 409 4623 581 3288 4624 4116 1455 1736 1380 3911 936 127 2393 4016 948 4076 1105 1326 1071 4625 1212 2548 4626 4627 563 1199 2462 1810 4628 814 249 4629 4630 4631 4632 4633 1686 4634 1714 1464 4635 4636 3338
657 1154 2199 2858 4637 4638 1319 937 1716 1648 946 1311 1009 1434 168
658 1236 1319 2362 1018 4639 1231 4640 851 1503 1626 1074 1075 1286 159 1023 162 167 1164 836 166 1079 1169 165 1019 4641 3418 1292 843 1564 2494 1059
659 1275 1319 853 2949 811 4628 1391 1445 816 1174 983
660 1389 1532 3902 200 1132 1319 4642 1053 1069 856 414 1079 840 1167 166 1563 1165 841 839 819 4643
661 1236 912 1319 1487 1177 988
662 821 4644 1319 4645 1284 850 1007 1084
663 1335 4587 1319 1240 4646 1025
664 4647 4154 1568 1319 829 1442 2906 1044 164 1061 1323 1113 980
665 3623 1505 4573 1319 4608 817 1386 656 1221 1012 984 1292
666 4648 4649 4650 192 176 4651 3186 3450 3302 4652 4171 2625 3879 1028 1334 1268 4653 1475 1272 4654 1192 1319
667 1028 1268 4655 1274 1272 1377 2459 4583 1031 1319
668 1475 4656 1319 1032 1159 1143 419 1055 2728 762 1386 222 1292 1086
669 1319 4600 226 1847 1749
670 4657 1319 1134 2362 1241 997 1231 1429 851 1744 2204
671 1399 4658 4659 4660 3361 217 4573 4622 1731 2250 1424 1099 1231 945 601 1296 4645 1319 4661 4662 857 4663 1039 3005 3008 4641 1019 51 147 1059 4588 1465 4664
672 4154 1392 1319 1239 827 4665 1282 1307 1159 3318 964 1040 1322 1184 1391 981 1658 1146
673 2705 4666 4667 4668 45 3223 4669 2581 2883 1334 1268 1274 992 1319 330 1291 1658 1146 2494
674 1495 1319 412 1057 1007 1462
675 1053 4670 562 4580 1319 849 1359 1040 2861 164 2214 1082 813 1692 1363 1084 4671 4672 1467
676 1854 4673 4674 2140 2013 1788 1844 1837 1792 1845 2014 2170 2126 2156 3065 1833 1937 2983 1841 2042 4675 4676 1795 2129 2094 1990 2120 1932
677 3088 3345 530 2461 39 4324 2338 1897 1340 506 3714 2047 601 3881 4677 4678 1854 257 2355
678 1854 4679 2885 4570 4680 4681 4682 4683 2825 49 3163 228 4684 4685
679 1854 2485 4504 4686 3858
680 1828 1854 1824 4687 1855 3397
681 4688 4689 1854 4690 4691 376 4692 4693 4694 2452 2860 4695 2644 2092 176 260 3236 4696 80 4409 4697 4698 111 1795 4699 4700 4701 4702 4703 4704 4705 4706 737 2795 1164 76 1683 1849 756 1144 437 4707 4708 2934 4709 748 1040 4710 811 164 3014 4711 4245 4712 4713 4714 773 4715 1214 4716 1137 4717 1318 2239 1175 1592 985 1713 1177 4718 2673 4719 4720 4721 4722
682 1854 4723 2861 1314 437 1434 1461 4724 2908 4719 4720 4725 4722
683 1854 2140 4726 1840 4727 3391 257
684 3857 531 1309 3858 3905 4728 4088 1550 4729 2397 4730 4731 811 4732 4733
685 381 4734 4735 552 4736 4088 4737 196 257 1810 812 2397 2387 1340 1846 3177 4738 671 4695 1418 2140 2133 4739
686 2397 514 174 2303 3167 4740 323
687 2318 3495 4741 4742 2397 4564 4743
688 3197 2567 4005 3301 3986 458 2309 788 4744 999 423 4745 2397
689 2397 2897 2520 4746 4095 2586 4747 4748
690 3566 4749 3780 4750 4751 720 523 4231 4752 2943 4753 2397 2877 4754
691 4755 3457 2397 4280 4452
692 189 3153 4756 2397 4757
693 2170 1937 4675 1990 3390
694 4675 2170 1960 2106 1886 1861
695 1883 2170 2007 1928 1990 3340 1884 1610 2164
696 2177 3408 2170 2191 1884 1939
697 1800 1828 1799 2975 1418 1831 1912 2013 3286 3076 3075 1899 1969 3395 1987 4758 1850 2170 1610
698 1930 1828 1926 2151 1822 2129 4759 4760 2893 2152 2170 2141
699 1937 3076 3075 2107 1899 1881 1889 3395
700 1831 1937 1783 1947 1891
701 1937 1990 2424 1855 1939 2062
702 2015 1792 1874 1957 2126 2013 2009 1912 1937 1852 1951 2127
703 4761 1804 2975 1840 552 3060 4675 2126 1843
704 147 4762 149 3015 3630 4675 1601 3540 244 51 1886
705 1819 3098 2161 4675 2095
706 4675 448 4763 205 3030 4240 1173 1856 268 4764 2893 4765 4766 4767 4768 1773 4769
707 2078 2895 1878 1792 1899 1908
708 4770 4771 2078 4772 1993 1944 2146 1887 4773 1884 4774
709 4775 2112 1864 2078 1924
710 2158 1930 4776 1960 4060 4777 1894 2873 2872 306
711 3412 1792 1800 2047 4676 4778 2963 2158 1909 1947
712 4779 2158 4780 2913 718 2339
713 930 1836 4781 2158 1465 2062
714 2158 1890 3256 3964 1855 3396 2141
715 477 3960 2335 519 2334 318 1371 2295
716 2335 3220 4782 4783 4784 4027 4785 4786
717 4787 900 2318 590 4788 3105 3110 3017 2335 4789 3367 484 4790
718 4791 3225 2335 83 2701 4792 4793
719 2542 3871 3391 257 812 3109 2370 2335 1953
720 4794 141 4795 4323 4247 2335
721 4796 4797 2335 4798 4799
722 3175 2335 4800 2140 2370 4801
723 4802 3792 4803 2335 2169 2524 4804 4805
724 2335 2919 3718 4806 4807 44 522 4808 3502
725 4809 2518 2003 2335 2589
726 4810 4811 799 4812 262 1573 2335 1600 211 4270 866 4813 4814 4815 531 4816 3300
727 4817 4818 2991 2688 2335 4741
728 4408 4819 4339 4820 999 4821 4477 4822 3290 4823 4824 4825 4826 1094 4827 1617 2335 1127 4828 4684
729 4829 4830 140 346 2241 2335 4814 4831 2877 211 4832 3153 1895 601 4833 3983 413 4834 1451 4835
730 2625 4836 2335 333 812
731 4837 433 4838 2835 1679 3303 4839 2335 4840 4841 2778
732 440 2339 2335 4389 4842
733 3325 3493 668 1233 82
734 112 3371 4843 3493 515
735 4844 3493 4845 4846 4847
736 2140 1340 4848 3493 1418 2955 2982 4726 4849 4850
737 4851 4852 257 1469 4394 3493
738 2477 2563 3493 4853 4854 3949 3310
739 3493 2701 4855 4856 1354
740 2140 3493 206 4857 3107 4673 4735 287
741 336 3597 257 3493 2652
742 257 196 4858 3493 2829 4859
743 4264 4860 3493 627 4861 1600 4862 4863 4864 4865 4866 4867 4868
744 4869 2834 4870 3493 4871 4124 4322 2051 4872 3081
745 3775 4873 2712 4874 4875
746 2923 4876 4877 4878 4515 4879 4880 4881 3959 4882 4883 4884 4726 870 4885 1132 899 4886 4695 4887 4888 2641 4889 4890 4891 4293 4873 2872 627 4892 3677 2819 4893 2818 2873 4894 4895 4896 305
747 1905 1864 4897 2955 2430 4898 3066 1964 4899 3067 2964 2028 4674 2013 1725 1792 1803 2428 1788 1874 1781 4873
748 4873 2612 4726 2219 4900 3413 2245 3074 1834 4901 4902
749 2856 4873 1128 4903 2459 4075 3923 629 4904 4905 3371 1393 255 400 4205 1490 1292
750 1337 4906 1275 1448 4074 363 198 4873 26 787 1481 941 1351 1380 932 936 1501 720 1739 337 4907 1476 4662 856 1368 855 1073 1033 210 1140 1297 158 24 1159 965 968 265 810 1076 3406 502 4908 969 4909 3 816 974 4910 3869 838 1174 984 1145 1686 4911 983 1714 1687 1464 1202 232
751 4873 4912 4913 257 3742
752 4914 4915 4916 257 4544 4018 4683 4873
753 3496 4917 4918 4873 2650
754 673 4919 509 4293 4873 752
755 2919 1887 1853 2957 3380 1823 4873
756 4920 371 4873 4921 4922 4923 2663
757 1966 3676 4924 4925 4926 1145
758 2657 4927 430 1966 3361 4594
759 350 674 1966 4928 359
760 4929 4930 1220 4931 3319 645 1083 1966 2420 4544 671 1810
761 142 3205 4763 892 4932 538 1410 4933 4095 3352 4934
762 4763 4935 4936 4937 2033 647
763 4763 4938 4939 4940 4507
764 4763 4081 4029 4941 4942 4943 2565 4303 4944 705 4945
765 185 477 4946 662 4763
766 4763 4459 1070 4576 4947
767 969 1182 4763 4948 4949 4950
768 4763 3861 3772 1674 4951 945 719 971 1077 756
769 4763 4952 4953 4954 4955 1160
770 1776 4763 2945 4956 4957
771 115 4763 446 2637 3011 4413 4958
772 4959 2942 4960 4763 4961 4962 4963 4964
773 4965 2733 3513 4966 4967 506 4968 4969 2493 4414 1187 4763 845 2673
774 4970 4311 23 4971 4576 4972 4973 4974 4975 4053 4976 4977 4978 4979 4980 4981 2954 1615 543 4982 519 1589 4983 4205 3213 4984 4763 4985 4285 666 746 4986 1394 416 4793 381 497 2218 4847
775 477 4987 4988 4763 63 4989
776 4990 4991 4992 3931 4993 4930 4763 4994 1189 4995 4996 3135 4792 4845 4793
777 4763 4517 4997 2612 4998
778 4763 4999 97 2903 1072 1344 5000
779 1751 5001 2106 3050 4899 3070 3067 2033 1843 3066 3073 5002 2076 645 2915 5003 4561 5004 1989 1916 3069 2990
780 1751 1824 1802 1886 2916 2146
781 3277 2657 1751 3073 1916 1917
782 123 5005 1751 934 485 1530 5006 4364
783 494 1751 3073 1953 1954 3182 5007 5008 4088 1677 2918
784 1831 1804 1751 1905 5009
785 1828 1751 2015 1992 1797 1792 1957 2195 1886 3397 3356
786 1751 3068 5010 5011 5012 5013 5014 5015 5016 5017
787 4607 997 1751 1458 2204 5018 1658
788 5019 3283 1751 4937 3068 1917 3070 3064 5004 3069 5002 146 5020
789 1805 1751 1931 1800 1882
790 3066 3070 1751 3067 3050
791 1751 1988 1844 1947 1837 2975 1792 2879 1828 1912 2431 1340 1864 1874 2919 1852 3146 2196 1956
792 1751 4937 3068 1917 2033 3064
793 3998 3101 1751 3269 2326 1124 1989 3891 1725 1239 818
794 149 51 146 147 148 1751 2095
795 808 1806 1964 1751 3068 3076 1852 2103 1804 3015 1989
796 1751 3400 2093 2339 147 5021 4899
797 1954 5022 1829 1968 2957 1828 1953 5023 4710 1838 2885 5024 4088 1725 5025 3077 1751 51 3413 1505 1865
798 2597 1894 1856 5002 3274 1859 5001 2033 608 1751 1340 1870 1967 1953 2910 1867 2915 1886 1792
799 2917 1124 5026 5027 1154 1156 1015 5028 2858 1136 5029 3963 1751 2393 2192 850 1151 1360 1435 2982 1403 5030 988 1333 2062
800 3066 2139 1828 3067 1816 4899
801 3066 4899 1938 1927 1939
802 674 2597 5031 2928 2817
803 5032 5033 1929 1944 1602 5034 5035 1919 1993 1975 1976 2597 2139 4549 2990 2910 2007 1985 5036 1986 1992 4554 4540 4553 1861 2106 1843 5037 1888 5038 2110 5039 2111 5040 2047 4778 5041 5042 3897 5043 3645 4358
804 2131 1990 3522 5044 51
805 2104 3400 2033 2131 1800 1944 5045
806 2152 2157 5001 2131 3397
807 5046 1789 2131 2177 5047
808 4937 1881 1916 1806 5004 3069
809 3203 5048 184 115 3188 5049 1764 5050 5051 4958 5052 4214 5053 5054 1095 5055 5056 364 5057 1705 4086 56 44 5058 3219 92 3877 2986 5059 2619 3587 2665 2423 3379 872 877 5060 2320 5061 5062 5063 5064 4361 4087 5065 5066 5067 5068 5069 5070 639 5071 2205 2613 5072 3794 2019 188 867 1669 4943 5073 4436 3438 5074 5075 495 5076 5077 5078 4565 30 1096 5079 5080 3719 5081 3755 2900 3201 1565 65 5082 5083 4726 2897 5084 5085 5086 876 5087 5088 5089 2712 608 82 2901 423 5090 4477 635 5091 5092 5093 3204 718 714 1542 5094 2522 5095 5096 5097 3303 48 3223 1410 4938 5098 112 2849 5099 135 1063 5100 5101 4382 104 5102 5103 5104 4999 5105 80 5106 5107 5108 508 5109 499 2834 1405 5110 5111 736 84 864 5112 4210 671 4069 2984 3968 5113 3225 723 3216 5114 4041 5115 5116 5117 1575 5118 5119 3197 5120 5121
810 5122 5123 5124 346 417 523 3600 30 5125 135 5126 4529 5127 5128 5129 4755 5130 1506 5131 1592
811 5132 5133 5134 468 4670 135 4821
812 135 5135 144 5136 3415 5137 34
813 402 135 4071 2347 5138 3314 1173 4930
814 5139 5140 346 112 2511 135 5141
815 491 5142 135 2565 144 2834 5143 2516 5144 5145 799 5146
816 135 113 115 5147 5148 523 706 283 4621 1724 5149 5150 854 2409 5010 1107 1396 5151 5152 1704
817 5070 5153 5154 135 5155 5156 5157 5158
818 135 5159 4821 3300 509
819 135 2066 3690 4217 470 5160 5161
820 5162 135 5163 10 2495 5164 5165 1474 5166
821 5167 5168 5169 2623 2720 2901 5170 276 1720 5171 1089 5172 2624 1028 5173 169 5174 324 1998 1252 4592 2325 5175 2199 1158 1194 3170 1360 2764
822 169 16 5176 3944 2497 1118 5177
823 5178 5179 5180 2711 4667 2626 5181 5182 5183 5184 5185 3085 831 3383 671 3264 2616 5186 2318 3851 2518 186 4456 896 5187 5188 2644 1640 5189 2562 1237 1452 169 5190 4117 1458 738 5191 5192 4341 5193 1654 1200 1372 1184 1436 5194 4545 39 5195 5196 854 4007 1604 1222 5197 5198 1512 1364 1114 1828 1605 1333
824 5199 2246 3799 5200 1436 169 5201
825 4071 5202 5203 5204 423 599 5205
826 4071 5206 943 2231 3984 5146 4119 600 4875
827 4071 5207 4467 4646 4057 5208 414 372
828 4071 3603 1064 3177 5209 1700 381 682
829 5210 5211 5212 5213 1604 5214 5215
830 5210 5216 1347 5217 5218
831 5210 3957 46 969 5219 5220 2239
832 5210 2588 4407 381 1311 5221 5222 5223
833 5224 2140 3107 2736 5225 5210 5226
834 563 5227 5210 4197 4776 51 2829 5228 599 4795 5229 5230 1471 4823 1707 5231 5232 5233 5234 4120
835 5235 291 497 2649 1482 487 5236 488 269 4393 5237
836 5237 74 1472 5238 2247 5239 5240 462
837 5241 790 5147 450 143 4050 4287 402 189 2834 5242 82 624 5243 5244 3264 5237 3300 5245 752 3043 5246 3371 4205 5247
838 1357 5248 3985 3264 5249 440 2631 5250 5251 5252 5253 4426 5254 5237 5255 385 519 5256 5257 3888 5258 5259 4283 5260 5261 5262 4772 5263 5264 5265 5266 4160 5267 5268 470 5269 5270 4601
839 5237 39 5271 2840 4903 1448 5272 5273 5274 5275 4219 969 361
840 3203 5276 5237 2459 125
841 2581 5277 5278 5237 2553 4418
842 5279 5280 5237 3607 3652 581 2451 2453 2454 4259 5281
843 5237 5282 5283 4361 2941 5284 5285 5286
844 27 2130 5287 5288 5289 5290 2553
845 5290 1357 91 93 5291
846 5292 2986 5293 5294 5127 5159 5295 4069 3381 5296 1740 5297 5298 5299 5300 5301 5229 3739 5290 5302 5121 5303 1095 5304 5305 5306
847 5307 5308 5290 4059 2221 1703
848 746 5309 5290 5310 5311 5312
849 4495 3382 5313 3745 5290 5314
850 813 656 5290 3350 3658 2826
851 2599 2476 5315 5067 576 877 4379 5064 5316 671 5317 4650 5318 5319 78 4874 5320 5321 5322 5323 5324 2520 5325 5326 5327 5 2323 2601 2900 2704 5328 5329 5330 4613 5331 5332 2346 3538 5333 2276 3109 5334 5046 3108 2470 2310 867 2312 2835 896 5335 5336 2759 5337 4332 5338 5339 2471 5340 901 2288 2919 1853 5341 5342 5343 2402 5344 5345 5346 3678 2284 3013 5347 2982 139 2011 2973 5348 5349 5350 1266 5351 3501 5352 4333 4855 3390 5353 2776 2562 1783 1354 935 1003 1134 1005 4034 4768 5354 3610 5355 1431 2303 1795 1007 1360 839 5356 1845 2204 1823 1364 1658 1146 1333
852 5317 1620 3551 480 5357 81
853 5358 1904 867 1341 5317 5359 5360
854 5315 5361 2476 5362 5363 5320 5364 5318 5323 5178 576 5365 5366 4203 477 5324 5367 4204 4667 4668 5368 872 5369 5370 5371 5182 5372 5373 5374 5375 5376 5377 4650 5317 4853 4854 4286 5378
855 872 495 4210 363 5317
856 5379 3546 4776 3514 2829 2339 5317 3522 5380
857 5381 5382 5091 5096 5365 2741 5317 55 5383 5384 5051 65 5385 5372 5386 5387 5388 5368 5389 5390 5391 3302 4207 2665 4620 1235 496 1014 913 932 938 717 1572 5392 4593 2727 1122 1748 1391
858 858 5393 5317 5394 3436 556
859 5317 417 2739 5395 5396 5096 2705 4379 1904 5319 5397 5362 5398 5399 5400 1472 5401 2713 5402
860 2565 5317 2140 16 5403 3841 5404 720
861 1409 5405 5317 3600 1514
862 4459 1066 5406 747 5407 1313 1738 5408 5409 2184 5410 5411 5412 1961 4896 3127 5413 294 5414 5415 5416 264 5417 3001 5295 318 5418 5419 263 2848 4904 1472 5420 5421 2385 5234 5422 718 552 5423 3293 5424 1506 5425 2665 2355 5426 5427 3000 491 5428 4750 3489 1698 5429 1275 2267 740 2779 5430 3133 5240 1193 5431 3981 2870 5432 5433 4628 5434 5435 2412 5436 3980 5437 5438 5439 3130 297 296 868 3205 3979 554 5440 275 5441 1438 5442 774
863 3264 5443 141 17 5441 5031 1110 5444 3877 3315
864 5441 25 1909 122 5445 188 5446
865 3323 3692 902 552 5441
866 5441 1095 3663 5447 5448 2220 337
867 3155 115 3039 5449 577 5450
868 5451 255 5449 3228 5452 793
869 5453 5454 176 5455 5097 5449
870 5449 325 4999 1904 5338 867 1028 189 1764 5456 3495 2751 4168 5457 1180 1271 5458 5459 2749 1275 3322 1130 1452 1483 4339 5460 2365 996 1231 1659 955 1284 1072 2906 1459 1461 1020 1079 1023 1749 1113 3297 2062
871 2522 342 5461 5462 5449 74 517 3320
872 5463 5464 4238 5449 5234 4002
873 217 694 5449 4815 5465 1872 216 4672 1741
874 5449 787 2521 495 4016
875 5466 141 5467 5468 3792 5469 4769
876 5467 5470 466 5471 5472 3207
877 5473 5450 3968 5467 467
878 5474 5467 5475 5476 26 5477 2834 3791 5420 5478 1407 760
879 142 5479 2515 5467 877 115 5480 4250 5481 5482 5483
880 5467 5484 5485 5486 5487 5005 1150 5488
881 5467 4565 115 5109 343 5489
882 5490 5491 5467 1741 5492 470 5493 284 603 3198 5494 5495 4043 5496 28 440 5497 5498 450 5499 5500 3761 5501 5249 2508 5502 3195 5503 5504 4293
883 5383 722 5467 111 3848
884 1761 3400 2093 5505 1943 147 5467
885 5467 5506 539 5507 132 5508
886 5509 2145 4652 3969 2047 2316 1424 5130 2254 4565 2678 1133 5467 2418 2565 410 5493 1073 562 5510 613 1499 3682 5511 50 3811 454 5512 5117 792 2832 526 1041
887 5513 5467 5514 5110 5515
888 115 5467 5516 1911 5517 5518 5519
889 127 5520 5467 3347 5521 5522
890 5523 5524 5525 5526 5527
891 191 3264 3954 423 2047 706 353 5528 3623 3833 5526 5148 4296 5529 5530 4882
892 531 869 718 5526 5531 724 1033 464 3009 5532 1872 5401
893 5526 5533 4523 5534 5535 5536 5150 5537
894 5538 559 2922 5340 1599 3923 364 5539 2944 175 5540 5526 1093 4592 1304 1157 1498 5217 5245 2199 1425 348 994 1133 932 1278 1501 1383 805 5541 1138 1159 1143 1039 5542 4641 812 1170 1363 983 1226
895 4456 1989 51 1823 2918 1990 287
896 1989 5003 1809 1912 1889
897 1989 5003 5543 1808 81 415
898 5544 1267 3013 1477 5545 3487 5546 5541 3437 5547 5548 1989 5003 5549 5550 2068 2325 2304 5551 5350 3335 442 2047 5552 5553 5554 1128 4861 1469 1546 1240 1018 5555 832 154 1340 2339 1981 4553 4554 4540 856 157 1330 5542 5556 1260 842 1077 981 1084
899 1989 4561 2102 51 146 5002
900 1989 1890 51 1887 149
901 1989 1790 1798 1802 1850
902 1867 1944 1828 1816 5020 1989 1824
903 1989 2145 3283 5557 949 147 1917
904 5558 4747 356 5559 1989 1850
905 1989 627 3315 5560 5561
906 2290 193 1852 1989 1804 1880 1610 2161 1810
907 2964 1797 1989 4561 1927
908 1989 4088 3106 5562 51 1953
909 5563 240 3665 1955 1989
910 1418 2886 257 2140 5564 2106 5010 148 1989 1790 1835 4663 2234 303 1952
911 1908 1989 5003 3642 1890
912 1989 1816 1941 2121 1962
913 3110 3108 1989 3106 1988 1870 1800 1843
914 1934 51 1989 1944 3059 2147 2050 1936 2154 3394
915 1989 4561 2914 51 1821
916 2990 51 2139 5565 4277 1989
917 1989 1800 1861 4759 1952 3397
918 4561 1929 1930 1957 2034
919 111 3083 4561 5566 5567 1410 3162 5568 3631 5080
920 5569 1828 5003 5570 2157
921 2915 51 1874 1886 1865
922 1908 1944 5549 5571 5572 2733 2915 5573 4088 14 3213 5574 5575
923 1822 3077 2915 1944 2076 1800 1843 1816 3283 1921 5576 1915
924 1027 2745 5577 1812 371 632 5578 4801 631 1469 3072 5579 298 2192 1867 3408 3051 1661
925 1806 1802 2163 1857 1867
926 3063 1828 1867 5580 5581 4318 5582 5583 5584 5585 3407 1190
927 1809 3074 3400 51 146
928 1809 1870 1333 3098 1932 1886 5586 2141 3397
929 512 5587 5588 5589 5590 1809 5591
930 1792 1809 1357 628 4967
931 1809 1874 1788 5592 2117 1932 2014 1831 1864 1804 2196
932 1792 2195 1852 2116 1799 1809
933 1792 1799 1859 1914 1809 1933 2083
934 1912 1889 1784 5022 1809
935 1809 2910 2213 1480 1197
936 2878 5592 4775 1809 1874
937 80 541 1809 46 265 1586 5593
938 3410 1809 1865 2108 1879
939 5594 1964 1805 1809 1880
940 147 1804 4937 1809 1991
941 3106 2884 1988 3108 1891 1809 1805 1828 3412
942 1857 1809 1930 1308 1827
943 1973 1809 2089 2009 1203 1856
944 1830 1809 1781 3102 1964
945 3075 1809 1792 1806 1912
946 3496 2779 1183 1809 5595
947 1863 1892 1891 1893 1957 1792 1949 1947 2195 1842 1806 3362 1786 1791 1920 5596 1790
948 1863 1993 1784 1805 1187 1185
949 1853 2159 2878 1863 1908 1987 1208
950 1981 1802 1993 2068 1792 1957 2178 1924 2117 1880
951 1993 5597 1985 1805 5598
952 1993 1971 1798 2029 1945 1924 3408
953 1805 1792 1957 1806 1827 1993 1943
954 1993 1586 1160 1359 1112 4351
955 1941 2103 1922 1923 1993
956 5597 1917 4549 1793 4937 2139 1993 3068 1816 5599
957 4539 4540 4553 1981 2895 2001 1993 1919 2307 5600
958 1816 1993 1963 1880 5597
959 1963 1908 5601 1993 2034
960 1788 2128 3142 5602 1792 1993 1852 2095 1931 1891
961 2054 2352 5603 2811 5604 5605 1823 5606 5607 2369 3371 1993 2348 5608 5609
962 1993 3394 3090 5040 1048 5610
963 681 1993 1919 1986 5597
964 1963 1993 5597 1484 720 413 1033 3401 5611
965 5612 5613 1876 5614 2616 5615 2895 1993 2001 822 1128 2658 1920 843
966 2126 1805 1804 1991 1856 1964 1792 1951 2138 1971 2102 1610 5616 1860 1826 1952
967 1826 3435 4552 2344 4849 1514 5617
968 1826 5092 40 5618 5100 4445 5619 34 3654 5620 1030 5621 1036 1064 955 1037 5622 4019 1421 5623 1460 3198 5624 5625 4253 4254 1315 2457 5626
969 82 740 1792 4686 1852 1826 1853 74 1874 1804 1610 2013 1960 1969 1886
970 4927 2051 1831 1885 3065 1841 5627 1972 1784 1794 1826 5628 5629
971 1826 1831 1788 1852 1802
972 1826 1828 1830 2201 2103 2192 1932
973 1826 1784 4550 1812 2896 4766 1856 1933 1823 1932 2095 2024 1850 5630 2096 1885 1831 2126 3321
974 1831 1826 5548 2981 3013 880 4726 170 1987 324
975 1912 1886 5597 1831 5631 1986
976 1990 2152 1788 1884 1825 1947 1784 2132 2179 1933
977 1840 2145 1947 1991 1839 2095 1992 1879 1874 1610 1912 4759
978 1874 3177 1887 5632 1978 3056 2530 1676 1953 3107 1792 2649 1947 1870 5633
979 1831 1947 1852 1838 1853 1949
980 1792 2196 2117 2902 3077 2118 1828 1817 1947 1949 1956 2123 1806 1787 2122 1853 1912 1914 1860 2116 1962 1839 1856 1208 2176 5634 1610
981 2034 1843 1955 5635 2106
982 1985 1804 1799 5636 1927
983 113 5147 4181 1985 707 5637
984 2140 2118 5638 1898 1791 1805 1817 2119 1783 1787 2964 1920 51 1802 2123 1934 2138 1856 1855 4761 1266 1912 2176 149
985 1887 1920 369 5639 30 1412 3813 5640 763
986 5202 541 5641 5642 5643 5644 3862 2895
987 5645 5646 412 5627 2895
988 2895 3411 1806 2001 2107
989 3289 2825 1884 5647 1827 1934 1883 1926 1939
990 1827 5648 1448 1449 1452 1132 994 1610 996 1137 1741 1072 155 1579 5649 4604 1699 1715 1359 415 5650 421 1444 1011 5651 1149 1386 1391 4144 5488 1247 1464 1465 1087 5652
991 1950 3068 2155 1956 1827 1800
992 2108 2177 1933 1824 2132 2134 3232 1886
993 1839 1925 1999 3059 2147 2050 1936 3232 1864
994 1788 2201 2193 3232 2195
995 196 1878 2132 2134 3232
996 2351 1942 2108 5653 5654 1970 5655 259 5656 5657 1972 4706 5658 1945 1943 1797 2113 5659 5660 5661
997 1839 1856 2153 1942 1935 2148
998 4898 2879 1942 2009 1944
999 5662 1942 1927 2154 5663 3099 3071 4898 3397
1000 1929 1805 1839 2146 2157 1806 3063 5664 1898
1001 1792 549 1891 5665 1610 3063 1824
1002 1930 4495 2435 2437 5666 1646
1003 1983 3077 2117 1930 1958
1004 417 3240 5667 2623 5360 1930
1005 1930 1805 5668 1950 1610
1006 1546 1602 1930 1999 1806 2990 1931 1836 1798 1862
1007 1971 1800 3072 2103 1824 2051
1008 1971 2024 1800 1850 1797
1009 1879 2015 1971 1991 1856 1843 2914 1912 1855 148 1914 1951
1010 3146 1806 1971 1908 2105 2211 3004 1819 2190
1011 1971 1991 3072 3003 1932 3015
1012 5318 5669 5670 5671 5672 5673 5674 5675 5676 5677 5678 5679 3291 5680 5681 5682 5683 5684 5685 5686 5687 5688 5689 3005 960 1357 552 1996 5690 5691 5692 5693 5694 5695 5696 571 3052 5609 2369
1013 1996 1904 5697 5698 5699 4280 5700 337
1014 3932 1996 304 5701 5702 5703 5704 3046 5705 330 4257 5706 5707 5708 2766 3089 2557 3288 5709 5710 2402 4168 5711 5712 1733 4340 2519 3700 5713 5714
1015 3800 5715 1996 1802 2605
1016 5079 708 1996 5716 4408 4110 5717 5718 5719 5720 5721 792 5722 2101
1017 5723 3275 1996 5724 5725 5726 2712 5727 3823 5695 2678
1018 549 5728 192 2701 3104 2332 3710 2297 2299 3950 2749 1996 552
1019 5729 5730 38 4265 2512 79
1020 1477 5731 5732 5733 5618 4407 5730 3083 4903 4948 3228 2241 4181 417 800 5734 4297 3876 5735 26 732 2442 5736 5737 255 3107 5738 1132 5499 748 5739 1736 1380 995 1739 411 38 951 5740 1207 5741 1071 5742 4589 1072 1210 1037 5743 5744 1041 250 1260 361 1711 858 265 1064 1176 1326
1021 3435 1666 5131 5730 5191
1022 5730 4884 5234 478 2140 1895
1023 1761 5730 5531 4359 1844 4200
1024 5730 5720 3558 5745 5746 3374
1025 5730 93 1602 5747 753 5748
1026 5224 4255 3933 5749 4600
1027 5750 5751 5752 3225 5753 4794 5754 5755 4835 2820 5224
1028 5224 673 1313 5756 5757
1029 5224 4515 3404 2221 196 1266
1030 5224 5758 204 3260 5759 474
1031 3065 1792 1957 2023 5040 3320
1032 2023 1802 1950 2193 2916
1033 2112 1864 2023 1841 1804
1034 5760 3146 5761 2980 4835 5762
1035 2681 5763 3580 2980 4512 2972 2890 3759 1870 5764 1969 5765
1036 1796 2980 1838 4548 2194 1845 1934 257 5766
1037 1992 1891 1943 2157 1960 2164
1038 5767 5768 1865 1992 5769
1039 3068 1992 1881 1828 3097 1802 1926 1820 1187 2095
1040 5770 5771 3016 5772 1800 2893 1992 2574 2142 5773 1969
1041 4541 5661 1522 5774 1824 2180 1886 1855 1860 1986 2177 5775 2108 1830 1950 1858 1859 2153 1927 1914 1939 1856
1042 2157 5661 1918 2113 1610 3397
1043 1959 5661 2059 1938 1946
1044 1974 2120 5661 3488 2080
1045 375 1607 5776 601 5777 5778 5481 5779 4749 5780 5781 5782 2825 4120 1144
1046 2687 622 5112 142 3861 4755 5783 693 5784 5785 5786 5776 5787 382
1047 3513 4966 4088 1447 2284 3446 3319 5788 5776 5789 5790
1048 5280 5735 519 5211 5791 4153 318 743 5792 4182 5776
1049 5776 1727 1995 5793 4835 3717 5018
1050 5794 2325 408 994 1369 411
1051 1271 1130 1594 2366 1241 1232 1231 1256 1476 2949 1005 1369 1142 809 3827 1563 1403
1052 1369 2543 953 4680 5795
1053 2320 2468 4817 822 4622 1306 1265 4249 5796 996 940 1550 1509 1456 1368 5797 1033 1369 5555 5798 1213 1655 4254 1258 1023 5312 1184 1220 1299 3297 1225
1054 920 413 1369 1490 5541 5746
1055 5799 3443 4383 3650 4609 5800 5801 5802 5803 3056 5804 5805 5806 5807 5808 671 2144 1896 5551 1156 2057 196 3480 5809 3708 333 4573 200 1100 199 4645 5810 1570 1277 2858 5811 5812 5813 5814 5815 5816 283 1880 3150 4088 4264 5817 5818 5819 5820 4704 1484 2016 2905 1737 996 1912 1889 1394 4907 1393 829 2990 4549 1553 1033 1623 1616 1246 5821 1600 1646 2553 1728 1369 5822 1964 1651 4863 5823 2548 212 1689 1215 1120 1654 1372 1373 2102 1109 159 5824 836 5825 167 1122 382 223 1079 5826 5827 5828 1604 5829 1317 5030 1605 1086 5830 1894 1714 1228 5831 2062
1056 3055 53 2424 3094 5832 2344 5833 4040 5834 3954 477 5835 1735 2665 5347 5836 5837 5838 1303 4638 946 1231 1256 2161 1431 154 1369 1849 2982 1085 845 4032
1057 1546 409 1231 1430 1004 1369
1058 595 1248 5544 457 1607 2326 1271 5026 1124 2531 1650 2562 912 201 1426 1265 1453 1321 2543 4016 1034 5839 947 1369 2725 1681 5744 4581 1617 76 812 1042 5840 980 375 4249
1059 5841 2424 4620 5842 1495 1383 1430 1369 1354 5843
1060 896 3264 176 2733 5844 2518 3430 3502 1028 4214 5845 1047 5846 5847 1409 5848 1496 1136 2367 998 1001 5849 668 1369 1476 3250 5795 5850 1142 1020 5851 1433 1563 5852 5853 1114 1364 1492 3280 3184 1291 1463
1061 333 1448 1098 2562 2858 1306 5854 848 1408 1509 1321 1369 5855 154 1103 2933 414 275 416 5856 5857 1109 5858 1374 3866 1562 167 1403 985 5859
1062 2478 1421 1739 1105 1369 1074 1024 5556 1022 5860 1710 3869 5861 1439
1063 5311 3452 2888 4573 1237 1280 994 1548 2509 2200 997 853 5862 1616 1678 851 1209 2906 1369 2726 5863 212 1654 1120 1216 164 1109 5864 1692 1121 2671 168 980 1085 1316 5865 1264 1387 1388
1064 1369 329 1681 5866 2548 1490 1684 5030
1065 2623 5867 1340 2326 1481 1351 921 829 5868 1369 1626 5869
1066 4341 1248 2856 5870 1031 1481 5871 932 1509 1552 1369 5872 219 1311 1020 227 229 226 1177
1067 1369 5403 2639 2509 2578 5873
1068 2641 5874 1129 1158 4888 805 5875 3825 1369 5876
1069 5028 408 5742 1909 1369 2398 1358 1370 1458 1655 265 415 502 971 1662 437 5852 1152 974 5623 1416
1070 1028 1542 1377 2057 1157 941 1306 1265 4339 928 1380 2200 942 724 1740 949 1053 1366 2543 1647 953 854 969 1648 413 157 956 1369 4269 1037 961 5866 1743 1040 1359 265 1655 756 502 5864 3866 5877 974 229 226 838 227 1184 982 1604 1656 983 987 991 1178 232 4606
1071 4659 1028 2531 1101 199 1351 994 1369 165 1223 5861
1072 5878 1988 3107 5457 5879 4638 408 918 1570 1610 3687 4727 3085 4975 3598 1967 2760 996 1278 998 5880 411 1066 2907 1969 1476 1207 1139 850 1741 5881 1369 1105 5882 154 53 1140 5649 157 856 5883 1108 5744 414 1359 5884 1459 5885 1361 4909 4574 1402 4911 1416 984 5886 1333 5887 1465 5652
1073 409 198 200 720 1644 1307 1066 5797 951 1138 1105 1369 959 2549 5883 4580 1040 968 5888 1217 969 5889 1403 1085 1438 5030
1074 28 34 5890 5466 5891 3778 2086 5892 5893 2188 792 3260 5894
1075 2518 5832 5680 5894 3783 5895 5896 465
1076 5897 5072 2584 5898 885 1255 206 1392 1099 5899 1053 5900 5894 76 1082 5852 4590
1077 5571 5901 769 5894 5873 5226 3679
1078 5902 5903 5904 5894 5905 799
1079 5906 5907 5908 1173 5894 5710
1080 5909 136 5910 5062 4949 4647 5911 5912 423 868 443
1081 5909 2901 4726 3686 5913 5914 5915 2292 5916 5917
1082 5918 5919 3643 5920 5909
1083 111 5921 761 5909 453 5922 5923 5924 1285 5925
1084 5909 5918 5926 5927 5928 28 496
1085 5929 5930 5909 2812 629 3501 5931 3588 3514 51 969 2569 5932
1086 5933 3615 708 5909 5934
1087 5054 5909 5935 64 1413 5936 5937
1088 5938 5909 5939 3944 4712 1061 5940 4498
1089 3522 5909 4597 5941 5942 3527 2220 4814 5943 5944
1090 4308 5909 33 5945 5946
1091 5909 3260 5947 51 3668 4537 5948 5949
1092 5909 5950 722 1840 108 5951 400 5952 4233 5953 93
1093 5445 1029 457 5954 2843 5955 5956 5909 2379 5957 1149 5958 544 739
1094 5959 5918 5960 5788 5961 5143 3309 5962
1095 812 3918 5918 743 3686 466 2877 51 310 5757
1096 5069 5963 1904 5964 73 406 5965 2267 5966 1283 647 5918 3166 1305
1097 5918 3026 365 5956 1909 5967 83 5968 2169 4819 799 5969 5970 87
1098 65 5971 1706 5972 26 876 4616 5918 5973 5974 1909 3542 5975 2843 5976 458 5977 5383 5289 918 3858 5978 2278
1099 5979 5980 5981 4835 2870 5918 5982 3315 4832 5276
1100 3315 5983 5918 5984 5985 51 5986 2232 323 149
1101 1929 3065 2122 2024 440
1102 3389 3379 1929 4993 3931
1103 1929 2162 375 4494 1382 5987
1104 1805 1831 2948 5775 1833 1918 1944
1105 3065 1800 1944 1802 2095
1106 1944 2139 1802 1933 2095
1107 1816 1944 1800 51 1905 1843 2140 2179 1824 1828 148 2894 1850
1108 5988 5989 1944 430 2794
1109 3076 1837 1806 3075 2107 1899 1944 2157 1890
1110 1944 1788 1790 1891 3364
1111 3412 5990 5991 5992 2369 571
1112 2069 1802 3412 1856 5993
1113 2103 3106 3107 2746 3017 1196 5994 2303 1974
1114 1931 1964 4872 1886 1610 2180 2103 1932 1850 1990
1115 5995 373 2103 627 5996 4894
1116 1840 4373 1266 2103 2593 5832 5997 632 4400 506 646
1117 1841 2879 2448 2103 1797 4579
1118 1828 1950 1986 2113 287
1119 1950 2110 1974 1984 2369
1120 1950 1839 1991 3286 2018 1885 2904 1799 1812 1856 1797 1931 3072 1994 1941
1121 1796 4673 1795 1950 2964 2027 2121
1122 3059 1839 2147 1936 2000 1941
1123 1856 1610 2095 1839 2043
1124 51 1839 3059 1936 2053 1999 2000 1934 1153 2099 1862
1125 3169 1839 2097 1934 2148
1126 3059 2147 2050 1839 1936 1934 2097 2000
1127 1839 1999 5998 544 5999 6000 2832
1128 1839 2146 6001 3059 2050 1936 1934
1129 51 1839 3059 2147 2050 1936
1130 2181 1790 2147 1839 2126
1131 3451 6002 6003 4625 6004 6005 6006 6007 6008 3453 6009 6010 4633 6011 6012 6013 6014 4636 1934 2097 2000 1999 1936 1862 1839 6015 2026 6016 2050 2099 4635 4774 6017 1935 4632 249 6018 6019 302 4543 6020 6021 6022 6023 6024 6025 4631 4630 6026 6027 1115 1264 1116 2147 6028
1132 1839 1934 3059 2147 2050 6029 5636
1133 1839 3059 2147 2050 1936 1934 2097 2099 2026 2148 1935
1134 1392 996 850 1839 1936 2548 1141 5542 2552 1333
1135 1839 3059 2147 2050 1936 1934 2097 2148
1136 3059 2050 1936 2147 1839
1137 1839 3059 2050 1936 1999 2000
1138 6030 3059 2147 2050 1936
1139 1936 3059 2147 2050 3058
1140 3059 1936 2000 2146 2148 1934 2099
1141 1836 1806 1843 1958 1850
1142 1836 6031 6032 6033 6034 6035
1143 2015 1836 51 1931 1512
1144 1805 2128 1864 1925 2136
1145 2300 2085 2086 3433 1925 6036
1146 1925 2513 70 4013 6037 2259
1147 2146 5636 2099 2026 2148 1935 1308 6038 6016
1148 1926 1948 1956 1894 1991
1149 1932 1991 1831 1792 1893 2121 3060 1850
1150 1991 2896 6039 1800 3321
1151 1957 1820 1991 1943 2120 1859 1855 1842 1886 1824 1914 2153
1152 1988 1874 1804 2117 2108 3234 1791 70 6040 1958 1991 1893 2121 2132 6041 1856 1806 1889 1957
1153 1962 1991 1946 1945 1943 1886 1784 3233 1959
1154 1891 1960 1991 1610 3072 1886
1155 1991 6042 3122 51 2024 6043
1156 1991 6044 1879 5945 5519
1157 1813 2117 1991 51 1889 2138
1158 6045 1991 2152 1933 1886 1988
1159 1934 2000 2099 2026 2148
1160 3336 961 4008 3377 1183 1934 2097 6046 6047
1161 4778 6048 1934 2097 1999
1162 2329 6049 2328 6050 4546 4927 5657 1970 3173 430 4777 6051 5636
1163 5636 6052 6053 6054 1461
1164 1340 1870 3891 552 995 1003 1339 2192 3072 6055 5636 1888 2062
1165 2099 1935 2005 1889 1931
1166 1784 6056 1918 3479 2863 4832 1828 2102 1806 1843 1034
1167 1918 1766 2130 6057 4861 5772 2375 257 372
1168 1866 6058 6059 6060 1955 6061 6062 452 4605 6063 6064 5274 1586 541 6065 6066 6067 6068 6069 6070 6071 6072
1169 1441 1050 1367 851 4523 1955 988 1264
1170 1955 6073 1602 6074 2203 485 6075 6076 6077 6078
1171 1955 2067 3061 4353 6079
1172 2616 1955 3093 1602 3370 6080 4447
1173 2262 3298 2331 3171 3469 2330 6081 6082
1174 6083 2003 6084 6082 1546 6085 34 6086
1175 6082 6087 6088 306 6089
1176 6090 6091 5630 6082 4341 335
1177 862 2319 4019 1095 3886 3924 1504 2426 4829 6092 2476 5807 3767 6093 6082 2344 1207 1602 6094 1271 6095 2213 6096 6097 5586 6098 843 397 3418 3339
1178 20 6099 154 3333 6100 4931 6101 5703 6095
1179 6095 5147 6102 6103 6104
1180 2938 6095 27 658 311
1181 6095 6105 6106 6107 2412
1182 4474 6095 80 2776 6108
1183 6109 2946 6110 4383 2852 3047 5832 3379 6111 217 6112 2205 6113 6095 196 3598 6114 6115 2645
1184 30 5806 5618 4915 6095
1185 6095 3602 2557 5995 465 6116 2463
1186 6117 6095 1727 5519 6118 1492
1187 6119 1546 1766 452 2239 3950 5519 3623 1138 3612 6120 6121 6095 3356
1188 3842 1098 1192 1406 4573 1279 2664 1193 5869 222 1019 6122 232 782 1229 1634
1189 5945 506 3842 48 6123
1190 897 6124 2764 2327 3771 6125 2222 516 323 3842 6126
1191 3859 3842 6127 6128 4217 6129
1192 2181 2028 4549 2990 2910 2139 5019
1193 2181 1837 3068 1816 1856
1194 2181 2455 6130 6131 2354 2239
1195 6132 2403 2181 2885 1830 4736 6133
1196 208 2447 4879 16 257 2181 1838
1197 6134 2181 2990 628 3871
1198 2075 4344 2977 2181 6135 3230 6136 1828 252
1199 5569 6137 2181 3400 1820
1200 2181 2159 1852 1806 1865 2126
1201 1597 1830 2181 1856 1855 1833 3397 3396
1202 193 1155 5551 4572 1014 2181 159 836 970 1009 1079 164 1292
1203 51 6138 2201 2181 2447 1844 6139 1886
1204 2181 2028 2139 5019 3390
1205 208 2181 6140 3225 3183
1206 2181 2990 4549 2910 2428 1805 1908 3394 2096 1828 2095
1207 147 1368 3286 257 146 1245 2181
1208 2181 2910 5019 2139 2764
1209 1890 3394 51 2181 1843 146 1941 148
1210 3615 6141 2424 2181 6142 51 261 6143 3568 3551 6144 3613 5824 6145
1211 1418 1853 1846 2181 1886
1212 2181 1340 51 146 147
1213 2710 5092 3223 2320 573 4296 2021 5806 888 540 2379 2984 6146 5244 417 3431 6147 2914 3876 6148 453 6149 4098 4815 10 6150 718 435 3303 525 6151 6152 5148 4647 221 1260 225 1083 424 5830 5790
1214 342 2914 6153 385 2411
1215 2914 51 146 147 148
1216 6154 2024 2294 5775 6046 3390 2914 1837 1951
1217 2914 6155 1546 2694 2110 2111
1218 1908 6156 6157 3334 2990 2545 1800
1219 3511 2990 6158 148 51
1220 2990 2896 3488 2070 6159 2144 6160
1221 6161 6162 4553 2990 6163 1941 3337
1222 2990 5592 51 1233 1119 1396 382 3406 2060 1109 1953 1849 5864 6164 6165 4590 2053 149 2204 980 6166 2083 1914 1292 1177 1712 1713 1894 1940 2062
1223 2977 2910 2028 6167 2990
1224 2401 2990 1450 6168 1590 3970 236 6169
1225 2990 2977 1988 322 4092
1226 2028 6170 6171 808 2039 1964 5658 5692 1349
1227 2028 1864 2132 1912 1850 1856
1228 2028 1843 1816 2106 147
1229 4549 2139 2612 1953 6172
1230 2113 2877 3389 6173 6139 381 2542 2977 5137 1792 196 1895 6174 318 4975 1978 1952
1231 6175 6176 387 4866 6177 6178 6179 825 308 465 81 701 6180 1407 1909 5161 4862 3919 2231 1604 4251 4326 6181 6182 1560 4204 1895 1995 3857 2742 4396 3903 6183 6184 6185 6186 34 2977 2093 3189
1232 1831 1853 2919 1783 1180
1233 6187 3287 4623 6188 2422 2919 3750 4573 206 338 1367 413 4589 3401 1586 1040 219 1458 755 1076 2214 1617 5889 1043 1312 1164 1810 1399 1703 1163 813 5576 2959 3297 1176 5861 1712 1318 4672 5652
1234 6189 2886 6190 2919 1803 6191 5772
1235 2919 6192 3085 6193 1886
1236 2777 3969 331 1808 5562 6194 1987 1877 5772 3357 2919 1418 2371 1792 4861 1784 808 1823
1237 2919 6195 6196 6197 4890
1238 2553 6198 1995 3302 6199 2919 6200 2269 4742 6201 1208 2497 6202 3533 1022 1113 6203
1239 3756 2919 2140 3085 6204 4092 5416 4896 6205 6206 3939 5678 5675 6207
1240 6208 6209 3391 6210 2919 5263
1241 318 6211 4081 6212 2919
1242 2919 3107 3017 3109 1953 2886 2884 2888 5225 2471 243 4587 309 2667 6213 858 1824 6214
1243 1788 2919 6215 1791 1891 2176 1785 2161 2365 1208 2192 1339 809 1847 1810 1220 4590 980
1244 549 6216 4299 4944 468 6217 2919 51 146 148 147
1245 2919 6218 2834 6219 2344 4095 354 255
1246 295 374 373 6220 6221 2919 6222 1840 4689 1350 4841 631 375 1266 6223 5782 376 377
1247 2919 6224 6225 926 6226 5198 6227
1248 6228 6229 2919 78 2713 5832 3934 2723 2700 6230 6231 6232 6233 6234 3605 6220 6235 2501
1249 1334 2919 2834 2140 751 793 2095
1250 6236 2919 1840 2712 2713 6237 994
1251 335 6238 2919 257 6239
1252 2919 2286 3031 4166 1062 6240
1253 6241 2919 3441 1516 1191 4493 3058 6242 2111 6243
1254 6244 1180 196 2919 6245
1255 2919 1828 6246 6247 6248 2215
1256 1150 1048 3931 4712 2919 80 4505 6249
1257 6222 6250 6251 1874 2919 6218
1258 6252 26 80 2919 4460
1259 2919 6253 6254 6255 2699 5135
1260 2919 1180 6256 3085 3804 6257 871 6258 6259 6260
1261 2316 992 1048 4108 5849 2919 1292
1262 2919 4683 5609 2141 1855 1858
1263 2919 5400 1354 3245 6261
1264 5390 6262 6263 6264 6265 6266 2665 6267 6268 6269 2712 6270 2358 4383 2889 2919 6203 6271 183 1727 5418
1265 2919 6272 6273 6274 4323
1266 2947 5073 4746 65 2242 1954 2919 92 26 30 3690 136 6275 4073 489 1376 1270 1542 1155 1271 2647 4607 823 1015 941 4656 1265 1453 348 921 896 3175 4339 928 5259 3911 6276 1064 938 969 1193 1688 1647 829 1553 613 1354 1648 1072 329 5138 1328 3857 257 6277 5771 961 3229 1651 1159 741 1396 966 1488 1654 3107 837 502 1042 812 838 1173 1810 1299 1220 1399 3105 1364 424 1317 983 987 989 1464 4351 3174 232 428
1267 6278 619 10 2919 5873 749 6279
1268 498 6280 6281 6282 6283 3944 1394 1677 6284 2919 3449 6285 4035 3416 4833
1269 3954 6286 2919 2339 2955 6287 6288
1270 6289 6092 6290 3694 6291 2535 6292 6293 2919 1967 639 6294 112 2077 6295 6296 524 6297 5293 6298 6299 65 3264 3268 6300 3753 6301 6302 6303 3225 4386 4679 798 315 6304 6305 3875 6306 5927 6307 6308 6309 4862 1679 3931 6310
1271 2600 6311 2919 5847 432 6312 6313
1272 6098 2919 193 6314 1192 997 2202
1273 2919 1347 6315 6316 1522 1221
1274 6218 2919 1620 6317 6318 6319
1275 2299 1340 6320 6321 5062 1131 2919 4088 78
1276 1340 1418 1954 6322 2429 2919 1677 200 1207 221 5885 1021 1023 1019 1436 3868 1114
1277 2305 6323 2896 2919 1766 3838 2161
1278 2919 180 6324 2268 385 4437 3870
1279 2919 1340 4299 485 6325 6326 6327 6328 187
1280 5213 394 2981 6329 1025 2919
1281 1795 6330 1840 1677 1418 4088 1340 4323 196 6331 2216 3433 206 3875 3235 6322 2159 2140 1727 3163 6115 6220 2298 1350 2665 2306 1266 2952 1834 2919 2746 6332
1282 2919 6333 3539 6282 2190 5984 6334 3667 2810 3777
1283 6335 2919 6336 3520 6337 6338 361 5610 6339 6340 658 2800 3168 6341 5658 5890 381 6136
1284 1334 2919 2593 5832 1503 1659 4646 3 1169 839 5860 1399 1186
1285 2919 5879 1570 827 1034 1208 210
1286 6342 1877 4761 5853 2952 6343 5772 4548
1287 6342 1877 4761 5853 4548 2952 1803 6343
1288 2319 2297 6344 6342 2198
1289 5853 6342 4074 684 601 1140 1312 818 1898
1290 1607 4263 186 3153 1515 4761 6342 6345 1961 5412 6346 3816 5410 2 6347 6348 3330 5409 3009 5413 3172 6349 6350 6351 5276 6352 5418 3917 6353 257 204 5853 1877 4735 4740
1291 6354 4922 911 6355 4006
1292 348 335 4922 3462 3605 4164 2712 4341 4366 3501
1293 6356 6357 4322 6358 6359 4700 6360 6218 330 6361 1661 4922 6362 2973 3315 1607 4690 6363 6364 5191 1766 1868 4925
1294 6365 4922 671 6366 6367 6368 645 2870 2973 6369 627
1295 3322 257 1995 632 4922 4808 2682 6370 4541 6371 590 2369 2665 4687 6372 4495 5389 4341 74 4340 6373 5790 1331 6187 3471 335 2829 2424 6374
1296 4922 4417 6375 1357 175
1297 4922 6376 4414 4994 39 4949 1445 6377 416 6029 763 4166 6378 5945 6379 3217 6380
1298 6381 6382 6383 4922 6384 6385 330
1299 5519 6386 2025 5028 6387 4922 6388 6389 6390 3181 6391
1300 4922 6392 3445 6393 5026
1301 174 3264 1274 6394 2251 6395 6396 6397 271 6398 2363 2360 6399 6376 5999 6400 2841 3207 4922 3101 2972 465 6401 318 6135 6402
1302 4922 6403 3438 491 4811 6404 6405 2569 5198
1303 1448 687 339 4438 5124 4922
1304 651 507 4285 47 4922 1526 4415 6406
1305 6185 3438 2496 6407 6408 6409 6052 4922
1306 530 5216 6410 4764 4922 46 2231
1307 901 5358 3026 6411 544 2938 4922 3518 3438 2809 5711 2679 6412 6413 6414
1308 131 4922 6415 2799 851 6416 969
1309 4922 1727 2988 6417 3598
1310 4922 4935 3691 3978 6418 6419
1311 3122 2863 3387 334 6420 4193 35 1447 39 516 4735 196 4088 3736 6421 6422 4341 6423 4922 6424 2261 3175 6425 5334 2276 4775 5595 138 2215
1312 4922 6426 743 6427 1412 6428 191 5562 112 4821 1664 6160 6429 6430 6431 6432 6433 3792 6434 2198 2527 6435 590 680 6436 6437 3908 519 950 2930
1313 4922 16 3510 6438 6026 2211 4707 6385 1647
1314 352 2922 6439 1494 465 6440 4922
1315 5528 3454 3470 6026 6441 13 62 2766 2860 4922 6442 6443 6444 78 3461
1316 4341 1730 3090 2760 4922
1317 60 6445 3111 6446 4922 3444 1526 843
1318 6447 4922 2292 5256 3806 3935 6448
1319 4922 943 4924 941 1590 1033
1320 4922 5219 14 3829 5936
1321 3782 6449 6450 6451 6452 4888 1239 2367 1016 1004 1106 1103 4589 1626 849 1395 6453 4922 6454 1358 6363 3816 3009 1151 3959 839 382 756 5650 79 1748 1747 2830 2163 5571 1294 2935 2494 1225 3174 1467
1322 6455 2562 5512 4922 2574 151 5847 6456
1323 4746 5094 4922 6457 2562 6458
1324 6459 2140 6460 3315 6461
1325 531 5820 6462 2140 1625 6316 6463 6464
1326 2140 4745 4481 3017 1840
1327 2140 3177 3016 3003 4869 1061
1328 1550 2807 810 6465 2140 217 257 5857
1329 6466 2140 6117 1840 446 3263
1330 3875 5832 1840 4040 2140 217 3391 6467 2159 74 4088 4931 257 1677
1331 2120 2140 5592 4333 6468 2427 1806 2574 1831 1905 1957 3283
1332 467 2665 1624 6469 2140 6470 4333 3870 552 3150 6471 6472 6473 6474 6475 3429
1333 3095 2140 74 6132 3391 2886 6098 1505 257 849 5680 1354 1418 1953 1512 980
1334 2140 5148 345 6030 6476 257 723
1335 2140 1266 4726 1340 4088 3017 4176 376
1336 220 6477 2140 2339 2369
1337 2849 6478 4474 6479 2140 2988 6480 1625 6481
1338 503 6482 2140 3640 2589 6483 6484
1339 2324 2140 3177 5496 2303
1340 2140 4502 850 3919 6485
1341 2204 5578 257 631 2150 6486 632 322 2299 2385 3104 4692 2297 5647 6190 4915 2886 2140
1342 2140 3085 2017 51 6487 6488
1343 3289 2140 4170 6489 6490 6491 4661
1344 6492 944 2140 3315 5409 6493 6494 6495 207 211 2221 470
1345 2140 1341 1404 2303 6496
1346 6497 2699 28 1061 1449 333 496 1609 6498 1280 4805 6499 1737 932 1064 5029 1521 1065 1572 1394 4391 849 5622 954 5741 1660 1072 1211 3318 5623 1385 1655 1331 1170 1019 5840 656 1012 982 2140 6396 1085 265 987 2555 1465 5865
1347 3465 6500 2140 6501 6502
1348 2140 812 1599 6503 3753
1349 1607 2140 6504 2286 6505 1727 6506 2184 3981 6507 3
1350 2140 6508 2232 5977 6509
1351 2140 3310 4088 6510 323
1352 5618 6511 487 6512 544 3978 488 2140 6513 5528 3612 5747 5759
1353 1727 2140 708 4810 1418
1354 4408 2140 1931 446 6134
1355 4776 4653 6514 317 507 5159 6515 185 3928 2140 4144 707 4385 4978 4069 3211 812
1356 4897 6203 2140 2774 6516 6517
1357 6457 901 5129 3529 2140
1358 6117 4742 4565 3154 1354 2536 3903 2140 183 730 4455 1355 30 209 6244 743 5276 34 1164
1359 2318 4204 2140 4106 3017 1828 2102 1824
1360 512 2653 1354 3391 128 127 4026 6518 2140
1361 5528 2140 5025 2778 2372
1362 6519 6520 2140 6521 2785 2393
1363 2140 1546 1831 6522 4872
1364 2140 381 257 2877 6523 812 4739
1365 485 4695 6327 3177 6325 1353 2140 40 73 369
1366 6524 2140 257 631 552 5090
1367 1341 2140 3657 2519 4679
1368 3335 6525 5408 2140 322
1369 2351 6526 2691 6252 2140 2447 4027 5950 6527
1370 2140 6528 6529 1808 3391
1371 4958 6530 54 257 4739 2140 3598 2891 3993
1372 2854 1538 2140 3017 6340 552
1373 2140 3325 257 4088 1895
1374 2140 1418 3605 2995 1840 3391 257
1375 6531 752 6532 6533 4248 452 6534 2140 1266 196 894 6535 6536 1418 4852 257 1840 4861 3105 484 6537 5006 6538 1347 3106 1838 3952 6539
1376 1334 5544 3154 1273 553 2366 1064 5880 2140 849 1105 1210 1660 1072 961 5411 3172 1371 262 4190 2250 2054 4781 502 2861 5830 5831
1377 3728 2892 3590 112 5236 477 6540 34 402 3198 4821 404 6541 2140 3952 5452 2424 2221 185 3948
1378 6542 3154 6543 3789 3723 5007 110 2313 1571 507 417 5255 1095 6544 1600 527 403 440 6545 2547 6546 4927 2140 619 331 2906 670 6547 6072 645 2413
1379 2140 6076 3891 5869 6548
1380 884 1504 6549 870 6550 2140 5882
1381 2140 1874 1803 6172 1725 6551 2415
1382 6552 6553 4089 2140 2751 2754 6283 3824
1383 5067 877 6301 6554 6555 6040 208 2140 3195 1840 5489 2342
1384 1511 4595 6556 1357 5291 2140
1385 4849 74 2140 6557 4326
1386 2140 6558 2642 6559 506
1387 6560 6561 2140 6430 3258 2576 6562 4735 2271
1388 1870 3286 2140 2902 1835 1912 4676 1823 1790 1898
1389 6563 3438 2652 6564 2140 204
1390 2140 899 5167 5360 326
1391 2140 3085 3445 6565 5536 6566 854 6567 6568 6569
1392 2140 4314 1607 6570 503
1393 6571 4521 6572 6573 223 2140 1307 6574 2669 1589
1394 2140 2972 6575 6576 4273 5795
1395 3197 345 3264 2518 3851 1340 2520 5562 6127 2140 6577 5161 2654 2468 3802
1396 3257 707 1123 1511 2140 6080
1397 2140 1853 1790 1784 2128
1398 6578 6579 6580 2140 6581 3832 6582 2546 6583 5720 5798 6584 2870 5545 1286
1399 2140 6585 5457 6586 1602 2461 2374 4493 6138
1400 6587 1244 6588 2140 1954
1401 2140 381 5412 296 3130 6589 3935
1402 2140 2574 6590 6591 6592
1403 181 2140 331 257 6593
1404 185 3034 2140 6594 1370 1120 323 1293
1405 1518 204 6595 5662 2140 6596
1406 176 4795 4311 2140 5937
1407 6597 6598 1550 4197 5392 2140
1408 2140 6599 524 6600 3107 381 1503 257
1409 6601 6602 1840 2650 980 2140 39 524
1410 2140 1783 1832 6603 1874 51
1411 6604 2625 2140 2733 324
1412 3658 6605 877 3361 638 4017 2779 6606 3968 2140 1953 6607 2239
1413 2140 4240 6608 868 6609 4269 3694 6479 6610 5564 6611 4407
1414 3479 3715 2140 2344 6089
1415 3344 751 6612 2731 2552 6613 6614 6615 6616
1416 6106 1301 4949 861 6617 6618 6619 6620 6621 6622 4154 6623 3272 4758 1207 6079 318 1871 3344 972 4384 1660 6624 1418 1829 5585
1417 4417 5922 6625 5680 1474 1418 3344 6626 4393 632
1418 3344 268 531 353 4800 511 2713 6297 381 3107 6627 6628 6629 257
1419 2424 6630 3344 268 6631 2283 3438 1674
1420 2672 3492 6097 6632 3978 4121 3817 6633 6634 6635 4880 2653 3640 93 3344 247 647 6636
1421 1344 6637 268 4764 6638 3344
1422 6639 6640 1266 2298 4088 3319 3344 3898 4735 3143 6641
1423 477 3344 4040 6642 2652 2532 6643 217 5680 5238 6644 6488 4844 1061 6645 1979 6574 6646 4796 842
1424 6647 2332 1737 4680 3344 6648
1425 1525 3344 6649 6650 6651 2215 6652 5040 6153
1426 3065 1831 1853 193 1566 1456 1644 562 24 1233 414 4599 1162 973 1082 6653 5651 1402
1427 1566 3902 4589 6654 1261
1428 1566 6655 1192 1450 408 3902 5011 5570 6454 4626 968 5884 1057 1221 1686 1058 4643 1115 1264
1429 1028 1340 1180 1566 5551 853 2192 1395 2203 836 2204
1430 1566 1275 363 338 1481 1352 412 1036 4108 1586 222 777
1431 55 6656 6657 1566 1516 1029 1676 5312 5871 1381 1064 1281 1443 1039 811 819 1712
1432 1566 4888 720 1240 1004 1106 158 3390 3828 986
1433 6422 1268 821 1566 1594 1230 853
1434 6658 2581 6659 5382 4938 5845 6660 4815 5140 2847 866 1473 5530 6661 2021 859 6662 1566 5551 2326 1271 1516 5947 2742 1125 1517 1569 1060 1117 1642 329 1104 816 152 3921
1435 6663 1340 1566 4622 1392 408 411 5392 1138 1069 1456 157 1329 1042 5824 1847 3163 6165 777 986 1316 5018
1436 1268 1566 1236 805 2007 6165 2550 1318
1437 1566 1594 1240 850 1286 4685 1713 5030 1605 3174
1438 1566 338 413 1579 1037 1743 224 1176
1439 1566 1134 1136 1212 1075 4732
1440 2737 5339 193 4408 1566 1405 23 1133 1738 1053 1552 4662 1743 1108 1212 1393 1156 1487 756 1654 265 1152 1111 1166 3866 1045 1401 1414 1174 1415 1177 1225
1441 1270 4587 5551 1271 1031 1450 939 940 1065 1068 1715 1326 1622 1070 4780 958 1037 1652 1680 1699 1628 965 793 810 755 4599 1322 3 4555 3039 2728 1289 223 777 3297 1085 1177 1592 1416 1113 1464 1293 1400 5831 1634 1635 1229
1442 4587 1736 1351 201 1442 936 1128 1210 1056 1313 6664 985 989 990
1443 4669 6665 2739 2709 6666 5365 6209 6667 2520 6668 2705 6669 4650 6670 2244 45 5316 6671 877 2634 4565 2757 627 6672 6673 6130 6674 6675 6676 6677 3723 6678 1343 1345 6269 1093 3315 3650 3420 6679 3384 1479 3275 2640 6680 6681 6682 6683 6684 2890 3880 6685 6686 3788 6687 2749 6688 3171 6689 1304 4587 2688 6690 3453 6691 3712 259 1049 1570 4644 4622 4390 2662 1191 4036 2111 4711 6692 1134 6693 4122 4121 2442 6630 3273 2690 2381 853 6694 1526 6695 6030 6696 2807 6697 2110 6698 1398 1562 1683 6699 1710 1361 5609 1414
1444 5343 217 5025 4587 6700
1445 4587 1157 1130 1133 3911 997 995 998 1527 947 3825 1476 2666 6701 1652 1383 6702 159 166 167 160 970 839 2730 1436 3869 314 1148 1439 6703
1446 4587 6704 1532 1238 1239 2365 2367 1339 5862 1103 6705 1106
1447 4587 2648 1029 198 1450 955 157 958 5852 1290 762 777 3338
1448 6706 880 1607 423 1028 4587 1495 1840 1997 2804 4888 1183 1225 6707
1449 4587 823 2459 853 1551 2949 809
1450 1180 2651 1483 1015 1570 4644 1427 1016 4578 6696 5797 5875 4587 1286 265 1364 1148 3338
1451 3085 2343 1248 1028 6708 196 1154 2764 4587 1725 1496 4702 853 1072 1207 6433 1843 2612 1434 4594 1399 1113 1025 980
1452 4587 2926 1517 2625 333 2905 947 955 1659 158 3297 231 986 1293
1453 6709 2623 6710 6711 2626 6712 4612 2619 3694 1721 6713 2518 5099 1696 6714 74 1840 3371 6715 436 3482 6716 6717 6250 3307 4800 6718 643 2645 6516 4587 196 2769 6629 6719 790 552 2461 3345 333 4621 1452 1130 4339 4355 1450 6720 801 2859 996 1066 6721 6722 2408 6723 854 1742 6724 3273 6725 4823 4826 5881 6726 6727 6728 4458 6729 747 1708 1107 1432 1647
1454 4587 6314 930 1231 2393 1368 2933 415 4781 5888 1433 2060 4684 6730 2110 988
1455 3047 2145 1377 4587 1498 2057 1235 200 1736 4608 1256 1231 154 1011 970 1563 3163 4588
1456 6731 5551 1519 850 1282 1033 1160 415 1011 1082 6732 1186 1148 4672 4606
1457 2645 5551 6733 1548 994 1265 1061 5885 4594 1046 1200
1458 1375 5551 407 1236 1320 1321 947 1214 5623 415 1709 3406 1007 1061 224 837 165 1314 164 1259 162 841 1169 161 811 840 1164 1165 1161 1167 1171 839 1172 1059
1459 6734 1334 1268 193 5551 1124 283 6735 920 992 994 1351 1031 6565 1279 1032 1688 1016 2200 1103 1629 1214 1654 5795 969 838 1372 1810 229 1259 163 974 1560 1169 5030 1592 1605 1317 1316 1247 1227 1228
1460 2448 2447 5225 2449 5551 1475
1461 1475 1155 5551 1125 196 1336 4638 2366 4573 2200 2202 1659 6736 1106 1320 4665 2203 330 1708 1660 1006 1157 2531 5623 416 1162 1025 1399 1810 1512 1414 1086
1462 5874 5551 2859 1022 1112
1463 5551 1158 1157 1725 1265 992 1279 930 1736 941 1740 720 4016 5742 1502 2906 958 1626 1551 6737 1554 1413
1464 193 5551 1276 1117 1280 941 1278 5880 1000 806 4589 969 1708 1211 6702 1359 1151 265 4594 3297 985
1465 1480 1248 5544 1268 193 1252 3415 1155 6738 5551 5899 3154 1337 1117 1014 1570 1612 1382 1016 947 1195 6739 1555 1645 382 1433 1500 1184 1293
1466 5551 1053 413 4350 3 1445
1467 5551 1029 2926 1424 1569 1231 724 1320 1034 1214
1468 5551 1235 851 6086 1746
1469 1695 5551 1742 6740 1148
1470 6741 3379 1838 3456 6742 1475 1523 6743 1280 3893 2906 2933 2192 1708 6726 1849 1057 1169 1288 4590 2982 1810 1025 1512 989
1471 1904 3422 6093 3765 6742 1246
1472 6742 3882 334 3870 6744 6745 1066 6746 1187 2653 1766
1473 3153 5127 5462 540 6742 1096 6708 894
1474 6742 4095 92 6747 6748 1904
1475 4056 184 907 6742 6749
1476 1028 1268 1248 1125 193 1424 1594 1527 3921
1477 6750 1248 1340 1334 5544 1125 910 1265 992 1134 2664 1295 6751 939 1004 997 1339 1233 5884 3406 1044 1299 3868 1058 1225 1400 3174
1478 6752 1028 1271 1125 4572 1424 6753 945 4578 948 4780 5851 1364 5886
1479 2403 1125 3627 6754 4424 6755
1480 6626 5559 6250 196 1274 1125 1130 920 4638 333 1278 5460 155 806 1527 938 1006 6756 1286 1022 4576 1749 4909 4684 1026 1712 2494
1481 193 2326 1125 1191 1275 823 1424 4638 1351 1235 1278 1615 1622 6757 2393 6758 2666 1627 1680 3406 1217 842 1221 1656 1316 1202 6759 3338
1482 6760 1695 1125 2531 1100 4704 939 997 4642 829 1645 1367 210 855 5649 193 5875 3406 1152 1019 1562 656 1177 1687 1417 5831 6761
1483 6762 1125 6763 1255 1731 2459 4638 4622 1381 1239 1280 1594 1240 1595 4642 1394 947 1194 1000 807 1106 6764 1072 1623 1071 1230 4076 1108 1648 6765 3253 804 275 1385 1654 1009 1315 1400 1264 1115
1484 6766 6767 718 5457 1516 1125 1377 2057 1156 1061 1405 1014 1306 994 1133 1278 2200 3963 1688 1394 946 2932 1678 6768 5866 6454 1214 1141 1233 1142 1109 167 836 1079 840 1491 1024 161 164 163 2492 1437 314 1084 1059
1485 3465 6769 1253 1125 1731 2199 1424 1450 940 1000 5855 1742 948 601 6756 4626 414 1075 1057 2492 3869 1148 1714
1486 4654 1125 5457 1448 1132 1097 912 1133 1515 1240 1324 1274 1032 1456 1103 1278 155 806 5866 210 5883 1370 1119 810 2727 3827 1023 223 1184 1491 1437 1403 984
1487 821 6770 6314 1125 1191 1236 997 1211
1488 6771 1124 395 348 1451 5505 2362 1381 1278 1594 937 1230 804 1353 832 1069 1623 1572 1497 1622 1105 957 1210 1125 1470 3902 1553 1496 1627 1680 3318 966 5623 756 1216 415 1217 969 6772 6773 5840 1061 1560 1711 1491 656 1463 1317 1713 1656 987 1687 2555
1489 193 196 1516 1125 1496 1725 996 1470 1105 942 1532 330 1171 6774 817 1046 1025 1085
1490 2885 3154 4592 1125 196 1154 1156 1117 407 1725 6498 198 3773 1452 4075 6775 4833 996 848 1352 938 1551 828 1519 1002 2192 1283 1367 1354 613 4589 1072 961 1413 963 3915 964 6702 966 415 5856 969 1661 6776 1082 1299 1010 1164 167 974 838 1437 1403 983 1712 1438 6777 6778 6779 6780
1491 1125 4620 1677 1450 1265 994 996 2366 4639 1615 1470 1509 806 807 1139 1210 1680 962 1458 1372 1061 1299 1220 2204 1085 986 1058 1227 4602 782 5652 6761
1492 6781 4726 6782 2401 6443 6744 6783 6784
1493 6784 4040 482 6785 2613 6786 6787 6788 1840 196 999 2982 6789 6790 3085 1572
1494 729 1134 6784 5742 4088 4735 527 818
1495 6791 6784 740 6792 3871 3870
1496 6784 2205 1548 6716 6793 4882 6794
1497 2910 6153 3422 6080 2096 5609 1824
1498 3064 5656 2910 1957 1981 1828 1912
1499 55 460 6795 1451 2910 1658
1500 1905 1828 2910 808 1912 2120
1501 1912 2139 1788 1805 2016 1845 1964 2155 2049
1502 1886 1856 1855 3396 2139 1933
1503 6271 2970 6796 2139 1837 3988 1048 5276 1859 6797 6798
1504 2139 5549 1960 3099 6799 1919 1333
1505 6800 2275 2106 2139 1806 1816
1506 2139 2157 6801 1828 3060
1507 1806 1941 1843 2106 2139 3076 3072
1508 2139 1905 1802 4937 3070
1509 1806 1802 1890 1805 2139 1815
1510 6802 1994 2139 1890 2675
1511 2139 1895 2111 1816 658 6135 905 4126 2569
1512 4118 5019 6803 6804 6805 6806 6807
1513 2076 5133 111 417 868
1514 2896 1933 1800 1908 2007 2076 6808
1515 5687 2892 6809 1133 4778 2270 1840 5948 2076
1516 4223 4934 5574 2076 3967
1517 271 202 270 6167 6810 149 3867 6811 3260 4123 6812 2076 5701 6813 6814
1518 2083 2894 1960 2076 1915
1519 2076 1840 1828 1856 1820 1823
1520 268 6815 4474 4472 4471
1521 268 5228 6556 6534 3093
1522 869 876 136 1302 6816 6817 2732 3122 6818 6819 3091 5547 6820 268 294 667 2173 6821 6822 2273 2778 6823 516 6824 6825 6826 6188 6827 312 1436 6828 6829 373 6830 6831 6832 4981
1523 268 27 3031 4166 4764
1524 3862 268 6833 2574 5510 3017 4835 4600
1525 6834 268 261 586 1550 267 6835 6836 2410 6837 3279
1526 1805 2177 1912 1859 2029 1990
1527 376 257 4088 1062 4735 6026 1990
1528 1990 1831 1791 1610 1859 1882 1884 1858
1529 4596 2107 2964 2918 1990
1530 2152 1855 2113 3396 1960 1850 1861 3015 149 1852 1856 1881 2051 3397
1531 1411 1856 6838 6839 2157 1855
1532 1821 2049 2157 2095 1856
1533 2157 1788 2957 1887 2956 1800 1843 1816 6840
1534 2102 2157 1804 808 1933 1855
1535 1853 6841 1785 1787 3071 1802 2157 1843
1536 2157 82 3444 1090 1183 287
1537 6842 2442 2613 6232 4906 4214 6843 5913 4447 1308 2102 6844
1538 2102 1856 2049 1013 4759
1539 6845 6846 6567 2102 1828 6847 1816 6848 6849 6850 6851 5017 6852
1540 2102 5663 51 3081 1859 1821
1541 3235 318 6677 6853 1792 6854 2102
1542 3679 6855 3225 3670 630 3093 3609 5922 2102 2303
1543 4595 1838 3770 2102 3105
1544 2134 2992 1958 1981 3435 1957 2124 2195 1840 2102 1792 1804 1805 2132 2136 2125 3380 1845 1844 2965
1545 2102 1933 6840 2095 3397
1546 4544 2102 6856 2502 4262 2051
1547 6857 1785 1964 2965 2102 2492
1548 1153 3286 1912 1185 6858
1549 2195 2902 2005 2094 3286 1905 1610
1550 3286 6859 4114 35 5591 4728 6860
1551 3099 4545 6861 1333 3098
1552 2016 1890 4872 2124 1820 3099 4545 1932
1553 1546 2662 1988 1828 3099
1554 3099 4545 6862 6863 6786 1333
1555 6864 4223 6865 4545 6866
1556 6867 6868 26 5552 6869 1411 6870 5842 6871 6872 1576 6873 6874 6875 6876 4767
1557 1602 4859 6877 6878 3429 6867 6879 6880 5630 1327 4684
1558 6867 1546 6881 6882 6883 6884 3356 265
1559 1203 6867 6885 6886 6887 6882 6888 6889 6875 6890
1560 6886 6891 6892 6893 6867
1561 2649 3802 3770 4088 6894 6517 6895 6691 6735 3184 6860 1726 1546 83 6896 6897 6898 487 6826 6043
1562 6899 6900 1546 6001 3321 6039 6335 6901
1563 6902 6903 3415 1271 5980 6904 1546
1564 5846 335 1546 3439 6905 6906 6907 6908 6909 1600 1909 2316 2574 6910 6775 172 3085 6911 3002 6912 6913 6914 6915 3091 6156 6916 6917 6918
1565 4359 50 1546 6919 5342 513 2803 5767 2870 5802 6920 6921 6922 1182
1566 2063 6923 5086 1546 1675 1271 4808
1567 6112 1546 4544 6924 3009 6925
1568 1602 236 6926 1546 4414
1569 2634 6927 6266 1048 6928 899 3194 6929 6255 2699 2292 1546 6930 3880 506 34 1766 2897 6886 6931 6932 3322 1897 6933 6934 2425 2338 3105 3832 6935 2731 6651 2673 846
1570 5528 6936 6937 5152 1546
1571 1546 6873 6938 6939 6940 6941
1572 1546 3563 4210 3670 630 3093
1573 1546 6942 6930 6943 1203
1574 1546 6080 6944 6871 6945 6946
1575 6947 5162 6948 1546 6080 4302 3355 1203 6942 5035 6949 6877 6888 6950 6892 6951 6700 6893
1576 1546 831 3355 3058 5609
1577 1248 1028 1340 1334 1348 2326 1546 1523 1389 6498 1339 1354 1749 1026 1438 1086 1750 1147
1578 1546 6952 6953 1203 6954 6955 6888 6885 6956 6957 4766 6958 6959
1579 1546 6886 6932 6887 5545 6786
1580 1546 1192 1532 1133 5460 412 4108 1242 805 1114
1581 3265 6960 6409 1546 6586 1602 4460 51
1582 51 1546 318 3438 3400 4175 6227 6961 3868 361
1583 1546 1602 1511 6962 5543
1584 3907 4081 65 6963 26 4565 115 541 5457 2221 481 6964 4515 6965 211 3885 6966 3829 628 6967 3438 912 363 1546 553 2081 6133 3862 3893 4907 2292 6968 6969 6100 439 4244 6396 6970 2417 6971 2263 1141 1143 159 382 1259 970 165 841 836 1079 167 1170 1562 1222 842 1077 1315 845 1059 6972 846 1440
1585 1447 4166 6973 3677 1546
1586 2989 6974 1546 3511 6874
1587 1546 6875 6975 6976 6945 6977
1588 329 1546 128 6498 6978 6518
1589 6979 4479 2969 2801 6980 6981 813 1546
1590 1546 2317 4703 6982 6417
1591 6891 6983 6984 6876 6871 1546 4302 6985 6986
1592 6987 6988 6989 1546 6990 1354 3416 5216 2576 6991 6992 1340 361 1020 6993 4385 2495 5479
1593 1546 6501 1123 4981 6994 6995 1513
1594 6996 4007 1546 2558 4119
1595 6886 1546 6887 6997 2469 6998 6999
1596 5354 1250 1251 7000 3851 1546 2768 3757 6743 946 1688 1430 412 1553 7001 601 1354 1616 3970 969 3816 1627 1108 1651 1286 502 983 987 1146 1773
1597 1546 7002 573 7003 4893 7004 4998
1598 1546 7005 3871 4504 3207 7006
1599 3784 7007 4699 7008 456 3565 7009 1546 5727 7010 150 6417 2633 189 638 5145 4251
1600 6522 1546 6892 6886 7011 6940 6932 6899 6108 3321
1601 1511 1546 7012 6080 6652
1602 7013 2887 7014 413 1447 2993 3922 3122 1546 1602
1603 1546 6942 3356 1511 1203 7015 6945
1604 6503 2835 307 489 2056 1546 6548
1605 7016 1546 2278 1255 5536 4579 7017 795 4925 7018
1606 7019 1546 3355 3409 6941 6873 5842 6605
1607 1546 6791 6745 3366 7020
1608 1546 6522 7021 7022 6521 3857 969 2562 2920 1599 7023 6083 7024 7025 7026 4028 7027 4431 7028 7029 3993 4600 7030 1901 7031 7032
1609 2858 1546 937 724 1033
1610 5132 4359 7033 1546 6949 7034 396 7035 6877 2270 2393 6882
1611 1546 2438 1727 318 256 1354
1612 3858 3857 1182 969 1546
1613 1546 4695 3357 831 4088 6949 1613
1614 1546 7036 3666 7037 4283 960 1597
1615 4285 2412 781 1546 7038 785 6782 3941
1616 2969 4079 4197 7039 1546 7040
1617 7041 1546 7042 7043 4867 3184 4878
1618 6948 1546 6954 6930 4302
1619 1546 1203 5987 6469 7044 6899 7045 3321 7046
1620 1546 4255 5234 2593 7047 2091 7048 4806 350 7049 6631 284 5845 4786 7050 7051 6863 7052 7053 5885 1200 4803 2888
1621 1443 6700 1546 7054 4508
1622 1546 681 5131 2877 1173
1623 7055 1546 1727 3533 448 7020
1624 7056 6399 7057 3346 2251 7058 1110 7059 3026 5291 6409 1245 7060 4187 4226 7061 6153 7062 7063 1546 7064 4081 1123 3309 1770 7065 91 6960 1511 7040 1203
1625 1546 7066 3355 3409 1203 6932 6957
1626 1546 6001 4302 6891 6946 7067 7045 6983 6900
1627 7034 2762 1546 3048 7068
1628 1546 3640 279 204 543 6227 1436
1629 1546 7069 3739 1182 3919 7070 7071
1630 1546 4791 3783 4657 3916 7072
1631 1546 4917 4766 7012 3356
1632 6940 6958 7035 7011 7073 6997 1546 1358 5334
1633 7074 6885 1546 7075 6875 6873 7076
1634 1546 685 7077 3991 1394 1034
1635 1546 3797 6886 6891 628 3858
1636 1511 5034 6962 6956 6957 1546 6153 1000 6409
1637 7078 7079 7080 7081 7082 3377 6572 1549 7083 7084 7085 6896 7086 181 6362 913 7087 6611 1546 2764 7088 7089 7090 114 7091 879 3528 6232 2593 7092 7093 6989
1638 1546 3438 5614 552 1511
1639 1295 1502 6757 6758 1037 1310 1119 1143 1683 1299 1163 816 1546 7094 1464
1640 6940 1546 7095 6870 5842 3057 6873 3356
1641 1546 1602 7096 6888 6892 7097
1642 7098 5630 7099 1546 6959 6976
1643 30 7100 4069 7101 472 5280 261 2543 1546 4418 7102 660 2508 331
1644 7103 3469 3715 1546 1511 7104 7105
1645 1546 131 7106 2569 1741 4033 7107 4887 51
1646 1203 1546 7019 1602 1511 5848 6954
1647 1557 1546 6945 6871 6872
1648 1546 1430 6001 6039 7108 7109 7110 7111 7112 7095 7113 6880 7114 2323 6983
1649 3930 1546 512 519 7115
1650 1546 7116 2004 335 2776
1651 5035 6956 7117 3356 1546
1652 1546 6962 7118 2207 6792
1653 7078 1546 7119 927 7120 3725 3150 1646
1654 1546 7121 7122 7123 552
1655 1677 4888 2367 1546 1699 1197 1184
1656 1546 4302 5536 7124 1161
1657 6184 1546 7125 4891 1727
1658 193 1418 4920 1546 1148 1465
1659 3409 1546 6932 5034 6948 6892 6958 6953 7126 6956 6952 6955 7096 6409 3355 6107 6875 6888 6001 6885 6883 6951 4194 7127 6985 6940 6886 7128 7117 6944
1660 7129 1546 6888 3409 6893 6985 6001 7130 6959 7131 7095 7011
1661 1546 2343 7132 2210 5764 7133 7134
1662 1546 5528 6986 4385 3702 6899
1663 6887 6886 7135 7136 7075 3356 7128 6956 7117 7137 6871 6986 7138 7139 1546 6945 7130 6976 6880
1664 627 4340 1546 3009 1758
1665 2913 1183 7140 1546 1040
1666 1546 5034 7141 6885 3356 6956
1667 1546 5848 7142 4766 7143
1668 1546 6420 6885 2822 2750 5034 6957 7144 6915 7145 7146 6769 2989 3356 1203 7147
1669 1511 6888 6938 3409 1546 1203
1670 3322 7148 4153 1546 6623
1671 1546 1602 1203 1511 6888 6001 6899 3321
1672 1546 7149 7150 7151 4023 3803 5962 7152 2389
1673 1600 6139 2794 6731 1546 1475 592 7153 1389 2957 1208 412 6696 1418 1354 7154 7155 7156 2365 5512 7157 5659 2362 2183 5994 7158 7159 80 7160 7161 7162 4646 793 7163 7164 756 7165 755 416 2861 1810 6033 1146 1225
1674 1546 1529 7166 4318 1709 246
1675 2712 880 5175 1546 1048 7167
1676 1546 4302 6869 6891 3438 418
1677 4043 1682 1071 7168 7169 7170 1546
1678 1546 39 1015 1354 4445 7171 3670 7172 4338 911 3154 4166 5344 6962 4398 6960 1492
1679 1720 3498 1248 1340 1028 4056 4204 2470 868 6749 5807 7173 7174 5302 1272 3887 5140 1422 1546 1377 2057 2459 200 1406 4621 1351 7175 7176 1521 935 939 1594 1509 1136 1382 942 1352 1138 807 155 6547 7177 1554 1297 965 3826 1120 4626 1373 7178 79 2394 437 1078 5944 656 1290 1391 1437 1512 425 1402 1403 3297 4601 983 987 7179 5865 4606
1680 74 1967 7180 1546 2300 257 3105
1681 7181 3670 649 7182 1546 6891 1203 6518 4253
1682 1546 6001 6885 6957 6899 7183
1683 1205 2581 6665 142 2478 4236 6272 4715 1546 7184 3390
1684 4282 7185 1546 1436 2554
1685 5228 1546 3438 6952 5040 6869
1686 2532 7186 7187 5054 414 7188 4868 1679 275 128 151 1546 3834 7189 969 5406 7190 854 7191 4981 7192
1687 5148 4393 1546 5063 1095 496 6845 7193 2047 7194 1741
1688 1546 3355 6409 6949 6885 6957
1689 877 108 6217 562 465 1546
1690 1546 2003 7195 2081 1486 6518
1691 1546 5155 2053 65 80 6957 1572 978
1692 1546 1602 7075 1203 1511 6001 6985
1693 6974 6930 3648 3838 6572 7196 4293
1694 6891 6885 6869 4302 3356 6107 6974 4776 4558
1695 6974 3129 3355 3409 7126
1696 7066 6974 6932 6001 7197 6877 5630 6948 6962 2219 6960 6986 6951 6950 6946
1697 7137 3356 6891 6887 6882 6985
1698 7105 7126 7137 7198 5034
1699 7137 6985 6885 3356 6957 6956 7199 6948 7074
1700 6985 7137 6986 7075 6940
1701 5007 3794 3202 874 894 5064 1909 3565 3967 454 1569 2047 7200 6226 5113 386 5838 2877 275 1683 7201 7137 1061 1488 5028 1744
1702 3356 7137 6954 6948 6882 6957 7138 6986 6899 6877 7099
1703 7002 2749 7137 6960 7202
1704 6877 6080 7203 7137 4302
1705 7137 3841 7204 4018 1492
1706 7096 6886 1645 6882 850 7199 7075 6962 6884 7136 6869 6891 4194 6153 6955 7095 7130
1707 1766 2297 1027 7205 4644 6153 2791 6646 5434
1708 6153 7206 1308 5802 7207 7179 5493 7208
1709 6949 7209 7210 6153 7099
1710 82 7211 7150 7105 3162 6153
1711 5203 6704 1574 2668 6153 374 1350
1712 307 5497 3048 7212 4579 2972 34 3922
1713 7213 6108 7214 99 2059 1766 7215 7216 7217 7046 7212 7218 2483
1714 7142 1645 7212 4766 6879 7219 7199
1715 6883 7220 7221 7212 7222 7095 7223 6962 7108 7109 7224 7114 7110
1716 7075 6885 7225 7226 5034 7212 7227
1717 1727 7052 5552 7212 2068
1718 6944 4199 5543 7228 6899
1719 7229 5354 4199 3897 2234 627 6885
1720 7096 3356 4199 7230 6901 7040
1721 4400 6390 7231 4199 6944 6001
1722 4421 5576 7232 7183 7233 7234 7235
1723 195 7236 6634 7183 497 6986 1683 7138
1724 7183 3534 7237 5914 1336 4431 339 7238
1725 7128 6957 6956 6985 6885 6986 7183 6603
1726 7183 7129 6893 6945 6946 7112
1727 6876 6871 7117 6984 3550 4354 7239
1728 627 7117 6871 5793 6983
1729 6887 7117 6876 6871 5034 6885 3356
1730 1203 7117 7228 6959 5543
1731 7117 6950 6875 7128 6871 7240
1732 6882 7128 6876 7240 7117
1733 7075 1203 7117 7230 6959
1734 7241 7242 7243 3356 6957 7244
1735 6877 6882 6884 1511 7244
1736 7135 6887 5034 6882 6885 6957 1511 7244 3409 6983 6875
1737 7129 7126 6899 7112 7244 6946
1738 6892 6882 1203 6893 1602 7244 6962 6883
1739 6665 5548 880 7245 2197 2426 3013 1967 3873 4695 5396 4652 4552 2344 7246 2878 2947 1788
1740 5548 3598 3794 5362 142 1340 1475 1155 4620 1191 5879 1278 1018 5862 3963 940 938 947 5392
1741 2619 5548 2665 92 55 7247 5277
1742 2426 5548 5347 7248 3875
1743 4695 2426 4726 5548 7249 4612 170 2518 7250 2982
1744 97 2455 102 7251 6130 7252 7253 7254 6669 109 7255 2739 2205 2946 6110 7256 7257 7258 5548
1745 5548 2701 2706 2901 880
1746 5323 1089 5548 6228 3239 4717
1747 2712 880 5548 7245 6222 4652 7249 2197
1748 5548 5347 1967 3598 173 4552 4652 2319 4695 3875
1749 5405 5371 3907 3906 5548 671
1750 5548 2981 4552 4652 2344 5997
1751 7259 5548 5347 3598 2426
1752 5548 7260 2706 3494 5541 3873 3901 6248 7261
1753 5548 3598 3875 880 627
1754 1792 2167 2195 2117 3380 3414
1755 1954 7262 2167 3309 34
1756 2167 1777 3430 2151 7263
1757 2167 2205 1781 70 3502 7264 323
1758 1548 1380 1278 1003 1207 1661 7265 7266 818 2167
1759 6332 2979 2167 1954 1340 4456 257 7134
1760 2167 5638 2896 3334 1887 7267 2888 7268
1761 2167 6659 55 7269 4746 186 7270
1762 2885 2653 2167 7271 617
1763 2167 1418 1954 3177 5225 3597 3266 7272
1764 5612 6172 1887 2167 5746
1765 2387 1874 2948 7273 2104 5024 1953 146 2167
1766 1954 2167 1381 218 755 250 418 2909 1261 816 1391 1178
1767 51 146 147 148 149 2167
1768 7274 2870 3315 627 3776 7005 7275 7276 202 3423 4088 2701 1409 1810 1299 2204 986 5830
1769 2701 2948 1953 1988 1870
1770 7277 2739 3794 475 5384 433 877 7278 7279 2701 4938 7280 5161 7281 185 3158 3327
1771 7282 2701 7275 4927 7283 3183 2217
1772 5718 3456 2269 7284 257 2701 4726 6468 7285 1801
1773 2701 1783 1831 6037 4477
1774 7246 4695 2426 7286 2701 5375 3362 5612 3873 7287 4552 1788 4897 7288 4595
1775 5175 7289 2701 3538 7290 7291 7292 7293
1776 7294 5954 2701 3017 6966 3679 6304 7295 2893
1777 2701 7296 7297 440 2783 4326 7298 5746 6072 7299
1778 2519 2754 555 2701 3345 4338 1075 3052
1779 2701 4652 7300 3694 2215
1780 2701 7301 7302 5917 3487
1781 2701 1837 2988 1855 5847 6885 2812 3314
1782 2701 5347 2706 4695 3875 6468 6332
1783 6935 632 6486 5647 2701 4923 7153 2825 631 7303
1784 1266 7304 7246 880 7249 7260 4695 7245 2701 2438
1785 3322 3105 1386 2701 3694 7305 3598 2197 2878
1786 7260 2981 7306 4695 2319 7287
1787 4652 7260 4849 1340 1514
1788 7260 1514 7307 2371 4849 2951 3362 2795 7308 2428 1340 1062 7309 1492
1789 3362 1340 7260 7245 2883
1790 7260 1334 7310 1271 1303 1255 1503 1725 4621 4608 1052 1018 2362 1594 2367 1527 853 1256 1231 1016 1326 850 5875 1242 2203 1626 1413 154 1075 1233 1142 809 1007 1197 159 382 2551 1164 1433 160 1152 1057 970 165 1172 1314 166 1169 1258 1563 839 1079 1167 1399 7311 161 162 1260 842 1364 1463 1292 2935 1658 1059
1791 2709 2456 173 5347 3322 3109 1608
1792 7312 2981 6577 7313 2982 4125 7314 6805 5263 7315 7316 486 6922 5347 7317 7156 2871 3481 4954 1308 7318 3508 4726
1793 5347 193 1354 1505 3400
1794 5347 2712 7319 7320 1018 4863
1795 5347 5067 82 255 119 7321 7322 80 1118 4519 1449 7323
1796 3600 4695 1482 1840 7324 5347 6292 7325 3969 1598 1875 205
1797 2901 2706 4552 3598 5347 7326
1798 2981 4552 2917 5613 4652 5347 3186
1799 5347 5336 7327 2733 7328 4063
1800 7329 7330 80 3315 7331 7332 7333 309 2940 2938 4221 6048 7334 7021
1801 7329 6581 5731 5717 7335 2398
1802 7336 39 2471 7337 7338 7339 2822 3695 4175 7340 3404 517 1432 4125 5067 7341 7342 516 2221 7329 6464 2175 7343 7344 4312 1869 7345 1982 4566 7346 7347 251 7348 7349
1803 7350 867 4942 7351 7352 1282 6704 4436 7329 2513 7353 7354 3087 7355 3434 7356 5506 7357
1804 7329 7358 6538 3692 7359 1529
1805 7329 65 80 7360 7361
1806 3792 80 4210 7329 308 7362
1807 7329 7147 7206 662 6330 7363 4145 7364 456 4217 2390 5525 796 3038 3978 4432 4973 777
1808 2030 6656 7329 452 888 59 7365 1599 446 5007 3758 1426 7366 4756 7367 838 6646
1809 7329 80 7368 7369 7370 5275
1810 78 2969 7371 2065 3723
1811 6657 111 78 2512 5329 5540 911
1812 4738 78 3479 446 4474 2877 236 7372
1813 78 3381 6150 589 62 1840 5500 5494 6137
1814 78 2244 2913 6266 3898
1815 2988 5832 7373 932 78
1816 44 7374 78 4595 2461
1817 78 658 4407 5161 3318
1818 1679 30 812 2323 7375 78 1064 4289 7330
1819 78 4948 115 7376 7377
1820 2292 78 622 3639 7378 536 7352
1821 78 7379 4779 5029 6498
1822 78 6503 7380 7381 7382
1823 3862 78 658 4384 7383 5502 3300 5904 812
1824 3680 78 6451 54 2736 4019 6450 3027
1825 460 2313 3905 51 7384 46 78 54 3914
1826 861 7385 4096 3494 2485 3216 3647 78
1827 4242 5779 6306 1064 78 4693
1828 7386 78 5334 6425 6382 6257 3669
1829 2748 6744 924 3725 7387 78 34 6121 7321
1830 78 671 2302 74 6843 5404 2457 462
1831 7312 78 7305 3853 2748 882 5768 6731 6733 996 1239 1231 1719 6757 1195 1354 1235 3897 1025
1832 78 318 1493 7388 5379 7389
1833 78 1432 7390 6786 1766
1834 6644 78 318 6422 6636 2897
1835 6322 78 7391 2247 3047
1836 2323 30 7020 5698 78 5528 3670 5663 5104 7392
1837 7393 78 7394 3528 7031 275
1838 5089 4565 7395 3201 867 26 80 5100 4903 866 1904 417 6966 21 78 1679 7396 467 34 7397 5486 536 4223 454 2379 10 7398
1839 3347 5503 78 7399 6257 27 7025 7400 2004 7401 629 606 658 5491 7402
1840 1912 7403 4175 5488 2611 51 146 147 148 149 78 722 334 1589
1841 3582 7369 5126 78 4213 216 2539
1842 39 1679 34 4348 78 685
1843 1096 699 3614 1094 480 7404 3330 7405 78 5165 2369
1844 1669 4426 7406 78 7407 5824
1845 78 3229 2479 3960 5312
1846 78 6603 7408 7409 4450 6597 2338 2683 911 5789 7410 3871 1654 5520 5236 5267 5140 4180 79 6485 1447 6396
1847 7411 7412 622 4010 7413 907 1180 3945 5949 72 743
1848 3941 622 6186 7414 354 450 2516 7415 5721
1849 622 477 31 7416 7417 7418 6195 3236 2004 4278 7419 3445 7420 2714 3220 5061 909 2870 3264 627 4593 2408 275
1850 5142 5491 7380 3803 93 7421 561 763 7422 7353 496 622 113 7423 383 7339 7424 4113 80 5870 6417 5502
1851 5574 7425 622 2542 527 512 185 1702 4991
1852 622 540 5722 7426 7427 463
1853 7428 7429 622 3923 7430 5278 7431 2241 2239 5074 1702 2444
1854 622 3438 28 339 7432
1855 2709 1774 5540 2244 7433 5329 477 622 3723 1028 1840 1052 5797 6756 1142 809
1856 7434 3858 5759 7002 622 3101
1857 1607 580 535 622 3861
1858 6112 7435 7436 3361 7437 7438 7439 4448 7440 7407 622 2897 7441 111
1859 4151 440 7442 6054 622
1860 7443 7444 2403 7445 622 674 2513 5945
1861 5698 6377 622 7446 643 6307 7447 5231 7448 7449 7450
1862 3346 5186 7451 684 7452 5313 5272 2398 3459 7453 622 870 5255 40 7454 470 7455 3620 423 5943 4064 7456 4294 4490 968 7457 46 94
1863 622 4454 3293 3292 3291
1864 7458 4944 211 622 6838 4256
1865 622 4132 7459 1528 1461 2759 3654
1866 30 5482 622 2650 7460 7461
1867 7462 1469 322 7463 6470 74 374 257 4861 622 7464 2375 2665 3104 2657 7465 373 3016 2574 4092 3381 7007
1868 622 7466 584 3944 945 3506 1558 414
1869 7467 176 5249 3041 34 5459 7468 2163 2462 175 1354 2413 7469 622
1870 1016 7470 7471 7472 7473 1965 622 5751 3398 3089 628 7474 3372 5519 3166 5155 1287 2218 3720 3634
1871 622 7475 7476 7477 414
1872 7478 4510 622 3861 5666 4027 6076 7479 5410 7480 7481 7482 6612
1873 141 622 2833 3218 7483 7484 7485 4293 7486 3713 32 4515 7487 7488 2821 7489 5044 7490 7491 5029 3302 5591 3259
1874 674 622 5905 1356 4681
1875 4383 622 6266 7492 7493 1744
1876 622 6503 5241 3819 539 7494 536 1173
1877 622 5720 7495 7496 7414 354
1878 7497 622 2267 7466 487 1271 945 719 4415 7498
1879 385 685 2862 1760 462 4099 7499 7500 7501 5499 7502 5504 7503 7504 4975 7438 7505 7506 2244 3766 5729 7507 5274 3038 5778 677 2897 7508 489 5715 523 7509 3861 3216 2835 2508 142 7466 309 4832 3264 363 1066 192 622 467 519 477 27 1664 7510 7511 2528 7512 4812 2769 5387 4310 5214 3371
1880 5937 4786 7513 5936 6571 7514 7515 6483 959 4468 7084 622 7516 189 7517 601 3655 7518 7519 3091
1881 4206 7520 7521 622 56
1882 622 679 2772 4244 7522 2683 7523
1883 7524 5156 488 7525 469 7339 622 3858 2949 7526 1594 5452 6815 7527 7528
1884 3203 7529 7530 596 4903 7531 7532 586 6428 261 4278 4161 2586 7343 622 7533
1885 1346 5444 622 6185 2460
1886 622 4949 4088 1499 7534
1887 622 4919 5784 684 6556
1888 622 364 27 1123 7207 554 7535 7536 7496
1889 7537 4508 622 7538 5249 4744 7539 7540
1890 185 7541 4508 1407 2613 3217 7542 3772 211 5112 519 6787 74 3774 472 7543 6324 622 7544 4885 7545 7546 5234 4737 7547 7548 4702 4981 7386 3952 3107 296
1891 622 4339 7549 7550 7551 7552
1892 7553 2513 748 28 1518 3857 2590 3838 36 941 1650 5978 361 342 622
1893 60 112 1274 4152 622 2163 994 7554 7555 7556
1894 622 2516 143 7557 792 5721
1895 3083 622 5480 7558 6450 896 3350 4217 3857 969 7559 601 30 3175 2064 4800 6589 27 143 859 2513 7414 7430 3693 7560 3952 3945 1123 4875 6381 3177 2716 35 7561
1896 6933 5910 7562 1405 7563 4745 3725 6186 3197 7564 22 5053 4217 521 2390 3457 3647 4515 3686 718 531 255 5007 7356 2959 3728 2398 2291 4431 4481 1731 28 3091 3819 1740 7565 513 4508 5127 7566 1550 7567 524 7458 4227 480 4333 6924 6408 7568 7569 1357 7534 492 4935 7570 397 622 6217 2961 1436 2974 52 6396
1897 7571 622 2604 4530 4974
1898 622 7572 7573 7574 531 7575 6823 2847 7576 420
1899 7577 7578 622 7579 3040
1900 4615 1301 257 7580 4452 622
1901 622 2392 897 3847 7581 2230 1271 6273 1615 6664
1902 1754 622 6209 2356 2518 7582 6447 1840 530
1903 136 7583 2392 1887 3399 2767 622 39 506 2967
1904 5478 622 469 174 7584 7585
1905 3422 3756 622 2584 2507 7586 2886 5970 7408 7587 3391 5451 2303 7588
1906 4185 624 622 872 7589
1907 1608 2567 7590 622 5586
1908 622 674 51 146 147
1909 5718 7591 622 115 7592 4057
1910 2741 1904 5641 1206 142 7337 5382 2705 4380 5367 4565 7593 4660 7594 4213 4853 6671 5316 5323 4938 7595 5321 576 7596 7597 7598 2244 4379 7599 671 2520 2704 4975 6291 3450 678 7600 5325 4235 7601 6112 503 6582 7602 622 173 862 2900 7603 898 897 890 7324 1766 2538 880 2625 3598 1409 3526
1911 622 2706 6229 5131 7604 7605 5040 5759 7065 7606 7607 6885 7608 7609
1912 1016 7610 7611 622 5291 2792 1744 1766
1913 7612 1995 1447 2625 622 6458 4912 530 1766 5847 74 2292 3652 189
1914 7471 7280 4738 535 7613 179 7614 6157 1775 7491 7615 2834 413 7393 3861 6470 4024 2960
1915 7280 520 7616 3322 6224 4745 7617 7618 4681
1916 48 1067 7619 2379 3755 5697 397 7280
1917 4696 5308 7620 7446 7280 453 2835 7621 3264 7622 7623 1978 1866 3573 5922 3877 6292 7149 3175 5707 3003 7624 7625 7626 2413
1918 5365 7627 7280 2723 7628 7629 3708 4623 5338 7630 5989 4523 1255 6565 7631 7632 7633 361
1919 7634 3107 7635 7280 4375 6809 1534 4563 3108 7636
1920 7637 255 7280 6966 462 787 7638 3391 427 3122 7639 5100 70 7503
1921 7280 7640 5321 7641 3967 867 7642 7643 899 3467 2954 5137 1774 4369 74 7644 4214 2319 7645 5845 7646 6270 7647 7648 423 7649 4332 7650 6452 3595 334 1766 3095 7651 2205 6422 7652 7653 5027 7654 5026 7655 3236 7656 3802 5815 11 4891 2994 7657 7658 7659 247 1503 7660 1619 4512 7661 2530 6470 199 1049 1014 7662 3502 1117 4272 4715 6701 2747 7663 7664 7665 2358 3124 7666 4704 242 4273 4271 7667 1676 996 1469 5241 7583 2649 848 5418 2999 3030 6352 491 1621 1394 1551 7668 6758 1002 4274 318 7669 957 7670 3824 7671 3271 7672 1737 6647 7673 153 1627 7674 5519 3243 7675 2263 1487 1120 1373 1216 416 1617 1288 361 7676 7677 6393 2560 1317 1656 5031
1922 7079 7678 4383 1266 2616 7679 6767
1923 896 1354 68 1357 2232 7562 2541 4446 1266 2663 1429 6213 151 1220
1924 4637 216 7680 7681 7682 6835 1266 7683 1118 7684 3198 7685 7557 2258 7686 7687 3197 189 7688 3952 5600 1413 6138 7689 7690 2041 7691 7692 303
1925 3311 1266 7693 7694 1526 6757 7695
1926 7696 1340 2371 5844 442 1266 5360
1927 7697 5323 6263 1266 3942
1928 7698 6486 372 217 7699 1266
1929 2339 3920 2309 257 1266 1350 3357 4081
1930 1266 1504 1027 7700 2260 4872
1931 1266 1472 7701 3511 4925
1932 7531 5911 6329 1266 1727 2801
1933 74 7297 318 1354 7702 1266
1934 1266 603 638 3034 7703 477 2513 189 2870 4934 3586 6308 5452 1703 656
1935 4650 7704 7705 7706 7707 7708 2331 2354 1354 7172 3263 2764 7709 1266 1887 6505
1936 1266 1350 3322 6220 3104 322 7710 377 1520 4255 6193 2422 1847
1937 1506 7711 7712 1266 7713
1938 7714 7715 1266 632 2961 3699
1939 6966 1266 1350 2807 7716 628 4880
1940 1418 6190 1266 5398 320 2296 7717 6220 6447 4204 2535 2424 7643 6853 7718 1350 3104 1028 2371 74 7719 2309 7720 2132 7176 601
1941 1266 74 4394 7317 326 6439 1494 5790 1203
1942 2297 2306 6127 2298 1740 220 1266 318 4966
1943 7721 3354 7722 7723 1481 1266 6487 3320 6912
1944 1266 4470 4389 7724 7515 941 3480 1448 1727 253 7720 4095 23 1409 277 2485 7725 746 7726 4203 5501
1945 6621 5328 4788 1266 4019
1946 4419 255 196 2877 4593 1266 7727 4263 2012
1947 1266 318 3690 7430 63 3771
1948 2241 5492 5736 4750 4522 1266 39 3177 16 2589 491
1949 7728 555 1266 7729 3016
1950 1266 3875 321 1354 2339 2372
1951 3370 4324 1266 6786 1242
1952 1266 3768 7317 1380 1344 7730
1953 7142 7653 1266 5026 1865 7731 2411 5824 6227 3532 6274
1954 632 1266 373 7732 2877
1955 3197 7583 7733 6458 4537 1266 3017 7734
1956 2508 7735 7269 5140 2880 4378 6627 2556 3225 7736 3404 7737 2380 4359 2553 6832 6132 6633 1266 5432 3526 666 2889 2267
1957 1266 5502 6396 4077 7738
1958 7739 4056 1266 7288 2316 1840 220
1959 7740 5386 2423 4750 2634 1266 3944
1960 1266 628 257 7741 1469 387
1961 2638 6282 3093 6885 4328 3677 3032 2411 7742 1266 2319 4177
1962 503 7743 1266 586 4785
1963 3875 2714 3653 7744 1269 2326 2648 7745 7746 7585 1277 2647 826 1136 3893 2203 1172 6165 1604 4671 1438 1266 3243 4892 7009
1964 1266 2159 99 7747 7105
1965 2706 4019 901 307 4745 4217 3318 6129
1966 2706 5461 4839 5050 6681 1587 1569 911 333 920 928 1454 338 1066 998 6758 1380 6757 1509 1678 5866 747 1586 812 961 1810 1220 974 980 777 5861
1967 7748 6796 2291 7749 7750 538 7751 5968 2706 7752 6557 7753 5192 6501 7056 7754 3635 3049 7339 5922 335 3706 74 5234 3693 6150 7755 7275 7756 7757 4394 179 5903 7296 2248 3017 1800 2341 487
1968 5375 5728 2706 5161 55 417 5360 7758 5905 6187 545
1969 4938 2713 385 2706 3692 5529 2590 7180
1970 6596 2706 896 2713 3264 3103 3851
1971 2356 2706 2901 7759 4040 7595 2478 2581 6665
1972 2706 671 201 1232 1338
1973 2414 7760 5240 4598 7761 2706 3984
1974 2706 1028 1267 217 193 1404 4620 7274 992 994 1133 1134 995 4621 4637 2161 938 2393 1000 1326 2202 2203 1118 329 1652 5863 1215 1385 1373 1434 1435 979 1184 7762 1316
1975 2706 5541 7763 7761 2207
1976 3090 2706 22 7764 602 2053
1977 73 487 2706 608 774
1978 61 7765 2706 3873 3875 1357 3731 7766 6385 4415 1574 2734 7767
1979 2706 4727 7768 2742 7769 996 4048 1212 7071 265 502 1160 414 1259 5864 1187
1980 2626 2706 5315 1760 110 3045
1981 2883 2899 2706 4552 7582 2712 1967
1982 2706 2901 5007 4370 4289 1123 441 7770 7771 1050 462
1983 7592 7772 7773 7774 2706 506 6611 7775 7166 1765 6422 3142 7776 7777 2839 7778 467 2938 7303 7779 7780 5981 4738 7781 7782 899 6368 5192 7783 2376 7784 7785 7786 7703 7787
1984 4305 1816 506 1800 2706 2897 1066 3983 747 7045 7046
1985 4885 2706 2610 5963 2273 7788 4204 6533 2303 1354 1182 684 7566 969 671 508 6903 743 748 7789 7071
1986 2706 2421 2171 2448 7790 7761
1987 2088 2706 671 4322 7791 899 7792 7793
1988 3289 4392 7794 2706 2901 2420 3738
1989 7795 1409 2294 3433 7796 2706 627 3315 1895 1061 4862 2285
1990 2706 7797 3494 5323 5094 7598 7798 5897
1991 475 531 2706 4132 112 2584 3556
1992 2706 307 5274 1586 7799
1993 2581 4093 7800 1206 5898 7801 82 7598 868 192 1091 2706 358 7366
1994 74 2706 2901 3095 3107 2542 5771 3875 1447 2712 3315 7802 3105 7803 2319 5836 1828
1995 6493 2065 2706 2835 629
1996 3055 4019 3757 629 1271 1675 1673 7758 6979 7804 2270 3144 7805 7806 206 3683 2706 531 6191 1671 7807 5256 2901 5077 5070 6560 2981 1544 7808 278 3183 2058 7809 7238 2831 7810
1997 1766 7397 7413 2610 2706 4935 5534 5535
1998 3188 4095 80 5202 4565 7811 4042 4449 3468 2237 7812 7813 119 7814 7815 2460 2786 2803 5957 5976 4223 5493 3083 680 7816 7817 2706 4619 6484 718 2241 685 38 1209 5882 1339 4345
1999 636 7818 2759 7375 1123 34 3922 175 208 453 7422 5127 3811 7819 2420 2723 4185 3794 1895 4373 2706 5256
2000 5175 2897 7243 2706 4971
2001 3572 5248 62 7820 7821 2706
2002 3013 7822 1340 7823 7761 2706 5127
2003 748 2219 3392 4387 2706
2004 132 5890 4328 2706 7824 6502 3028
2005 2706 3105 4738 4855 5401 3078 2875 4030 5145 74 1391
2006 7825 7826 7761 5917 7827 2706
2007 6790 7593 7828 466 7829 1410 4958 2706 4733 7830 351 7339
2008 2706 2901 7831 608 4737 3455 176 5981 54 206 514 2528
2009 3494 2581 2478 1904 5323 7597 7832 5382 2706 2712
2010 6683 2706 318 2052 4144
2011 200 920 381 1064 724 720 7833 7834 1036 1617 1082 1042 656 1512 7835 2706 777 814 1174
2012 1182 969 1308 2877 2706 3889
2013 7836 7464 2706 5594 3017 1874 1787 3110 1783 3875 1870 1853 3369 4889 3105 1418 4172 1477 6577 5006
2014 3096 7837 3981 7838 3 7839 2706 7500 5236 5756
2015 7840 2520 7841 2713 2706
2016 1529 2706 2414 7842 7843
2017 4695 6093 2901 2476 3026
2018 2901 230 7844 383 7845 7846 6748 4217
2019 2901 2900 3696 3652 7847
2020 3754 2901 7733 436 6217
2021 1340 1028 2485 2901 6570 1334 2751 628 3315 348 2859 1208 849 2393 601 7848 1360 1009 839 2729 1220 7032 1299 2204
2022 2901 7849 7850 4966 7851 842
2023 3513 3197 5007 4591 3644 7852 5447 7853 7854 7855 2901 4727 2228 7856
2024 2901 671 3876 3197 867 624 7857 3371 7858 5834 7859 7860 4066 3556 2318
2025 2901 3494 7861 7862 7863 6676
2026 440 5899 2901 7864 2358 7865 2877 5489 3000 1766 4375
2027 5170 867 7306 4666 2901 5360 7866 7850 7867
2028 2901 7868 5833 3108 980
2029 2901 1967 7301 2216 3110 4323 4778 5040 3315 2890 4193 1810 6521 7869
2030 2901 2854 7870 7871 1536 4056
2031 2942 5131 6819 7872 2901 5643
2032 3598 584 7534 257 1666 4798
2033 3598 555 7873 5747 7874 2793 7875
2034 3598 2713 436 7185 7876
2035 4244 3598 4475 4517 4919 684 5903
2036 173 5613 3085 3598 3875 3767
2037 3598 880 2574 2303 7877
2038 5841 3598 7878 7658 4420
2039 7879 3598 7573 7880 2797
2040 3598 4161 613 339 2389 2248 7816 7817 1450 7881 6744 7629 5131 6842 3219 877 7882 7883
2041 6241 4489 4040 7884 258 3598 4066 3438 2509 7885
2042 3598 4796 7886 7887 1574 7809
2043 7888 3598 5047 3560 7889 7890 2369 275
2044 5855 2671 2825 4690 3598 7891
2045 1967 2442 645 3598 4088
2046 7411 1766 3598 2420 2897 3738 2421
2047 5069 7471 3483 3598 2665 7580
2048 3598 3682 6970 3030 7892 4760
2049 477 7893 333 2271 3598 318 2132 2870 7894 5522
2050 2484 6853 7895 2988 3170 6690 4573 3598 1594 950 1327 7896 3173 1461 2982 1314
2051 2475 3326 5516 3598 7897
2052 3598 173 2737 2664 4579 2394
2053 3598 5331 173 5832 3083 7898 7899 3327
2054 4921 7900 7901 3598 4451 38
2055 4095 7862 3598 5103 7902
2056 7903 326 2509 491 7456 7904 6935 3438 3598 2261 6897 7734 7905
2057 16 654 1650 7906 3598
2058 6692 318 16 7907 648 7908 7909 7910 2807 2783 4811 3598 7889 6995 5680 5412 1221
2059 2197 2426 2712 173 2081 684 6972
2060 173 6447 7911 5680 2787 7553 4154 5705 1271 724 3345 2367 7447 816 1712 989 4280 5652
2061 173 2950 6673 6127 3794 1212 4523 2100 883 6247 2569
2062 3954 1840 2442 173 3851 2648 718 1337 1015 941 1450 7912 333 2365 1240 1256 1613 1320 1527 1366 942 1197 1219 843
2063 7249 173 2981 4849 3013 2712 4650 7913 2705
2064 2438 880 173 2897 3875 2950 5541
2065 2371 173 4695 6741 3047
2066 173 2761 7914 2182 3252
2067 1430 5161 3596 3447 628 7915 446 5746 173
2068 173 4650 3361 3177 7582
2069 2946 173 1028 1340 193 196 823 1014 333 1336 1736 937 1393 1382 1000 5744 1370 1120 222 812 4590 1512 2204 1316
2070 2712 2047 3969 1133 3869
2071 206 2712 552 1099 348 1306 732 1723 4099 7916 2742 3245 3216 255 2859 7917 553 1381 5573 7918 936 5029 1501 945 942 684 969 2907 1066 1443 1138 1325 1070 1105 5741 6726 1036 958 1140 961 747 963 1211 6454 414 810 1040 415 811 76 1461 1023 1043 1077 1061 1220 2909 980 1712 6778 6777 6779 6780 819 5830 990 1088 4585
2072 2712 2420 6187 7919 6387
2073 1182 969 2712 74 7920 870 3194
2074 7255 2665 3494 4667 7598 7868 2712 3491 3432
2075 2712 3669 4727 3957 969
2076 55 867 2712 3019 6977
2077 2712 1856 2966 1824 1886
2078 4796 2712 7534 506 7921 7922 7923
2079 5763 2527 7924 7925 2712 3922 311
2080 2259 2457 2460 7926 2712
2081 671 2712 7785 522 6239
2082 3462 141 2712 7599 3997 2292 4794 5062 2021 2379 5718 1094 520 7927 7928
2083 7929 5596 6741 3618 3368 1967 3379 3644 2712 2145 278 2438
2084 2712 2903 1904 196 4088 7930 7523 7434 5423 7931
2085 7932 2982 1810 2712 880 4338 2159
2086 7699 4830 7878 1980 7933 7934 556 7935 7936 7937 4261 6975 7938 2712 64 2245 6446 7835
2087 561 2712 5319 1248 5544 1645
2088 2920 7939 2922 1472 662 1271 7295 1094 142 2843 1904 892 531 5812 3858 2712 4474 3229 4469 7940 1600 5142 3905 1582 4369 3149 7941 7942 7047 5813 3904 4862 49
2089 2365 257 342 2712 4440 7943 4892
2090 2712 2665 3494 7246 4650
2091 1479 3432 7944 2622 7945 7946 2529 7205 2712 2205 2292
2092 2712 481 503 6224 7947 1374 229 226
2093 4143 4949 4300 2207 2712
2094 3648 6677 7580 2712 7534 7948
2095 2712 671 4913 196 7949 541 6180 7644 1376 4510 6465 1549 7950 3567 3749 7951 2230 2436 309 333 7952 712 3301 7953 2553 7954
2096 6535 2241 7955 6450 3548 4019 209 2303 5742 7125 2667 955 1037 1660 7492 623 5234 2247 7956 7957 4258 2913 318 204 2712 4695 6495 7958 960 6491 7959 7960
2097 2712 2981 1967 4726 4333 7961
2098 5327 3494 2712 2665 6549 2601 2623 7599 2438 7962 5641 7963 2583 5398 55 7964 7965
2099 2712 2420 7782 5740 2173 3457 5791 2400 4311 7966 5881 3022
2100 1150 7967 2712 2665 1177
2101 2712 4830 7312 458 3875 2897 1386 7968 5896 5957 7969 2313 1248 1028 7743 7870 6427 7733 7970 5544 7971 193 2241 1180 2648 1270 7920 870 1450 1503 407 1736 1455 1136 3911 1232 997 1430 601 1242 4603 1207 2667 1744 5851
2102 2341 257 7972 5312 2369 5609
2103 2303 2341 5337 3014 2574 3861 2192 51
2104 1028 2341 3516 1235 7553 4607 5029 997 1207 1208 2933 994 1233 1221
2105 74 2267 5915 633 4211 2341
2106 2567 7973 7974 7410 2341 5343 7975
2107 7976 2341 257 812 7835
2108 2341 1988 7977 3017 1203
2109 2201 1853 7246 2663 172 6190 1954 2886 1792
2110 482 5211 2535 7246 992 2459 4704 4108 1708 1119 1744 4595 1026 1012 1184 1500 6653 1299 1374 2204 989
2111 5771 3105 4341 4156 7897 6329 2574
2112 3105 1953 2159 2447 3017 6242 5668 1816 5592
2113 7275 3105 3017 7978 3184
2114 2764 2267 4088 3105 257 1961 7979
2115 5388 7980 7981 2540 6462 3017 7982 7983 4325 5535 1620 5878 3105 1828 3106 3108 7984 854 7985
2116 6667 4495 3105 3017 5772 1828
2117 969 7986 3728 4962 396 542 3026 2403 7987 1607 3017 3105 3110 484 7988 7989
2118 3105 2292 506 2303 1969
2119 257 54 189 899 3175 440 373 5147 34 3105
2120 4789 3105 7990 3107 7991 2413
2121 7433 74 6987 5718 7992 3105 2508 1061 1483 2562 1609 2316 4589 1207 2730 1512 361 1086 5861 1416
2122 7993 2031 5908 7994 3679 5291 2877 7273 1189 3436 483 6395 7995 3105 4861 512 6540 4066 7996 5974 2971 684
2123 5509 2485 5878 3105 3107 5771 3367 2987 1267 5544 7997 6843 4083 6833 3196 3465 238 237
2124 3105 2283 5194 2468 7998 1648
2125 3105 3969 331 6449 1840
2126 6785 7999 7411 1345 7711 3003 2885 4392 3105
2127 3105 1412 8000 4105 196
2128 3109 6113 3105 3110 4852 3384 2003 5225
2129 3105 8001 3017 6213 6052
2130 8002 4696 185 2066 8003 4408 6125 5148 1591 3105 651 5434 658 8004 1412 8005 2836 8006 68 1740 6632 8007 8008 6308
2131 3105 1840 257 3014 4502 1182 2231
2132 2159 7878 7717 5952 5127 867 5225 3391 3110 2884 3105 345
2133 799 1071 3105 3694 3319 4254
2134 65 867 5094 7505 5096 866 3105 8009 1969 8010
2135 941 3857 3245 7816 969 3105 7180 8011 1982 287 502
2136 5071 74 7917 3017 5225 3105
2137 3322 4735 4092 4088 372 3105
2138 3105 5225 1874 1792 3077
2139 3105 3322 6470 6327 8012 5140
2140 8013 277 257 6498 8014
2141 1904 277 4861 1511 3343
2142 277 3343 6769 7960 1602 1511
2143 6113 7712 3439 7673 277 7999 3556 5634 6988
2144 8015 4788 3364 277 196 1828 431
2145 277 5367 5382 1536 8016
2146 2297 373 4776 8017 5939 257 7991 480 8018 2309 4185 3322 1350 8019 88 632 2298
2147 8020 2297 2299 2796 3524
2148 3719 3739 1305 2889 2297 2299 932
2149 6486 2297 2306 2299 2296
2150 1479 2297 8021 1133 2362 2393 8022 1286 6912 2492 1225 1146
2151 2297 2299 2298 1840 5552 8023 306
2152 45 746 23 4175 12 2940
2153 45 8024 2513 2840 4474 5802 1582 4469 8025 8026 8027
2154 7857 45 6244 7643 2424
2155 4609 6665 8028 8029 45 2478 2846 5330 4746 8030 7454 82 8031 8032 6267
2156 4660 1904 2581 5096 7598 2741 45
2157 2705 8033 7740 5361 4617 4667 5374 5375 5390 5376 61 45 8034 65
2158 5316 5167 2623 5377 2882
2159 8035 5327 8036 5323 5316 5390
2160 8037 8038 5382 2583 4746 7277 573 433 5316 1904 8039 2738 7860 2021 5338
2161 5316 142 5383 7598 8040
2162 5316 8033 7272 8041 5208
2163 4379 5361 8042 2599 8043 5315 2705 112 8044 5362 3223 5316 2455 2450 6130 561
2164 5316 4100 2048 8045 6723 8046 1107 3315 146 8047 148 5196 8048
2165 1204 3794 5363 5316 2581 6244 7643 7999
2166 5361 5316 8049 2478 5095 2758 7598 8029 2518 361
2167 8050 4203 8051 7744 8052 5316 877 6365 2242 65 3196 4132 4948 5766 2569
2168 5316 2704 7840 8053 1995
2169 5316 1341 6437 5566 6595 4390
2170 4746 82 5316 2739 26 4556
2171 5316 8043 3794 2705 2581 8054 4809 6604
2172 5395 2582 4213 5316 2581 4093 106 8055 1904 5363 7832 2758 3494 8056 6682 8057 4817
2173 2337 6530 6902 5316 843
2174 2981 4652 1967 2426 5316
2175 8044 8043 2705 5316 576
2176 6175 3391 5316 8058 5181 8059 8060 3960 7618 1354 6634 8061 6612 8062 4846
2177 5316 7454 4668 4853 8063 4088 5188 4152 1511
2178 5316 5405 5371 8064 2438 3767 55 8065
2179 5358 3045 4207 2850 457 5238
2180 8066 4419 5358 2456 8067 8068
2181 3794 55 188 8069 4411 524 115 859 5358 4933 8070 4950 8071 6534 7379 1909 8072
2182 5358 189 5244 8073 4069 1173
2183 8074 865 5094 8075 4933 5783 5358 3026 8076 2514 2718
2184 5358 325 8077 8053 8078 8079 8080 3422 7717 7521 8081 3117 8082 8083
2185 5358 5390 2424 5768 1347
2186 5071 3218 4165 1767 2630 32 346 2456 5491 354 44 5358 588 6450 929 6323 1607 4019 457 896 8084 1774 5267 629 8085 8086 1492
2187 8087 6656 3203 3202 5358
2188 5358 8088 3657 5169 923 900 5723 1347 4033
2189 8089 7504 4449 8090 8091 8092 8093 7017 2403 4515
2190 5717 1904 2634 7504 2714 901 1483 911 3093 8094 5632 1740 946 1728 7466 756 837 1007 1197 1114 7094
2191 7537 111 7504 7473 543
2192 6124 7504 8095 1274 3052 6899
2193 8028 5323 7504 2485 7662 2657
2194 7504 2356 8096 2623 3315
2195 2306 2222 1340 3390 196 4088 6942 372
2196 2306 3264 2298 3709 3104 894 5778
2197 2705 7803 3109 1386 74 5082 8097 3361 8098 2643 2542 7495 6271 1643 282 899 894 1273 8099 3101 2625 2475 7184 7305 1482 5793 6854 58 6863 8100 6543 4040 3557 4088 3879 3367 1541 8101 4715 281 3438 1567 7458 7671 5817 8102 8103 1758 1117 3865 4655 2771 8104 8105 4325 6565 7694 5535 5814 6848 6831 8106 283 5536 8107 6723 2408 7984 8108 8109 7887 5537 7931 6631 8110 8111 5000 4863 7200 8068 8112 5533 5010 7934 1108 8113 8114 6860 8115 6934 8116 6851 6567 4261 8117 8118 6729 7766 8119 8120 8121 2283 1680 8122 7324 7903 4695
2198 4508 2475 8123 5911 8124 7841 5140
2199 2475 3723 8125 8126 467 5795
2200 2475 6470 3686 597 589 3227
2201 8127 2475 5061 8071 1665
2202 8128 8129 6542 7798 8130 7840 867 5106 7598 2475 2019 5574 2063 8067 1267 1334 82 1535 1269 6733 1124 2647 4000 823 2562 8131 1265 8132 911 1252 1380 1470 127 1137 5622 1283 4076 1678 1679 5882 157 4604 1404 46 158 1699 963 1282 1370 966 1586 1701 969 1022 415 502 1221 1044 975 1080 656 1220 2551 838 974 1364 4032 987 1750 1439 4664
2203 6626 2638 5161 8133 6435 4935 3551 3569 7939 7941 4410 2475
2204 4420 478 26 2475 3723 3686 2855
2205 4204 3346 5494 2475 2897 4185 3829 4144
2206 402 2711 688 8134 2565 3931
2207 2711 3494 2626 2710 1418
2208 5381 2711 8054 8135 8136
2209 2711 872 4913 27 718 6484 468
2210 2711 393 1123 5145 6574
2211 8137 6466 867 2711 6278 800 7508 5736 8138 39
2212 2711 3794 199 1231 809
2213 2711 7015 2428 7961 196 5025
2214 8139 4288 7993 925 644 1901 8140 2711 7949
2215 5364 477 5367 2711 4853 8141 8041 6713
2216 8129 1756 8142 2711 4073 1347 3230 941 5666 8143 8021 2804
2217 2777 112 5891 4821 6546 1995 8144 6631 3032 444
2218 1063 8145 5766 2777 5112 8146
2219 192 6130 4282 624 6251 1376 8147 2755 1271 3322 2777 1523 395 4573 1731 1031 3911 932 1352 720 945 4820 1068 4076 5875 3825 210 958 6751 4577 4646 756 1259 6699 1223 944 265
2220 888 8148 6201 4204 4005 2256 8149 1110 8150 2299 8151 8152 799 6444 8153
2221 3322 2299 373 3255 1400
2222 2299 3350 4223 372 1995
2223 3315 91 2299 112 3104 1350 2307 373
2224 4650 2299 2852 2159 1845
2225 7644 2479 2299 3095 5971 3017 7462 7929
2226 3219 486 2299 8154 7486
2227 4651 8155 2485 1735 6272 2299 5071 899 2205
2228 680 8156 8157 5287 8158 7550 3723 5788 4144
2229 3723 2882 2623 1766 2344 4040
2230 5291 3279 3723 4874 1214
2231 3723 1599 2922 7604 6226 472
2232 3352 3723 8075 8127 6359 8159 8160 8161 8162
2233 3723 4446 5991 2771 7391
2234 7225 6530 3723 6472 835 8163
2235 8164 3723 2655 8165 8166
2236 3723 685 381 4903 7496 1727 8167 3319 8168
2237 3723 909 5767 994 5348 8081 3909 3908 8169
2238 3723 1092 457 8170 651
2239 4173 7062 2613 4411 5718 5540 5717 3723 3686 3447
2240 3723 8171 6278 5765 524 8172 1674 8173 898 890 8174 6618 8175 3770
2241 3723 8176 7579 8177 8178 4001
2242 3723 2847 7824 6503 5182 5786
2243 3723 7795 4244 2937 8179 8180
2244 3723 402 477 4149 3197
2245 3723 8181 3122 554 5746
2246 783 4404 3723 6966 309
2247 2837 7750 5547 6455 3438 3534 63 4709 4447 1322 7122 999 612 8182 8183
2248 969 265 8184 685 759 8185 8186 774 8187 1458 7189 1709 7750 3955 3857 487 4217 522 8188 8189 4245 4331
2249 8000 4313 108 469 596 8190 8097 8191 658 8192 3302 7750 8193
2250 4821 8125 175 325 7750
2251 5 446 7750 512 5462
2252 5491 4412 129 7683 7686 6064 8194
2253 6064 3728 472 343 8195 7723 599 510 3771 1482 8196 909
2254 5445 6235 2995 888 8197 8198 8199 8200 8201 6064
2255 4806 8202 5847 6064 842
2256 7355 8203 6064 27 8204 748
2257 5905 6064 7187 3387 2292
2258 31 4934 7357 1474 51 5166 6260 8205 4144 6064 645
2259 8206 8207 658 8208 6396 8209
2260 8210 2252 8207 2984 8211
2261 8207 4592 1695 333 1393 946 1159 1119 250 1080 812 1121 1512 1437 1085 1656 1317 1464
2262 5140 369 7294 8207 5113
2263 7819 8207 3797 2437 2736 2175 6138
2264 3969 5631 1967 4849 3362 2878 477 2709 7245 7836 8212 2713 8207 5062 1834 3197 2630 8213 8214 3369 324 8215
2265 5867 8207 601 8216 3191
2266 1766 6030 3721 3481 3433 7302
2267 1766 6822 6544 3112 6780
2268 8217 7560 2267 5767 6198 2645 1494 2742 3798 6187 3802 1766 5945 848 942 941 949 412 1256 1739 1354 2933 963 809 275 382 1022 502 1197 1288 4684 8218 4681 1113 7094 1463 988 1712 6777 1438 943 2061 6780 4351
2269 115 26 2478 8219 5574 5391 6617 7917 1766 2424 8220 8221
2270 1766 4367 7466 8222 7695 6482
2271 1766 3549 2719 3763 1357 6324 3175 7024 1354 1510 8223
2272 6328 1766 4280 7494 2682 4274 2553
2273 469 1766 3662 3592 2827
2274 6255 1766 5463 335 396 4246 756 1615 3590 7065 373
2275 4736 1766 4152 189 4417 2877 3858 941 8224 5151 723 4930 8225 2388 2592 5781 4857 7364 3207 4035 6398 4683 633 8226 1083 77 1323 858 8227 225 8228 502 627 4893 3315 4355 1011 8229
2276 1766 8230 3322 2168 5186 3368 8231 8232 3651
2277 358 2621 1766 384 2291 6226 485 8060 8233 8234 7938 1447 8235
2278 909 1766 2359 5545 1609
2279 92 2520 5383 193 6450 423 7650 5971 1766 2319 2326 1523 629 8236 6497 1275 395 1237 1569 5854 1131 1351 1525 928 1279 209 1380 935 2200 848 937 1429 1615 1393 1573 1551 949 955 4589 1795 4593 2549 8237 7896 5866 1628 5863 1627 834 1629 1216 1151 1558 1690 1218 4628 5944 1390 2934 3297 1114 7094 1592 231 1463 1227
2280 8238 3894 1766 8239 502
2281 811 4237 8240 7578 8241 3984 5757 5075 1092 6069 8242 1766 8243 4926 3313
2282 6638 8244 7757 3732 1766 3440 3091 8245 3817 3629 3670 3898
2283 8246 8247 3449 1766 3516 8248
2284 8249 7814 2395 6048 1766
2285 8250 8251 2479 8252 4948 4408 3372 5136 4832 5236 3549 8003 1188 1766
2286 4667 1904 5558 1206 7880 2532 1766 7737
2287 3580 8253 2981 3013 48 1766 7898 1477 8254 2334 3767 8255 3454 4406 8256 8216 2360 3061 8257
2288 4999 480 4242 7365 8002 3929 3083 4619 2421 1766 643 1260
2289 4750 2877 4734 8258 1633 6280 4803 8259 1766
2290 7720 7420 1649 7187 2734 456 2269 2513 7451 2519 7062 1766 1347 6439 2339
2291 1766 6731 1158 1061 992 1181 1245
2292 8260 8009 8261 8262 1766 8263 5901
2293 191 423 40 662 512 8264 1766 3974 8265 7887 5198
2294 3652 1766 2736 8201 2828 8266 6609 1741
2295 1766 25 976 751 1283
2296 8267 1766 319 8268 8269
2297 4043 1766 1048 515 3942 4745 1525 2041 275
2298 674 8270 8271 1726 8272 1766
2299 4746 1766 5792 3153 1446 894
2300 3691 2961 1412 7008 453 8273 517 8274 4814 8275 6074 1766 2970 8276 8277 2222 7774 8278 932 3184
2301 1766 4233 2304 381 4324
2302 1766 7782 4726 1718 6319 2412
2303 6744 8279 6677 1766 7 2958 3184
2304 1766 3503 2697 6848 5010
2305 1766 743 7803 449 7072
2306 2848 2849 1766 16 8280
2307 1766 3569 3548 3539 3093
2308 4186 8281 1766 7416 2553
2309 4515 669 2267 1766 952 1625 8282 3640
2310 4691 71 5101 7802 8283 8284 2405 7901 6167 5301 8285 1766
2311 7993 1568 8286 8287 165 1766 3157 3398 3318
2312 1766 3652 1909 3952 3868 4736 502 3062 1354 1182
2313 1766 1529 16 8288 790 5483 8289
2314 8290 8291 1271 4884 8292 395 1731 333 1450 1766 912 2652 6115 7124 3151 1524 1351 381 8293 722 1135 1064 1053 828 1550 1070 5622 1072 1579 218 1215 4981 1331 8294 1810 1221 981 265 8295
2315 3819 4094 1766 4417 8296 513 3999 3905 941 3858 3502 5328 89
2316 1061 2778 3597 6897 1766 3560
2317 5793 5988 8297 8298 1766 2826
2318 899 8299 3936 831 4240 8300 8301 6075 3390 4270 7093 6860 5418 2334 8280 8302 2339 1766 6074
2319 6290 2623 1666 3516 1766 8303
2320 8304 55 524 5127 8305 923 8306 2422 8307 113 1028 2634 8308 867 3434 895 8309 3026 6602 890 3257 5832 2326 3954 6057 16 709 1766 440 8310 1060 8311 1097 1014 1051 8312 4234 1642 627 1130 8313 1570 920 8314 1379 628 2251 4888 2200 1278 1271 937 8315 1383 1719 1622 1354 849 1679 8316 1432 958 3318 1459 6319 2844 1287 1744 969 1220 7979 8317 1184 1436 432 1315 3297 5830 2061 8318 1316 5018 1293 232 989 1148
2321 8319 1766 6046 2294 8320 4181 3400 3085 1340
2322 8321 4529 6556 3904 1766 1995 942
2323 467 332 5903 8322 1766 2248 1450 571 174 16 1188 8323 8324 3585 2719 15 1748
2324 5182 8325 8326 4650 8038 5007 1760 861 6124 8327 8328 3094 6423 1766 6597 1648 5882 3275
2325 1766 8329 6936 7064 8330 8059 3529
2326 599 909 257 1766 2291
2327 1766 457 3192 354 4832 2834 8331 8332 663 4268
2328 4394 1766 4064 497 1603 969 8319
2329 188 1766 4040 5740 8011
2330 1766 4417 3688 5821 4514 8333
2331 8334 8335 176 6571 8336 5974 1766
2332 1766 3259 6546 3175 2448 6899
2333 1766 671 4417 3155 2271 1171 202 524 4934 1474 8337
2334 7013 3756 1766 3502 4359 1909 3671 8338
2335 4566 1766 3114 8339 1137 1739 1509 5875 2933 4589 1074 6702 1061 6571
2336 1766 4695 6401 8340 7713 2402 1285 1172 1372 7432 4007 7636
2337 495 111 3472 8341 1766 2508 6397 8342 7052 5759
2338 7473 1447 7873 4061 5428 2563 7187 4765 1608 4077 8343 8344 1766
2339 1766 4783 2321 8345 6277 8346 8347 7439 614 962
2340 7961 1766 5572 4454 2765 8348
2341 7898 3486 6929 1766 8349 4840 8350 8351 2666 2263 154 8352 7519 8353 7921 1141 159 1077 1260 842 7935 1522 361 678 7795 183 8354 7763 4527 8355 617 8356 1114 1292 984 3143 5201 8357 8358 8359 8360
2342 8130 3494 8361 5071 1766 5337 3438 8362
2343 8035 8363 5325 2055 1766 3552 3093 2369
2344 8364 3756 1766 3385 4508 80 5802 6771 8365 8366 1913
2345 1967 4695 1843 1484 4323 8367 196 2218 7827 1766 4417 7835 597 5344 3032
2346 2519 1766 3968 7851 26 4394 8368 8369 5443 7123 8370 5411 257 2868 6789 5545 2812 2636
2347 8371 1766 4394 132 8244
2348 3219 4507 6677 1448 5828 3295 3249 1766 601 80
2349 3441 8372 4328 7638 8373 3143 8374 4533 1063 507
2350 4282 4105 861 7622 5061 3441 3820 8375
2351 8376 8377 7491 3441 7446 1506 8378 1767 4431
2352 8304 2643 3441 1621 514 1309 8379 8380 2938 1394 8381 8382 4269 1513 8383 3662 8384 3865 678 4220 4221
2353 2317 2508 2442 8385 4415 47 383 480 5482
2354 4095 2317 2986 95 4895 8386
2355 2317 1158 1378 2326 3356 395 1731 822 1569 1451 921 8387 4577 1173 1560 1042 656 8388 982 1712 819 1225 1564
2356 8389 2317 4382 3307 8390
2357 735 2317 485 3219 6747 8391
2358 2317 539 596 6150 523 470
2359 2317 5717 83 3398 8392
2360 7258 2317 5566 8384 3854 7879 502 361
2361 7735 699 2317 4650 8393 8394 6712 2626 2518 2623 6208 8395 6230 1270 8396 6704 5622 363 811 5650 7178 250 1559
2362 2317 4040 1447 4570 5186 6158 5981 520 348 1550
2363 5698 2317 4204 5161 34 62 4011 4278 2824 8397 67
2364 2317 3812 2320 1412 6380 2424
2365 697 423 3749 176 2021 2317 5943 3979
2366 57 4367 1667 1063 1302 2317 3302 8147 5135 7091 8398 211 8399
2367 8400 1735 4024 2317 5824
2368 8401 3559 694 8386 8402 8403 174 8404 6750 868 8405 5728 1081 4942 2317 7330 2472 7718 3756 8406 5 506 482 5621 3633 6372 6102
2369 2835 3997 16 257 7214
2370 4340 629 6786 2303 7214 2283 3438 3514
2371 7214 8407 5334 6246 2302 8408 8352
2372 8409 275 8410 7214 234
2373 8035 2478 5161 5320 417
2374 5320 8042 4667 5387 8411 5370 8412 6289 3700
2375 1347 8063 4168 2742 2624 2623 5360 4686 2388 8413 8414 3820 2229 5398 8415 2395 2047 3790 5457 5320 3223 6692 969 8416
2376 5318 5320 699 7637 8417
2377 3667 5320 5318 3596 7337 3905 3919 8418
2378 4670 5445 104 25 4378 5069 5728
2379 5179 877 5385 5322 5372 5375 6209 4854 4378
2380 3686 2277 4378 8419 110 6675 8420 8421 4020
2381 4378 26 7866 8422 8423
2382 4378 4670 4567 5368 1904 7277 8424 8029 7744
2383 2055 2954 185 2056 5118 4378
2384 4378 8425 3862 2081 6174 1615 8426 4814
2385 4378 923 2720 2314 3016 2886
2386 8427 1909 8065 8428 112 5451 4378 573 48 495 4746 2522 4070
2387 4378 2583 8429 5396 7868 4659 8430 2160
2388 4378 22 7523 8431 842
2389 8432 8433 8434 6673 3196 5383 5395 7951 7277 4378 8039 6711
2390 8435 2478 3998 2758 8034 2476 5998 2757 5382 561 7253 109 7252 6676 8436 5096 6665 5335 4378 5328 8437 1343 8438 1345 1540 1534 2356 102 5173 3788 1404 1274 1523 4656 7995 3564 3648 1526 2548 1259 970 8439
2391 4378 6195 1665 316 8440
2392 4378 6266 7576 7175 8441 8442
2393 5466 213 8443 5255 8444 7179 196 8423
2394 5466 350 5005 6922 8445
2395 4210 7637 5466 7415 7796
2396 3195 525 872 5466 4508 7449 7754 8446 8447 753 2398
2397 30 5466 4019 6402 8448 8449
2398 5293 3947 8162 5466 899 2241 604 5147
2399 6283 8450 2481 600 7353 8451
2400 6109 2481 5641 55 7951
2401 2481 531 5618 4570 1499 4280
2402 2481 8452 2582 5106 4072
2403 2583 2481 5898 8453 7913
2404 142 6175 2481 7999 2182
2405 7251 4948 531 5618 8060 5213 7175 6512 688 3870 1643 8454 94 8455 1442 717 8456 8457
2406 5375 2630 4204 8040 3494 7251 7868 3893
2407 7251 2703 7719 5342 4848 506
2408 2518 7251 55 8429 2848
2409 2478 6268 7251 8458 8459
2410 7251 1089 7306 6187 5833 6519 3307 2056 8460 3700 3703
2411 2759 5361 4650 6665 7840 8035 5364 2739 8461 7251
2412 5382 5322 8433 8462 7251 2628 7259 276 6113 1180
2413 7836 5315 2626 7251 8394
2414 8463 2613 1774 5458 7990 631 5782
2415 8464 7990 196 3274 8465
2416 7990 3455 176 8466 175 6903 3756 4988 3726
2417 7906 2416 7848 509 7990 601 8467
2418 1720 175 6749 4806 7990 2159 8454
2419 4871 3177 7420 2229 4735 812 257
2420 8468 4235 8469 7586 1357 3334 4871 7301
2421 3740 4871 2542 6577 2431 531 6661
2422 8470 8471 8472 8473 8474 8475 4871 8476 8477
2423 8478 7977 5777 6114 6602 6557 4088 4871 6372
2424 4958 8044 507 3694 1525
2425 8044 5387 8479 2705 4975
2426 2476 5315 8044 2581 5324
2427 8042 5091 2599 8044 65 5179
2428 1472 5159 1769 8480 1693 1341 2853 369 1067 2861
2429 6868 538 5473 1693 574
2430 1693 8403 1530 6534 369 8481 8482 4944 8483 5450
2431 5698 1693 722 588 3593 5513 461 5450 309 5154
2432 8075 7331 446 7637 1693 7187 176
2433 1693 8484 694 722 364 3558 2736 1150 8485 8486
2434 1693 4342 8487 8488 8489
2435 8490 2046 6464 3718 2420 8491 2230 8492 8493 1413
2436 1136 1612 1032 1501 1738 1064 1320 3718 212 8494 966 1041 250 76 1564
2437 6627 4173 589 4069 3718 7570 8495 335 706 4450 5143
2438 3107 8098 7393 3718 8496 3657 2623 8497 7337 3785 4806 2823 8498 2222 1646 7672 3438 7958
2439 3718 1774 896 677 4019 5625
2440 3154 8499 4154 381 1064 1614 1383 832 1033 3718 5771 1072 7770 904 1969 2161 79 1042 299 8500 8501 1385 1589 5945 8502 4793 1357
2441 8503 66 5084 475 4095 619 694 8504 559 892 707 867 1953 3593 308 3650 3596 868 8505 2239 705 1412 2336 5143 1502 8198 1137 3922 3766 5318 7916
2442 1412 588 6557 8506 648 4064 1765 417 8076 6297 3036 8507 8508 4069
2443 477 65 4565 5072 48 1412
2444 5056 185 470 539 1412 866 6583 3318
2445 859 5697 1412 627 524 3083
2446 1412 4769 732 8509 8510 698 5126 3201 8511 4095 4002 524 30 519 2843 4815 458 4313 188 7257 82 25 4145 8512
2447 8513 6311 4988 7789 1412 4185 7271 7919 732
2448 1412 743 6072 7948 8514 624
2449 5728 454 4948 5733 342 8515 8516 5965 8170 185 4942 694 8517 7686 7744 188 5304 96 144 8518 8519 4303 3558 779 3650 8520 8406 8417 2379 2244 7879 423 8521 5468 5080 3003 8145 3465 4696 8522 1412 3805 8101 2425 6934 115 5318 3756 8523 315 3559 8524 8525 6639 8526 5530 8527 5283 2315 7749 8482 3016 512 460 4097 8528 3766 4503 8529 717
2450 4030 763 1412 694 4946 5484
2451 8065 8530 1412 2066 1904 8531 2877 5107 1443
2452 364 5806 5976 8532 8533 3933 508 2783 1472 8534 1412 494
2453 2066 8404 5116 1412 8535 8512 5091
2454 1412 4837 184 5160 8536
2455 1412 4487 2986 6297 6966
2456 1340 485 1069 7091 497 3968 48 4210 2101 112 698 2834 1779 868 3593 4934 602 2242 8417 722 3673 4223 8537 619 6571 2516 797 6557 7446 2514 5080 6790 3465 5940 8538 8539 618 417 6279 4487 694 1402 1412 7498 8134 144 453 2820 1872 2292 8007 539 8540 7386 5496 1300 1088 5652 5575 5144
2457 3813 65 5102 6747 8541 258 8542 5491 461 4029 468 4431 1412 8543
2458 1412 507 3837 2877 4776 22 5283
2459 8042 2803 477 2723 8544 1412 6279 811
2460 8545 8219 1412 8546 97
2461 5397 1412 4379 5361 8547
2462 3648 3624 587 2436 694 1412
2463 1412 772 4431 497 5452 8548 5870 8483 5307 4944 1703 4301 8549 143 3593 3195 5133 8550 8551 3559 5476 1203 1340 81
2464 1412 84 8552 480 8553 4388
2465 3862 6377 140 381 4007 4064 1412 5926
2466 176 8518 1412 8305 5127 3323 8307 4529 524 4789 191 345 8554
2467 1412 6150 3728 5698 735
2468 5732 3558 5307 6325 5120 8555 8556 1412 8557
2469 1412 417 8558 440 5007
2470 3593 694 176 3559 4303 494 3565 6152 2292 5255 30 519 1412 8402 507 3755 454 8559 4437 6785 6546 8560 8561 17 2256 7393 4029 5959 7613 4365 3197 789 1094 3043 4249 214 5257 8562 8563 4829 5593 5048 619 8076 4977 5619 5294 4069 6670 3947 185 4083 381 5129 7788 7386 6980 4369 54 2420 901 4428 645 5977 8564 8565 8566 2877
2471 8509 1412 507 34 519 3615
2472 8567 494 6325 8568 3219 619 1412 5156 8557 8569
2473 4303 1412 3558 8403 539 346 8570 257 2311 8008 51
2474 3496 3499 2232 6252 502
2475 3496 39 6576 3195 8 799 645
2476 3091 3496 1357 2081 91
2477 2621 3496 4917 6576 3440
2478 3496 3363 4776 3442 2829
2479 6541 3496 3525 321 2100 7928 5132 8571 3265
2480 7523 27 7194 7723 1576 3496 2668
2481 506 7848 4088 3829 3496
2482 3839 6529 3496 6089 5762 8572 7217 7071 8170 4166 4862 1625
2483 7774 7399 3332 8573 3573
2484 8060 5186 4598 7400 8574 7399 63 5564
2485 7399 3332 7491 191 7686 495 8575 4180
2486 3660 552 3840 7949 2576 1909 8576 1186 7399
2487 8577 6127 1096 5786 2375 54 7399 3016 5302 360 2464
2488 4941 5005 8578 2267 7399 3332 1666 3690 3372 8579 8382 8580 6650 5235
2489 6581 1607 7530 3819 627 8581 3300 4431
2490 7303 8535 6581 115 736 4930 5244
2491 8582 3017 5771 662 6898 6090 6616 4707 5517 8583 3370 354 2565 526 4304 8005 8584 2108 1054 5410 5413 6924 764 8585 723 4128 2079 6581 8586 7533 4126 905 8587 8588 924 8589 8590 4050 2075 7646 6262 4968
2492 6175 6411 8591 1911 4168 1347 6581 4131 1742 2764 6127 8592 7024 7289 5512 7294
2493 8593 4076 8594 6581 5114
2494 1376 6581 1303 1570 1474 1380 1295 936 5978 5839 953 806 1325 969 3915 46 1328 1054 1038 8595 8596 8575 756 6128 265 502 4135 8597 2773 1661 1144 159 421 4909 1161 160 1560 836 167 841 811 1260 437 7311 1055 839 164 1169 161 1152 1009 1173 1313 1769 4681 1084 425 7059 8598 6137 7386
2495 6581 3590 142 6745 6823 3348 3679 5960 8348 5490 93 8599 3528 1307 8509 3083 1615 487 467 6827 3026 546 8600 742 3987 329
2496 6581 8601 357 5355 8602 5778 4444
2497 2343 1685 8603 8604 7957 7348 8605 7051 8126 3882 6581 8606 8607
2498 3205 5091 2716 685 4311 8608
2499 5361 2739 6665 8609 5367 2478 5091 8028
2500 699 2898 5091 3494 7801 8610
2501 5091 8234 4709 8611 2265 8612 4518 2390 8613 8614 3983
2502 5337 8615 658 5778 3332 2369 1327 3964 4035
2503 5075 3332 8616 3504 8617
2504 3332 472 3920 662 6327 6537 2567
2505 3332 5198 8618 7190 8122 1436 1849 3052
2506 7944 1543 3332 3884 601 3629 8619
2507 8620 3332 8265 2734 6138
2508 8621 3332 318 2808 381 4481 8622 2663 8623 6089 4007 7028 8624 4122
2509 2292 6187 8625 8626 3839 3391 3093 2472
2510 8627 6118 8628 8629 3839
2511 8630 7430 8314 3839 8631 7465
2512 176 4437 2897 8632 5238 3235
2513 142 5375 8354 3235 2829
2514 7315 1784 2095 2574 3017 4492 7051 8633 7039 8634 4344 6781 2992 1349 7344 3235 3581 7405
2515 6476 7379 2926 1131 4573 2047 8635 2161 209 3235 1207 2192 5400 4333 3591 1390
2516 3235 8636 4244 439 2457 4862 7815
2517 3235 1230 5880 1001 2733 1048
2518 1969 8636 1828 1857 1824
2519 8637 3218 2513 1530 8105 8636 526
2520 8638 2563 8639 8636 8036 5425 5036 361 2504 6584
2521 4958 5048 74 894 8640 257 8636 6787
2522 1828 1886 1797 8636 1994
2523 136 8479 8641 8642 3826 4010 185 8643 532 7848 1407 4019 176 175 2331 2398 101 5140 7430 5722
2524 5453 4746 8479 867 5388 8644 1206 1904
2525 8434 8479 862 8645 1674 1301
2526 8646 8647 8648 8479 5140 7585
2527 3373 8479 8511 8649 8650 6255
2528 8479 4095 5514 3813 6040 366
2529 2624 1347 4042 8651 8479 74 8652 1335 1607 6127 7089 8653 6189 8654 3111 3014 1099 912 8655 4638 8656 1052 5645 3277 8657 8658 1278 1240 1429 1016 1430 3874 6825 8659 5991 8660 2922 8661 8662 3029 964 8663 1119 8664 1385 3169 8665 8666 1259 8667 1026 2550 5586 6046 6072 8668 8669 4119 8670 985 819 4911 5221 8671 8672 1264 4461
2530 8479 2637 684 6465 8667 544
2531 8479 6330 5718 1782 3651
2532 8673 8674 8479 5384 3220
2533 8479 8675 8676 34 8677 8678 8463 4375 3862 440 654 7057 8679 3048
2534 6244 2584 6178 3722 3724 8680 8479
2535 8479 6710 7582 8681 3368 257
2536 8479 5383 8682 99 1897
2537 5085 8683 370 318 7342 8476
2538 1399 370 4342 2877 5143
2539 370 2710 2450 4055 3056 107
2540 370 3230 8533 3234 339 1305
2541 30 370 414 8684 7771
2542 8232 370 2823 2286 5165 8685 7943 8686 810 8687 508 8688 544 1490 6249 3140 6419 1688 4089 4571 7473 6966 480 2733 34 4314 8577 5243 3151 54 512 8689 531 523 1589
2543 5346 370 1499 1719 4538 8690
2544 5361 8691 370 8692 2581
2545 5145 8199 8693 91 2759 8694 8650 4012 4307 2802 8695 3649 8696 7317 52 8697 7844 2213 550 8698 5447 8699 8700 4431 8701
2546 2759 8702 3363 8703 3451
2547 7844 1872 4306 2759 5254
2548 2759 2292 8554 1474 4144 813
2549 8704 7678 604 1123 7207
2550 4953 7317 7529 8683 7678
2551 5453 2741 26 6963 7678 5832 358 5096 5127 477 255 3216 5094 8705 7277 2581 8706 7423 886 891 2230 8707 4150 890 897 898 1671 8708 7175 8464 715 1675 7497 482 627 2793 3685 2821
2552 7678 7597 2655 3494 2520 4830
2553 2738 5904 8709 2394 8710 8711
2554 2738 2713 6099 4503 1909 8712
2555 794 5107 8713 8714 876 8715 1441 1909 8716 460 8717 494 8718 48 4431 8553 8719 8720 414 5208 8274 8721 2738 3571 5007 3697 5153
2556 2738 8722 2600 4341 8723 6126
2557 1268 2254 2738 3567 4074 1642 5738 1568 1351 4154 1380 1470 2868 1739 1741 6751 807 1070 1054 1381 801 3318 965 1151 5623 1331 5852 656 8724 818 1364 4601 2555 1564 1202
2558 8553 255 703 5119 8725 4935 6328 3193 8726 5473 7058 2063 3812 2472 4837 2738 8727 4393 3730 3154 674 7866 5302
2559 573 5368 5384 861 6639 8728 5184 6617 4515 1904 8729 2738
2560 4690 3615 2738 446 2834
2561 3490 2738 65 867 674 811
2562 2738 3769 8730 2231 7276
2563 2739 7187 7662 4063 2738 619 435 1600 8731 8732
2564 4171 868 7397 6525 8733 3694 1577 1469 812 8734
2565 4171 97 102 30 467 8611 7983 3876 8114 969 431 4792 1589
2566 4171 1727 8735 6200 7652 4859 7724 3383 4275 2988
2567 1418 4595 7782 627 2447 4726 7932 3177 4923 412 7926 2465 3822 3072
2568 1418 6322 2883 2657 6111 2331 8736 3877 3391
2569 1418 8737 8738 8739 8740 2834
2570 1418 1786 6103 51 146
2571 3662 1418 3292 5680 8741 4827
2572 8742 6115 2448 7268 6126 361 1418 2303 6330 631
2573 8743 6602 3862 8744 1418 35 3745 1664
2574 1418 8745 8746 833 2413
2575 1276 5312 1418 381 2877 552 3400
2576 5400 3425 3743 3741 3740 880 831 4838 1853 1341 4333 1418 1840
2577 4165 7420 4168 7523 175 7336 1418
2578 8747 8327 8748 3083 440 3975 5987 6661 6752 5968 8277 6395 1765 584 2198 8749 4750 34 39 5463 5007 8060 1418 8505
2579 1418 74 4132 3371 7541 8750 6464
2580 2605 3688 5225 257 5743 8119 1418 4726 318 1840 204 1354 322 4088 7960 287
2581 1418 4595 631 51 146
2582 2764 1418 5899 519 8019
2583 8453 1418 3331 176 196 1427 1191 7702 980 1512 1465
2584 8252 868 1418 887 4086 4087 3391 257 4077 8751 400
2585 8752 39 1418 6255 8269 4088 318 3106
2586 7803 7517 748 189 1418 5720 792
2587 1418 1790 1853 5594 1788
2588 4874 2776 321 2764 1418 5772
2589 3487 3357 6536 1493 2295 8753 1203 2449 1953
2590 42 7277 179 2241 3455 4313 111 3218 7600 8491 7697 7823 685 132 8754 7529 7466 4394 1953 5148 5966 186 2699 6401 4407 4005 1909 868 3465 3147 6629 8755 8756 3175 497 2169 6396 2988 19 2411
2591 5383 1953 1954 5533 8757 8758 8112
2592 3830 6422 6734 3509 2748 1953 5350
2593 1953 1677 4888 2367 1231 8237 1108 1661 2982 1810 3163
2594 1182 1953 2216 3335 2448 3662
2595 4578 2888 2232 1953 2447 8759
2596 1953 3109 4481 4314 3265 8245
2597 2344 1954 1953 2197 1340
2598 3343 743 181 2988 8063 2087 8760 1953
2599 8761 8762 4630 8763 8764 8765 1953 8766 980
2600 8767 1953 257 51 812
2601 1895 4829 4948 2714 3303 5202 1953 2420 5129 4528 8768 3928
2602 3325 1953 2471 5762 491 3489 8769
2603 3830 142 1953 787 65
2604 2733 1953 6334 3590 1653
2605 1953 51 147 146 3400 8769
2606 1835 1953 2886 257 6593
2607 3620 6628 8770 2269 673 5156 6527 5847 318 1953 8771 1492 5454
2608 877 278 1953 8772 486
2609 1953 1784 2584 1865 2114 3233 2876
2610 1953 4428 1273 5648 980 1465 1116
2611 5120 8773 413 2448 25 3559 694 1953 1703 4431 6325
2612 1953 1954 2471 913 8774 7015
2613 7431 8775 2187 2339 1953
2614 10 892 1953 3626 3218 8776 8777 6247
2615 8778 1953 8779 7877 6960 1203
2616 1953 8780 5914 2974 8781 632 5160
2617 4565 26 4737 4833 897
2618 7560 8782 1602 2913 8783 8784 4833 8785
2619 4833 8786 4835 1064 2553
2620 8787 3264 540 5161 5486 193 1515 3415 4833 754 8671 2445 5133 2491 1045 818 1168 5651 8788 1445 1391
2621 4833 3385 4523 8110 361
2622 6084 4833 5752 160 4732 6484
2623 4726 4833 295 6635 4402 8789 318
2624 4838 1954 821 4833 3002 6454 1226
2625 506 630 3093 4833 8790
2626 4833 2988 2232 4061 8280
2627 1799 4833 5752 4204 3107
2628 4833 6203 6910 4835 4240
2629 4966 8791 4476 3265 8792 7119 3115 8793 1183 3787 5604 3519 8794 3518 3438 5752 6910 8140 8795 7824 8796 7219 8633 851 8797 2702 203 3250
2630 8798 8758 8799 7694 8800 8801 8802 8803 8804 8805 5826 6807 4325 8099 8110 8806 8807 8808 8809 8810 8811 5827 8812 8048 8813 8814 8815 6826 7192 8816 8817 398 8818 8819 8820 8821 8822 8823 8824 8825 8826 8827 6852 5000 8828 1109 5017 6910 5752
2631 5095 5367 8164 5752 6910 4835 1810
2632 7583 1090 4474 1354 2388 3912 3858 3857 1590 2303 8829 5752
2633 5752 8830 177 178 8831
2634 1840 3462 2159 1853 1506 4687 3369 3017 3391 8832
2635 8833 3019 514 3462 2562 8345 6072
2636 3462 48 1354 39 35 4805 5532 7831 5593 2778 8793 3184
2637 941 4339 3462 5931 8834 1203
2638 346 2613 480 508 8835 7818 423 7341 7466 5165 5496 8836 4953
2639 7522 4244 7772 8837 2757 870 469 1909 8835 2416 8069 318 55 39 8382 7843 3175 491
2640 8835 6150 8594 2736 7009 8838 658 870 8839 5759 7065 952
2641 8835 8055 346 8840 28 7207
2642 8841 311 1529 3381 3655 8835 4069
2643 889 4779 3922 185 2323 2576 2920 799 4511 3011 8079 2260 7802 8842 8835 4981 7882 5984
2644 8835 1607 2973 4068 8843 7423 352 4394 2516 2959 3805 2870 5914
2645 8546 694 8835 3954 5558 1123
2646 1800 468 7361 7829 3561 500 8835 1828 1482 3198 1492 2095 8844 8845
2647 1347 6187 8846 6716 1866 2320 4746 3204 7358 7962 112 699 4949 687 6100
2648 8830 8847 8848 3614 84 8849 1573 699 8850 2877
2649 5465 25 7570 699 480
2650 8334 699 3197 1767 191 523 85 4949 480 189 5165
2651 39 5073 699 8309 8851 8852 5955 8853 685 3016
2652 699 5055 189 2267 6645 4408 8854 8855 8856
2653 699 4203 1510 8011 6328 2845
2654 5402 6255 2959 6226 699 487
2655 699 10 5294 706 7821
2656 699 4949 6094 1492 4144
2657 877 699 6112 8255 8067
2658 699 8553 7490 2834 7910 8857 4032
2659 7062 2853 1665 8858 699 4057
2660 699 7465 5127 3558 5981
2661 485 8428 4131 3567 8511 6546 6704 129 6211 699
2662 699 1063 8859 8860 5897 436
2663 5145 699 350 3416 920 339
2664 2900 3794 5112 4223 5099 8861 2019
2665 5112 606 7481 663 8862
2666 84 3196 4207 3225 1377 2531 1029 1303 706 3303 2312 2839 5112 531 1060 4074 4929 423 1441 1351 921 6966 3865 1271 6818 7303 1279 6800 822 1064 945 1366 5741 1660 3893 1679 961 212 1627 963 2200 8022 7786 964 1520 966 6319 5857 8863 4599 1288 1078 160 811 1161 1152 167 7311 815 858 975 163 1563 814 1170 166 1561 838 1748 1055 1173 1080 6860 425 1087 1088
2667 5112 608 643 6482 3107 812
2668 357 2336 3155 5112 179
2669 5 5112 2199 1018 1810
2670 3559 5112 877 8543 8864 544
2671 8181 5611 5112 8865 318 5
2672 1954 6536 5285 6545 3027 4303 400
2673 111 6332 7822 1340 5760 1954
2674 1954 2566 8866 8867 3987
2675 2705 5140 3331 1954 6621 3774 3612 8868 8869
2676 2422 2722 1536 875 7895 2852 2593 1479 5344 5562 331 8870 3277 1954 1840 2748 3106 5354
2677 1954 51 1783 1787 6857 5594 1802
2678 1954 531 3195 4207 7463 8871
2679 2339 8872 1137 1954 37
2680 6330 8873 1954 3085 331 208 4870 5234 3141 3949 1781
2681 7963 2581 2324 8874 1954
2682 1954 3177 5832 8760 3627 183 3866
2683 5127 6447 1954 1995 6561 513 5147 2347 7803 3562
2684 2903 1954 1870 3355 8133 8350 8875 975 8023 6560 74 5740 374 1064 628 6470
2685 748 74 5928 1954 2835 3870 7149 8876 8877
2686 1954 2318 3108 6 4166 8091 4226 7060
2687 5667 8878 4638 7994 7534 1727 4088 3781 1954 5882
2688 1954 1231 1209 1069 5742
2689 516 211 5337 1954 7031
2690 318 5025 1954 6649 8879
2691 8363 1763 1954 8280 1173
2692 1954 2926 1484 2366 147 148 3163 2155 2918 2177 1951 1316 1318 1333 1465 2062
2693 1830 8880 5948 1954 196
2694 4595 2637 2356 196 724 415
2695 4595 2471 7742 1840 4855 1340
2696 530 4595 5300 3483 8881 5839
2697 6191 2424 3368 4811 4595 3017 3754 2415 7502 8882
2698 4595 1505 2370 1568 1235 1031 4907 1354 4662 1036 29 3475 587 5445 5287 1234 4590 1323 656 3163 8883 3390 8884 687 8885 3202 4601
2699 4595 916 3922 3122 8223 8555
2700 4595 2428 8886 8887 5283 361 3184
2701 27 1909 5492 8157 4595 8888 1143
2702 4595 6459 8889 7301 3847 8890
2703 8891 8892 8893 4610 8894 8895 8896 8897 8898 8899 8900 8901 8902 8903 2485 4595 8904 8905 8906 8325 2846 2708 5390 8907 8908 8909 8910 8911 2897 8912 4649 8913
2704 4595 5832 2660 8890 2302 1275 4559 2325
2705 4595 2424 6540 2449 4069 3014 7973 8489
2706 1727 4595 3509 7947 8914 5666 5687 6143
2707 1351 1134 2664 1241 1230 1527 2393 4595 2982
2708 4565 80 111 8363 4595
2709 4595 2426 3967 2762 5873 2890 3170
2710 7535 8915 8701 2339 4595 1090
2711 8916 4595 3602 1840 8830 5455
2712 4595 5761 1844 8917 7689 500 7270
2713 3535 4595 4263 5606 4197
2714 8918 4595 5072 5291 8919
2715 2476 8920 6697 4595 2680 4069
2716 2880 3494 6123 2478 2602 7962 8040
2717 7079 2880 623 26 8921 2262 141 8737 8922
2718 6123 8436 2757 6672 2880 8923
2719 623 6150 8924 8925 8926 8293
2720 623 3730 7955 7613 5145 8210 6376
2721 623 8927 28 6875 743
2722 4749 2420 4040 4796 5238 8928
2723 3301 6056 74 490 257 2420 2205 3686
2724 2420 2897 3875 671 880 4726 831 5364 4282
2725 2420 8929 8889 5483 6273 1040 810
2726 8930 894 1909 3743 3741 7314 4787 530 3730 2532 6989 8931 671 1275 2420 4657 200 1406 1306 920 1570 1351 2897 8932 134 5817 8762 8766 1455 7155 8933 5535 939 283 2408 8934 8935 2932 8936 4780 8937 6768 601 854 1647 2549 6937 8113 1629 1214 8938 6319 1167 6699 2552 8382 5864 1122 3866 7266 3868 8939 8940 1604 8941 8942 5030 1605 1247 2234 2235 248 4221 4663 4560 246 8943 1564 8944 8945 1635
2727 5280 8946 470 2420 6354 5236 4951 822 3300 6518
2728 2420 1386 4791 381 2369 5599 571 178 266 8727 245 8457
2729 2420 3738 8430 6602 8947 2805 8948 6892
2730 7374 205 8376 4929 2420 8868
2731 176 993 7685 3626 4069 2420 1573 8949 8025 8950 4467 7993 4471 340 4081 4473 4474 8754 8951 8952 4091
2732 2205 4040 3361 831 2420 3738 8206
2733 1832 3182 1852 1833 5577 2975 2992 5055 2420
2734 3328 1909 6275 541 8953 5481 4986 2420
2735 8954 2518 2542 601 2954 2420 5188
2736 4243 2954 4394 3704 2420 3738 234 5922
2737 27 485 7564 511 8955 1524 8956 599 510 8196 3566 4206 3771 6366 509 4565 470 6624 6450 5905 479 2262 2588 4416 6681 7663 5574 4406 7732 1519 6629 8957 7010 6328 8643 8958 2420 4329 2576 4438
2738 3477 5029 2420 4695 3166 2565 6541 7105 8431 3818 1358 2500
2739 2420 74 5127 6174 480 5488 1660 3755
2740 2420 4726 242 2495 8959 3562 5687 8960 795
2741 1727 3083 8276 4776 4226 2420 8961 3095 6121
2742 2420 6560 4750 608 7367 7408
2743 2420 2716 8962 3858 2373 8963 8814
2744 5202 831 3607 8964 2420
2745 2420 7759 4993 8965 3972
2746 485 8966 600 8396 2649 3200 5478 8967 8968 1728 4247 5082 2420
2747 4204 3922 8969 2420 678 4013 2218 601 6252 4205 7488
2748 582 6728 2420 2339 2764 732
2749 2420 7430 4306 970 6584
2750 575 8970 347 1451 2461 2420 8971
2751 2420 4734 8972 4757 8973
2752 2420 4563 7038 5423 2823
2753 3204 877 1840 4903 236 2420 2613 34 4023 5504 2897 671 8974
2754 7368 7380 8735 8975 2420
2755 8042 5361 877 65 6710
2756 56 8042 7563 2557 2877 8976
2757 6422 5922 317 3593 480 8977 7634 1090 7920 916 1033 3300 8978 257 2564 8042 6252 7318 787 4746 7570 8979 6351 4355 495 2941 3011 3009 8980 8512 3155 2394 1407 8981 3142
2758 8042 4370 4223 3968 8982 8983
2759 3371 8984 624 881 8042 6187 7629 2458
2760 3791 8042 80 58 901 28 7502
2761 8501 1589 7485 255 5145 3590 1448 8042 7970 111 80 8985 4241 4792 3794 160 8986
2762 877 5387 8042 2599 8692
2763 8042 55 4529 6963 26 6656 4247 413
2764 8042 8254 658 5050 58 8260 8987 6100 3254 5873 6138
2765 8042 188 2379 4438 8988
2766 8042 58 3833 5075 218
2767 8042 3876 5511 4025 3033 84 2842 457 5090 8989 4890
2768 8042 433 4819 3923 3300 1328 6029 775
2769 7595 7598 2950 2704 2478 5335 3875 907 3202 8372 8459 8416 2657
2770 877 5382 5641 4853 5367 2704 2705
2771 8990 3959 5062 2704 1357 142 4839 7735 8991 8682 8992 6209 5897 2581 8137 8993 8994 57 1274 1248 1494
2772 876 6714 8443 2834 485
2773 7381 8443 8995 7062 440 1050
2774 5063 8913 1598 4503 8996 6902 8443 452 8640 7686 8188 603 8
2775 1904 8443 915 8997 6441 3706 536 4112 8529
2776 6278 524 8443 8998 1872 6422 7403 8983 7785 6587
2777 26 7971 867 3371 6963 98 6656 648 3204 7917 5066 1123 489 869 2003 8190 8999 872 2757 65 877 5067 59 4222 4746 8065 8443
2778 8443 1904 39 9000 9001 46
2779 8443 2526 1516 1235 6329 4684
2780 8393 5364 2626 8053 3657 5167 1720 5169 2623 2519 2720 2478 2741 4567 3494 7572
2781 3026 5364 3371 872 7277
2782 5364 4401 6384 1344 9002
2783 55 4181 5453 5249 9003 2584 82 1782 8705 7962 1206 2522 9004 5094 4948 1667 2740 65 867 1668 5538 5364 4132 8452 7857 142 887 188 573 475 2739 92 5052 6657 714 7898 861
2784 2950 6294 6372 110 6187 1475 3154 1523 3312 935 5622 2933 9005 3845 1372 2982 5861
2785 2950 1967 2426 3013 4726 3302 3186
2786 2950 6679 9006 7999 1340
2787 2478 5641 2950 8682 3445 3476
2788 2950 540 7337 595 3017 423
2789 2950 1590 969 3195 4023 941 5978 4735 4321
2790 2437 2981 1677 5657 2693
2791 8773 9007 6112 3158 866 2379 5954 3371 4815 2842 2981 9008
2792 1028 1508 2981 1495 3963 1413 1653 1286 2982 1077 989
2793 2981 4695 6135 4355 7021
2794 8063 5336 2623 2518 4086 9009 1478 2438 4383 2722 5832 2657 2981 8772 2762 1483 1129 553 941 1135 1052 6751 1435 4032 167 382 1009 1184 1258 970 839 1079 166 161 162 842 1260 7199 1056 1292 1148
2795 4695 2981 2159 2449 2645
2796 9010 2981 7929 7854 552 9011
2797 2416 6 5910 2245 9012 2269 3963 2981
2798 6134 9013 4188 2289 6521 5354 2890 3714 5688 3880 7977 2981 3379 2652 3607 5457 2047 2045
2799 2981 3368 1276 3019 4297 7427
2800 2890 6684 3880 3645 4552 8702
2801 4552 3381 8012 381 6083
2802 4552 435 1381 2394 2204
2803 4552 4695 1569 1052 1381 1230 1240 1594 1555 1396 3 1216 1312 3249
2804 9014 5360 4552 7739 3653 1865 2524 902 3182 3779 3768 3792 3698 5140 4314 514 4217 174 5103 3166 6546 1978 275 5530
2805 9015 4652 2456 3875 4745
2806 3873 2899 1943 2120 1946
2807 63 7872 4795 6200 6725 1967 1275 4838 2783 9016
2808 1967 7301 4726 2446 3001
2809 1967 2557 3014 4811 1409 3824
2810 877 65 9017 4726 80 1967 671 7599 6112 2205 4591 4850 4732 6664
2811 1967 880 3371 1066 8274
2812 5225 2450 4373 3584 2359 7986 5717 3800 7374 322 6406 4757 3013 590 3948 1967 255 4254 1071
2813 9018 142 1967 1997 1220
2814 6541 8834 2319 671 581
2815 82 9019 3220 2319 196 436 2742 1646 1620 9020
2816 2319 9021 674 5845 3467 5783 4903 9022 176
2817 9023 911 2319 252 3931 8347
2818 2319 2197 1334 1336 1849
2819 3228 7375 1607 1479 4332 1979 2319 2960 2885 6343 4761 2365 1339 5862 3273 5880 1476 1368 5849 1212 1109 1023
2820 6670 2758 6675 6676 6674 2485 6669 8589 6208 9024 7253 9025 2455 6123 6447 7258 7305 2319 1482 3743 3741 3740 3425 3765
2821 6175 1271 2319 4608 2366 1181 418
2822 5332 2319 6668 5326 9026
2823 2319 4586 3744 3602 9027 1250 5354 1995 9028 6189 1828 286 875 7796 1659 4888
2824 9029 2319 7003 9030 3531 3590 3523
2825 8040 2356 1666 2319 3264 2476 1473 7462 8034 324 1028 1340 911 997 1394 1622 962 1626 1396 4581 973 7267
2826 2319 1271 9031 6704 1050 1351 1238 1136 1621 155 854 5866 2548 1629 1245 418 5885 166 812 5840 1043 3868 1687 1464 1228
2827 5171 9032 2319 6331 7861 9033 5330 7305 318
2828 2319 3788 7308 1637 1424 3005 2905 6726 1220 845
2829 2520 7759 1479 3391 671 3107 6449 1180 74 4923
2830 7759 5390 8328 7326 2482 170
2831 82 8644 5095 5361 4746 7759 8036
2832 1639 4094 1347 1978 4577 9034 3600
2833 8236 3600 5249 307 9035 6539 34
2834 9036 3016 671 5836 3600 1094 1516 2301 3491 8729 143 5127 2516 1351 2161 1295 1064 998 5742 1501 855 4580 3318 1142
2835 3600 2897 5540 3177 4949 9037 918 5229 4693
2836 7913 6709 5371 477 3600 671 5377 4612 6092 9038 9039 6290 2538 9040 184 1334
2837 3600 2664 1239 2366 2367 5541 962 5556 1291 9041
2838 1506 5355 3600 524 8198
2839 3960 9042 747 3600 812 9043
2840 5106 4746 1667 7277 5387 8050 1904 3967 3600 5256 8698
2841 4848 4293 3300 509 307
2842 1420 4848 4726 1840 2764
2843 441 5911 2644 9044 1643 9045 9046 5845 587 4289 4794 8554 7304 3492 7412 2927 1618 7933 9047 5126 381 6377 7001 8215 9048 6970 9049 4123 5064 9050 5383 8074 4322 9051 9052 4848 2386
2844 4695 3830 5847 3840 866 2225 4079 8510 7728 418
2845 2600 4746 7962 1206 82 5360 7628 4236 4695 4925 7348 2412
2846 5413 1357 9053 7729 2037 6495 6897 516 3127 3279 4695 710 7343
2847 4695 2626 3420 1515 6733 1124 6776 1276 1723 1874 1988 1239 1232 8220 7527 2778 1004 1005 1615 3429 1684 1111 5004 1656 1177 5886 1146 1658 1333
2848 9054 4107 9055 3884 6519 4695 7090 1129 4621 937 601 5883 7075 6871 6984 1622 1219 1008
2849 9056 4695 1409 2938 361 9057
2850 5064 5465 497 4695 3371 4407 3207 22 6496 3039 1761 1163 9058
2851 6971 9059 3935 9060 4432 4695 4107 3605 4780 3022 9061 9062
2852 3794 55 48 685 27 2063 59 6589 7014 2823 2508 3026 4695 2159
2853 9063 8061 4695 7301 8373 1677 9064 9065
2854 4695 880 1308 7167 9066
2855 2358 4742 1124 1525 4695 1736 1609 3993 5029 998 1136 1551 805 6758 1476 1072 1660 157 6757 3318 1142 1520 1160 1120 5888 1022 161 1042 2982 1220 1390 1500 4590 3868 1114 2494 1178 2795
2856 3264 8681 2713 4695 7827 246
2857 9067 4695 6492 831 7007 6603 4761 9068
2858 6674 9069 859 487 8614 7488 4695
2859 9070 335 3747 6112 4695
2860 1482 7124 5922 9071 9072 3526 7456 9073 981 7354 4695 7348 8333 9062 4925 6464 6227 1436
2861 6741 9009 1268 4775 4062 2426 9074 208 2448
2862 82 2426 2698 9075 1456 1497 24 6702 6654 1711
2863 1998 9076 8839 8 9077 7002 2426 265
2864 8437 2426 6439 3245 9078
2865 2426 2509 491 5254 3400
2866 1600 8947 9079 9080 8736 2426 5835 2288 994 2985 1454 4608 2362 1240 1256 1365 1230 998 5880 1719 2331 1509 1207 806 2202 1210 4639 857 6506 7804 3897 1286 1397 1461 2861 2060 1528 1218 1810 1080 1314 168 842 1077 1750 1146 4724
2867 2426 9081 1536 1271 1406 1298 1082
2868 6933 6335 569 4694 2426
2869 9082 7813 7811 7812 9083 9084 7814 9085 8132 8131 71 120 69 9086 9087 72 7700 3793 9088 9089 2253 7622 106 9090 2256 9091 9092 9093 561 9094 9095 2260 8588 8355 2772 5443 2763 4106 6554 9096 9097 4009 5272 4307 1602 8285 9098 6123 2900 9099 4508 1054 7835
2870 6666 7935 2900 8790 9100 5719 9101 1172
2871 4726 2900 3383 193 2325 1449 408 553 1503 1351 1450 2870 912 3911 5029 938 3893 1230 1383 855 1072 832 1354 414 1487 5623 1359 1488 1287 1017 2861 1022 1490 1685 2728 1110 1560 223 1747 982 1604 3151 425 986 5018 1712 6778 5830 1634
2872 9102 4947 2040 2900 5562 9103 9104 994 3910 4254
2873 2900 346 7375 2291 975
2874 2900 1765 888 4081 3083 3307 3371 892 7295 7513 6262 4137 8247 1445 3385 3197 9105 5404 9106 6768 9107 9108 17 5496 8577 1762 9109 9110 1033 774 6634 1044 5121 9111 5236 2292 9112 5718 6792 483 3387
2875 2900 9113 9114 7823 2515
2876 2900 8690 26 9037 9115
2877 718 2900 3794 2626 5335 9116 9117
2878 2900 877 6782 9118 6622 6745
2879 523 9119 4069 2900 9120 5132 9121 1094 9122 6537 4127 8423
2880 7744 9123 5898 5717 9124 8130 2897 9125
2881 2897 1767 5140 7500 216 7402 662
2882 5073 6503 2318 2897 925
2883 442 2522 2897 7062 8881 4985 5287 9126 9127
2884 3976 2897 2742 2388 8917 46 2938 4331
2885 2897 4411 3175 9128 7761 2267
2886 8040 6549 4586 2477 5382 2897 5390 8328 7326
2887 8787 9129 3804 2897 745 384 479 5929 3566 4232 9130 6601 9131 908 8770 6018
2888 9132 2897 4311 671 608
2889 8990 5170 2601 3177 2740 2897 4939
2890 5618 10 3195 9133 9134 2897
2891 25 5382 494 4670 7951 5318 2634 5182 1760 877 65 2897 6560 8994 1472 55 3794 6117 8055 868 3875 8405 694 3303 4369 3197 4106 1480 9135 3016 9136 8549 6252 217 5236 5242 189 6538 214 8563 4204 4789 436 309 4949 5747 4007
2892 4862 9063 8113 6849 9137 6318 2897 1909 7756 8278 8737 22 593 9138
2893 2897 8470 4445 4121 2190 3694 2207
2894 8846 8625 9139 4310 2248 4826 9140 7333 2897 3738 4634
2895 5418 6352 3738 7467 4811 2999 9141 4862
2896 3738 2421 2705 5385 6269 2881 117
2897 6555 7599 9142 3738 2390 1771
2898 3738 2421 1618 2732 9143 6622
2899 941 1590 3738 2834 6145 2844
2900 3013 2216 7761 2207 2500 3738 671 196 6126 5610 9144 9145 6650
2901 9146 2421 9147 909 3260 9148 3121 761 9149 263 323 7837
2902 3013 2466 2982 2421 8784
2903 3875 345 6437 2542 3926 381
2904 5167 9150 2619 9151 3875 5844 8155 4489
2905 9152 3875 4303 9153 7207 1013 3392 1010
2906 2003 7743 3875 9154 9155
2907 3875 3085 2593 1538 2804
2908 2754 3677 7998 3875 7373 1803 4076 1742
2909 6092 9156 3875 9157 8517
2910 9158 82 1840 3875 507 1334 6731
2911 5056 3875 2296 2402 7933 5028 9159 897 9160 3019
2912 3875 5832 8954 5838 16 4931 5403
2913 3875 3959 1070 4159 4076 645
2914 3875 6030 6513 7611 7672 6633
2915 4849 6372 513 1840 2778 4731
2916 4849 1495 2187 6385 5040 5042
2917 4849 3362 1718 496 1501 410 1570
2918 4849 1831 1853 3362 9161 1340
2919 7596 4849 3367 320 1028 4688
2920 4849 3141 2428 1837 1844 2371 331 3178 7932 6789 1987 2951 2370 1803 1505 2430 4710 2160 2018 3601 1514 1180 7134 5023 1905 7742 1843 2650 2137 7308 4544 2795 1796 1235 4548 5665 1829 2419 2893 1318
2921 1540 4849 2197 2622 7373 1840 1028 1248 6766 736 967 1017 756
2922 9162 9163 4698 671 8145 927 9164 1997
2923 48 467 8530 8304 4313 541 5514 865 671 189
2924 7778 671 176 3954 1694 381 470 5145 74 7317 1761
2925 5950 5618 6186 7709 671
2926 2698 2954 1095 3017 2284 3988 9165 671 4344 274 3391 1354 5049 512 3326 3499 3109 2305 3177 5323 2213 6860 5225 3278 2245 3438 3110 257
2927 6842 9166 8713 6187 671 9167
2928 671 74 5275 7610 7738
2929 485 8224 671 74 865 111 5186 9168 3563 961 7734 2864
2930 179 1451 4228 1770 671 8849 1555
2931 9169 552 6896 3378 5847 235 671 9170
2932 8693 2207 671 7343 5623
2933 9171 1159 7372 4293 6507 7332 671 3300 2442 4342 1325 7761 470 9172
2934 671 9173 9174 608 8278 9175 9176 6056
2935 5288 2461 671 7729 4407
2936 3694 671 7373 2447 608 8973 453 8482
2937 671 176 7897 1531 590
2938 3219 55 934 8073 5229 671
2939 8984 6927 671 3072 3274
2940 3907 3596 4028 671 6646
2941 671 2947 2878 2197 31 2835 9177 7256 9158 3264 1853 1788 2902 3367 1072 2574 3467 7582
2942 1386 74 3690 671 2877
2943 671 2520 2198 3177 1092 6791 381
2944 3200 9178 5141 4311 8201 3201 909 8124 671 8771 6589 502 4925
2945 671 7982 9179 9180 3835 6740 6613 9181 398 675
2946 671 3649 4591 491 9182
2947 4025 409 6102 8675 2854 8969 671 381 9183 4622 9184 5759 4139 835 9185 843 2674
2948 5740 6916 9186 9187 671
2949 6291 9188 8255 671 5323 6263
2950 671 7254 5007 3885 438 4151 894 111 9189
2951 4809 7861 671 3240 1089
2952 3905 4504 4686 3860 671
2953 671 9190 4439 217 7351 548 3983
2954 6357 322 671 8012 7920 6628
2955 6660 74 4407 671 4217 95 2052 645 2877
2956 5051 8386 671 9191 4160 9192 3641 5518 9193
2957 671 2520 3107 2518 4207 6640 9194 608 8592 3017 3109 7988 8582 2126 3053 2124 2136
2958 671 9195 2986 3573 2218
2959 5179 671 3013 6289 7300 9188
2960 671 3830 188 80 144 8376 2764 645
2961 671 2920 8133 1599 5970 5141 7352 9196 6603
2962 6785 2613 9197 671 2542 381 510 8956
2963 5283 8591 4079 2775 812 8315 4916 6430 3175 2208 3436 3107 671 586 4139 2589 4207 3157 601 4687 9198
2964 3013 1268 5544 624 2292 5445 1050 1380 4608 3366 964 1233 1142 164 3827 166 167 836 1314 814 1174 4724
2965 588 3013 2562 4227 6248 9160 9199
2966 3186 3013 2978 1643 1601 928 4608 1256 1137 413 3401 9200 831 1211 495 1370 1162 1082 1810 2982 1046 656 818 7056 2204 793 1656 231 5886 1557 5831
2967 3013 2353 2742 7720 9201 9202 3294 7817 9203 4640 6376 7455 6277 329 9204
2968 2705 5971 3013 335 1354
2969 3013 308 9205 3541 3720
2970 5323 9206 6627 9207 8780 5767 3140 9208 407 9209 3091 3013
2971 1492 9210 6491 9211 3975 3013 2448 7407 4726 2447 7785 9212 4104 1064 7333 4778 3091 3588 5040
2972 3013 9213 3371 2565 871 7915 9214
2973 3013 3010 9215 5480 3008 5706 9216 1071
2974 1479 3013 220 2448 7268
2975 9217 9218 1716 3013 80 1062
2976 3013 4726 5822 1187 2166
2977 1908 3487 115 4210 1828
2978 4913 6266 7903 8957 3725 7078 6352 6695 3127 3487
2979 8527 4222 4308 799 8555 3487 9219
2980 1597 7250 2197 2651 208 1276 1067 1366 2286 1141 415 5651 1184
2981 2197 5631 1340 1268 3902
2982 2197 4573 1548 1361 1010
2983 2197 5456 193 6325 688 1542 596 3750 1098 199 1545 1032 1235 1365 720 6705 856 1552 413 1743 613 1033 1297 5241 1497 1359 810 756 6319 418 250 4908 969 1662 1218 1703 1391 1560 1234 228 1317 265 2555 9220 9221
2984 5631 2197 2856 9222 3887 3781 58 910 1495 1337 3902 1548 9223 826 8929 5592 2664 7336 1644 1328 8878 4156 4626 1435 9211 7266 5260 5009 3169 9224 793 3297 2569 8355
2985 2197 8043 5383 8361 800 2208 6591
2986 2197 9225 2898 4938 2478 7454 3830
2987 7599 4547 3083 9226 4079 9227 5735 8197 5715 36 1576 4407 559 489 4618 255 9199 2637 65 8996 5493
2988 4829 479 7599 5783 2342 4974
2989 7599 1508 9228 3951 2413 9229
2990 9230 34 9231 7599 5074 9232
2991 255 6150 7380 9233 115 732 89 7599 4368 2423
2992 3634 9234 3520 3720 7599
2993 9235 9236 1065 7488 4306 4948 9237 9238 7599
2994 7599 485 2347 353 4934
2995 5171 2601 9239 6331 907 1479 1252 2562 4644 2905 2303 4578 970 3732
2996 6331 3832 2746 8130 5760 5174 8496 5838 4775 9240 6860 2816 7032 2369 51
2997 6331 9241 552 627 9242 2829 2408 1308 7320 9243 9244
2998 8039 2665 1541 6124 8681
2999 2424 1843 1828 3197 1800 2665
3000 2665 2238 7179 7254 1607
3001 2665 831 866 9245 3627 22
3002 2665 4941 506 9246 6252 2274 5082 805
3003 7538 9121 6212 6800 4537 2665 3322
3004 2665 381 909 4934 9247
3005 1251 2665 318 6915 4805 8745 3988 1723 2798 6352 5276 2031 3816
3006 211 5810 4264 2665 3416
3007 7286 2665 3494 4565 8674 5095 8037 5072 2380 4746 9003 1340
3008 2665 1843 3976 2159 318
3009 2665 3590 335 9248 9249 6792
3010 3728 4287 6432 2665 1472 2530 9250 7660 1607
3011 3574 4949 881 87 2665
3012 6639 5183 5185 7328 2938 8380 4220 4221 1066 2665 4469 4628 3387 9062 9251 1633
3013 5838 6298 3361 5 2665 9252 114 6118 2464
3014 6715 6321 939 8836 4333 5240 5790 1173 819 3297 2665 8142 9253 4226
3015 3563 9254 2665 9255 5879
3016 9256 9257 7596 2357 9258 5173
3017 7596 2542 2625 506 3154 7765 9259 6385 1647
3018 7596 8966 80 9260 9261
3019 880 3361 523 5940 117 3444 8199 2877 645
3020 9262 5387 880 2599 9263 4375 9256
3021 880 2343 1231 9264 2871
3022 1030 1132 1037 880 9265 964 1056 1044 1325 1940
3023 880 8682 2318 2501 3686 1276 1676 803 6743 732 942 1353 1307 5622 5541 613 8575 1160 755 221 1045 1011
3024 880 1340 1334 1336 1849 2982
3025 5361 5382 9266 5369 9267 5095 2655 3383 880 3653 6235 883 2617 2643 1270 1494 1272 4654 2470 5879 1192 1752 1136 848 3963 7001 5866 3618 1654 1057 361 3524 5861 4661
3026 880 7262 2533 9268 7306 5344
3027 9269 6093 6208 142 880
3028 7697 2761 552 4938 7628 7859 7304
3029 7304 184 193 1544 1505
3030 7304 691 3809 5505 1285 544
3031 3494 5169 1607 1089 8056 435 7420 3275 5186 8327 9253 8870 5136
3032 3494 3913 9270 329 185
3033 3494 2626 2538 2520 5365 9269
3034 4204 8847 1782 7945 1480 4434 3494
3035 3794 5680 3494 1018 8381
3036 3494 2356 5587 6081 9271 2750 2761 6690 1801
3037 1904 9272 2356 3494 9273 2779
3038 2626 3494 8340 5559 6692 3324
3039 3494 2520 6470 3465 5268 1872 8827
3040 3494 3085 1340 1268 1744
3041 3494 5048 345 32 3303 6235 4515 8127 9081 115 524 1274 7529 5148
3042 6987 6298 590 6606 3225 3494 381 737
3043 3494 2710 2942 9274 7378 4151 4522
3044 3494 3361 4040 9275 3419 3420 2892
3045 74 3494 5071 9276 2318
3046 5897 3494 2485 142 5338 26 342 4331
3047 8040 3495 2626 8165 5641 4746 7962
3048 2630 9239 8040 1386 2356
3049 2707 8393 2739 7744 8040 9177
3050 8040 4617 2626 2628 8096 9277 276
3051 6560 7471 3747 196 9278
3052 6560 4095 4333 1130 3860
3053 6560 5539 5077 7416 6174 3937 7769
3054 9279 1591 8848 5115 456 34 8611 720 9166 446 6074 6560 2286 3225 2279 3336
3055 6560 9280 5833 5545 9281 4827
3056 9282 4040 2714 6560 2574 3147 4333 6200
3057 941 3957 3858 4333 6560 7471 831 3857
3058 8773 3316 859 8363 233 4213 698 8403 2334 1423 4175 6560 5502 9283 9284 8867
3059 8313 9163 8875 6560 8094
3060 6235 9257 3264 5075 1095 189 6560 2334 9285 9286
3061 46 2231 969 1409 477 3431 1182 3857 554 2416 7376 3590 5953 3316
3062 3590 870 9287 9288 9289 5245 691 1138 9290 381 6072
3063 9291 4935 5057 5109 9292 1576 8244 9293 5145 3590 6340
3064 3590 453 211 8134 6632 8183 8689
3065 3590 514 7785 2437 3457 4217 6396
3066 2733 9294 3590 9295 9296 51 148 9297 9298
3067 794 3590 3043 4248 3318 845
3068 3590 3986 7353 8446 558
3069 82 40 308 5961 1620 3728 9190 5005 492 3465 25 787 1738 9299 8514 9300 9301 3590 9302 5890
3070 3589 477 7275 228 3590 52
3071 3590 658 9303 3897 9304 9305
3072 3590 2376 658 7785 3035
3073 3147 4369 9306 9307 7892 3590 5495
3074 91 4256 3590 8157 1054
3075 3222 39 3149 2222 9308 7687 9071 509 4814 6632 3590 308
3076 5980 3590 4348 7546 702
3077 9309 3590 673 6897 8108 8934 8082 615
3078 1590 943 1806 2596 2229 1909 3201 397 799 413 8355 9047 2336 5910 9310 686 3590 3918 7881
3079 3590 658 367 87 9311
3080 5541 8100 3590 3110 1477 5771 7785 799 969 4812
3081 179 3920 7339 9050 7856 9312 4893 2826 5701 3590 361 2591
3082 3198 3952 3590 9313 9314
3083 174 632 3586 5100 8633 5981 7038 7321 4480 51 3155 8084 3590 2309 7200 514 6186 287 4025 595 7760 7471 2835 6185
3084 3590 658 5890 403 9315
3085 6678 9316 9317 3967 4397 3590 3862
3086 4670 88 7209 3590 3457 8865 4201 9105 7057 7063 8160 4217 5255 6903 9283 440 9318
3087 2159 1028 3791 8787 1482 821 8019 9319 9320 1757 1157 1518 803 5738 4934 6308 2066 1207 855 1005 38 5741 9321 9322 4301 3590
3088 8559 9323 3590 8867 309 5815 4217 1322 489 514 9324 9325 9279 4830 9326 8866 1482 9327 6128 2961 397 9328 1672
3089 896 4237 3590 93 4291 4320 4190 9329 9330 4265
3090 1225 3684 7904 5034 3590 2047
3091 7865 3309 9331 9332 6809 6340 9224 151 3590
3092 3590 2903 7033 4980 1448 4190
3093 4753 3755 3590 6748 4217 7757 9333 4555 5586
3094 5382 6665 25 4040 3302 3264 5398 6987 8395 111 9334 3760 3735 3361 5090 6167 601 3670 3590 1654 3679 7877 3429 1146
3095 3590 3093 284 2398 5788 19 7149
3096 3590 3754 5891 5602 522
3097 2736 3590 485 4944 751
3098 82 52 7062 214 8773 3590 5502 5418
3099 5759 7065 3590 5739 9335
3100 3177 812 3694 2961 7780 601 980 217 8734 6396 9336 3590 257 269 7825
3101 3590 6501 658 15 457 884 866 453 4821 122 7038 6418 745 6045 7351 4928 548 9337
3102 877 9338 3590 5204 5523
3103 9233 5662 9339 3590 2576 2970 7756 799 6125
3104 3590 6396 8684 4982 3544 8649
3105 5569 8832 627 3315 1615 6396 3590 5584 1044 2267 1727 8208 361 858 9340 3864 453 4204 9341 9342
3106 4027 3244 7821 3590 8223
3107 3590 2973 2012 9255 2988 2293
3108 3590 6337 9343 6860 7080 9344
3109 3017 16 6541 4004 8245 3590
3110 866 3590 514 456 522
3111 3590 458 115 9345 5481 613
3112 8891 7997 2841 660 7200 3205 4912 1063 112 4223 27 9247 309
3113 3264 9346 5895 2931 2623 660 432 2812 5726 4088 913 6362 2798 318 937
3114 3984 531 5945 5519 660 4693 381
3115 4372 185 4934 9347 7753 660 3768
3116 4188 9348 9243 9281 4927 660 303 246
3117 6073 1447 2511 660 4741
3118 590 7782 4757 704 4436 7833
3119 7782 2205 842 506 3438 2389
3120 9349 9350 34 3959 5404 8499 6385 9351 8075 2716 196 1062 6073 367 7539 6141 9352 9353 4398 7918 3898 8195 7782 2226 2589 1679 3438 39 2877 3183 7382 2869 7884
3121 8117 7782 8292 4166 4331 2205 3031 3159 4908
3122 25 877 1762 27 8693
3123 92 55 6109 25 9354 6184 3774 937 7887
3124 25 5697 4223 6252 414
3125 25 6401 4565 1341 3752 7239 1421 3204 9259
3126 6314 6731 447 1448 4074 4572 363 1132 3968 7829 27 1501 1502 337 1715 1284 413 8454 141 25 1579 1628 158 1709 755 415 1683 1287 160 977 1323 777 5496 3869 231
3127 864 25 92 5202 9355 8219 662
3128 25 2292 7502 756 9356
3129 624 3371 3968 9357 573 5089 5067 25 2478 2834 92 82 5288 6904 1909 3026 472 4746 868 9358 236 9359 415 9360 1340 51 1271 148 147 149 9361 3540 9362 933 3635
3130 9363 9364 25 27 2860 2019 3679 8861 7064 3299 9365 42 1741 1504 34 101 3309 5454 93
3131 446 4210 142 25 9366 5142
3132 25 6535 7180 6923 2171 258
3133 7570 25 9367 8632 4203 1782 4516 9368
3134 25 40 5940 7360 94 2512
3135 9369 25 877 4746 3371
3136 3768 25 877 30 9370 8538 9036 799 684
3137 5382 6659 25 2478 5322 5324 9371 8166 8164 7798 4658 2848 2169 5792
3138 25 7277 5388 6665 4809 5368
3139 25 3794 55 82 689
3140 4282 25 2637 6706 1301 4940 5178 8058
3141 25 4746 868 625 2513 9372
3142 25 2267 5167 5832 6210 9373 2995 2562 2827
3143 25 4213 7277 4369 5540 3094 2746
3144 25 2581 2708 1646 9374
3145 6604 5395 25 5388 82 8644 2582
3146 25 8219 446 7654 7671 475 48 4503 3771
3147 5368 6665 4282 9375 8644 25 3213 1248 9376 894 7062 9377 5238 1124 563 1523 333 1230 946 949 6724 911 1260 2727 1144 1312 1207 1226
3148 2705 25 877 2741 7256 5071
3149 48 25 65 872 3220 26
3150 25 192 7644 3482 1155 9378 2858 5854 1723 4196 9379 2612 827 4016 1188 1728 3318
3151 25 6344 9380 9263 3026 8129 7850 48 1909
3152 52 9381 2959 25 877 8560 2379 3755 364 48 9382 5049 5244
3153 4809 2583 2739 7697 4746 5094 25 551 4212 4853 8038 9383 6673 9384 4005 5806 1542 1517 1498 1378 2199 802 5505 4656 4696 1452 4888 209 848 1032 9030 724 1307 828 1552 601 5855 2667 1623 1160 1458 755 1385 1373 1617 3039 1287 1703 8788 1560 1174 5861 4602 1201
3154 9385 9386 26 55 25 4958 8996 9384 4204 80 8181 6750 364 541 877 92 4181 6656 357 867 4821 866 453 8147 486 9248 1542 6356 823 1235 9387 1455 9388 1615 1354 969 4068 8595 1655 1385 2394 1220 1560 1294 6703
3155 25 600 3043 8650 3465 70 9389
3156 25 6665 5382 2740 8164 7598 9266
3157 3219 485 497 25 5161 722 2590 421 4429 8159 2022
3158 115 188 25 255 796 8540 468 3986 663 9034 1631 3690 9390 9196 9391
3159 25 627 3315 4727 64 361 9392 2576 2970 8100
3160 1667 25 9393 4340 3909
3161 25 868 6099 452 3833 3244
3162 4790 8707 7150 9394 5815 7379 25 4148 5020 9020 7345
3163 70 5953 421 25 9395 7918 813
3164 9396 25 4209 4031 5739
3165 25 176 9096 3229 6371
3166 26 1909 25 5954 40 466 4029 9058 6325
3167 25 868 3216 9397 318
3168 25 8206 3219 417 8435 3166 3371 2863
3169 3794 26 317 25 2502
3170 7795 4889 7393 8750 3176 7002 3465 4791
3171 7540 2205 2764 9398 7795
3172 678 4182 796 3038 9399
3173 679 23 8672 490 86 5164 6474 89 90 9147 5837 9106 7053 9400 678 7317 2395 5739
3174 9401 9402 9403 8472 7378 8621 9404 9405 9406 8492 7368 9407 4089 8471 9408 8474 9409 9410 8872 7434 6552 8473 9411 8574 7523 9412 4224 9413 9414 7930 8531 9415 4149 6553 3096 4151 9416 9417 5962 9418 3943 9419 9420 1443 9421 9422 9423 8401 9424 9425 9426 4604 9427 4225 9428 9429 8092 9430 9338 9431 9432 9433 7806 8091 7017 678 9434 9435 9436 9437 9438 8090 4226 7060 6493 676
3175 678 8127 1095 3431 522 6611
3176 678 4881 4570 4880 9439
3177 51 146 147 678 5546 9440 414 888 1203 877 9441 1843
3178 3528 3679 9442 3093 3091 3438 9443 1129 9444 373 678 406 2835 4726 8180 2218 6020 3932 7961 5753 8723
3179 941 3858 678 9398 8100
3180 678 1057 3227 9398 6136
3181 9445 8869 7389 678 6384
3182 678 6083 4088 3357 1340 9446
3183 6646 539 4498 873 678 5186
3184 5126 477 678 4917 3686 482
3185 678 4677 3797 3517 9443
3186 1621 5617 9447 2427 1810 4785 8966 678 7968 1473 6375 53 5528 9448 9449 2764
3187 8477 315 3499 678 6576 2232
3188 678 601 7449 9450 9451
3189 9223 678 318 7172 2760 5341
3190 472 185 470 5668 3300 5547
3191 2438 5547 6222 6110 1180 2959
3192 5547 8653 4736 740 4714 372
3193 9452 3720 9453 9454 5547 1484
3194 7920 3682 3303 470 9455 30 4181 870 7490 4739 5547 5042
3195 1761 5547 6065 5574 453 9456
3196 5547 6219 5513 4153 6090
3197 5067 342 4519 9457 48 308 871 3207 51
3198 5067 308 5498 81 6180 497
3199 746 5067 1357 308 9458 8613 7407 5857
3200 2898 8254 5089 82 5067 8714 26 111 4616 3214 7207 3154 5202 2647 2531 1517 1060 1449 1568 1306 496 3083 1380 939 1065 1352 684 411 2907 1443 1140 4604 1038 1054 968 1119 1039 811 4628 5852 1560 160 1184 1079 601 1084 1713 1464 1225 1226 3255 9459 4585
3201 5067 9460 7364 339 1238
3202 7534 5067 2379 871 1162
3203 5067 7641 861 7642 6292 8528 5098 5062 8853
3204 531 5067 195 1553 5493
3205 5067 541 364 4142 787 26 8865 3719 8569 4224 34 5698
3206 9068 5067 65 787 82 80 4095 1410 1448 23 9458 3375 8698 9296 9295 9294
3207 5067 8024 308 3033 4474
3208 8642 1871 497 364 3352 9460 82 363 337 5067 1162 27 4407 9432 9338 3039
3209 5067 181 7466 28 687 710 4137 9461
3210 9462 9463 308 5067 56 100 4690 4021
3211 3219 6325 4181 539 1761 1053 562 1391 4952 101 6625 4407 400 5067 404 8877
3212 8409 6537 7499 5067 926 2556 9464 3122 1676 3577 8471 6083 262 9278 5143 5418 1588
3213 5067 877 4565 869 4205 1909 3211 5109 1067
3214 54 5067 6775 812 22 1961 756
3215 3024 5067 877 4408 6611 7976 9465 9126 9466
3216 5067 61 7427 8000 9467 3928 8585
3217 3552 9468 5067 9469 4385
3218 9470 9471 5067 95 7789 4082 211 1150 426 9472 7686 3313
3219 3737 6611 5067 9473 1214 6054 1413 9457 969 3975 7887 3974 9474 4862 1525 554 5481 8790 2927 9475 204 308 27 5337 3761 3438 3755 7703 3166 275 1164
3220 5067 1607 1447 485 9476 6247
3221 2801 446 9477 5067 4474 4473 4205 2941 9478 698 9309 1162
3222 5067 8054 8065 7277 9479
3223 9043 2110 530 8277 2543 2198 5067 9480 9481 5967
3224 5067 1448 5133 526 6554 5268 5254 1081 9482
3225 5067 627 7549 6775 8572
3226 9395 5067 2358 9483 414 9484 460 9485 5581
3227 2515 3986 5067 877 3220
3228 5067 65 505 3807 5082 2442 8134 870
3229 9394 5418 5276 9486 7656 5815 3001 1486 5067
3230 5067 308 497 5954 8291
3231 3188 1123 1909 5057 99 3083 417 9384 6656 1537 573 5083 55 9487 8054 7658 9488 3026 5067
3232 5067 730 3091 9489 2509 729 8974 3548 2563 9490 9491 9492 1869 3687 2283 3093 9493 4498 7839
3233 5067 877 65 82 1674 111 8720 5857 5828 9494 3979 7839 3981 5757 3 7934
3234 8981 5067 9495 2241 9496 3749 5532 6152 8704
3235 4134 2380 5007 5067 3648 4148 5747
3236 2713 4223 4705 309 6259 4308 5067 7254 7317 9129 7427 5143 5746
3237 5067 4958 5440 467 9497
3238 9498 5060 5142 5067 1065 3982
3239 5067 367 9432 1357 1599 2922
3240 5067 4556 7237 65 3967
3241 4979 1761 877 2834 3026 111 5103 613 876
3242 514 308 877 80 250
3243 877 456 514 8524 6625 3588 470
3244 877 111 4002 8504 2931 176 490
3245 363 877 308 603 4145
3246 6180 877 4815 544 9499 494 5087
3247 877 3794 8181 82 524 4386 4367
3248 343 9500 877 8363 457 2379 3755 308 921 309 7018
3249 4870 1235 877 8350 4159
3250 2565 446 5307 468 877
3251 4303 1081 108 877 4696 96 1700 1053 562 400 4144
3252 877 9501 9502 624 9503 3044
3253 877 8454 6175 9504 6855 3167
3254 6136 525 7638 461 273 3931 1031 877 8512
3255 2553 877 308 7237 9505
3256 6325 877 5445 1762 8543 4934 4304 103 440 8293 4411 9506 8203
3257 4811 3292 6398 7072 877
3258 9143 7185 7876 877 111
3259 7077 9507 877 3019 972 1522
3260 877 5064 8673 3203 80 4003
3261 309 7789 7061 112 1719 1665 686 523 1679 470 3374 5740 9508 8505 9509 129 877 350 9510 748 2466 8983 7503 9511
3262 877 369 1706 9512 1576 9513
3263 6576 4548 799 877 4394 7971 3698 3026 3438 4146 8986 3318
3264 111 877 369 9514 2716
3265 877 3026 27 4488 5698 3457 3040
3266 3026 1081 8328 877 9515 1040
3267 2599 8692 5315 2739 5366 4667 2705 877 5382 5324 6666 8433
3268 5339 291 9516 685 2610 3874 309 877 7276 4204 541 5698 27 7950 7825 5725
3269 8029 8030 4495 5096 877 6665 7740 3794 6673 1093 1357 9517 9518 9519 5330 8994 899 5544 9520 3384 39 1447 35 7272 8520 6682 3275 2645 2648 1494 3017 206 2562 911 4644 2362 4166 1016 2192 4197
3270 9225 877 8043 3794 8054 1904 8074 3216 358 3371 8644 513 1979 1801 9521 847 2656 9522
3271 65 364 1909 6180 3039 877 464 414 4054
3272 877 619 573 13 4145
3273 877 111 363 337 413
3274 698 877 3565 4958 9523
3275 8337 4321 9524 877 400 83
3276 3216 861 6617 877 9525 4869
3277 877 5445 2860 8283 6258
3278 877 3219 4213 8530 9526 100 8614 2793 4310
3279 92 2081 581 9527 9528 877
3280 877 5007 176 4948 175 309 5474 1040
3281 877 5453 9529 5374 5375 2478
3282 8462 3794 867 4746 877
3283 5057 3626 1355 877 466 7207
3284 4096 9530 4250 877 9531
3285 5382 877 5390 8164 5370 5641 4609 2741 9471
3286 877 4413 4063 3177 3195 3415 5136 9532 3797
3287 189 2630 3197 477 191 186 74 9253 3194 877 8066 5400 4343 9533
3288 877 9534 7569 7789 9107 6745
3289 877 5367 8028 4394 9125 4807 326 5899 996 1232 4584
3290 531 2613 1608 4414 9535 448 9536 3893 88 6874 877 5516 7537 308 256 440
3291 6658 877 7277 5106 2583 4084
3292 8429 8326 8181 475 433 877 1904
3293 877 3876 27 581 4145
3294 877 9017 5366 2599 1357 5329 3897 1220
3295 9537 8485 877 258 5943 1040
3296 2581 5368 7962 1904 7593 2478 8429 877 2654 8236 2988 7746 1331 3537 9538 9539 9540 5637
3297 877 2705 5361 5048 5095 2741
3298 2478 6264 877 1206 7598 7964 2758
3299 877 48 464 81 2876 8283 8779 9541
3300 2101 877 6571 3737 3761 9542 3438 381
3301 2110 949 877 7294 6629 6249
3302 877 82 80 541 1909
3303 6222 877 4213 555 9440
3304 877 7637 6252 506 5420 5478 6583 2281 6614 6203 8085
3305 6786 1048 6464 877 497 6912
3306 877 2713 4570 3565 720 4438 9543
3307 5972 4960 48 877 65 4565 80 364 5109 2876 1909 82 463 3371
3308 9544 4326 2215 519 877
3309 324 1840 2476 2254 9291 5368 56 4565 877 4002 8054
3310 82 3450 2719 7396 877 8171 3726 23 9502 5481 9545 3039 5496 452 916 3919 5623 5757 4908 3693 455 179 1137
3311 104 866 877 39 5498
3312 685 9421 877 460 2769 747
3313 5445 5070 3650 877 9546 9547 2082 440 5313 4485 3387
3314 877 5132 112 350 48 5054 7725
3315 8038 867 877 5375 5321 5368 5370 2846 8705
3316 2707 2705 4650 3085 877 2709
3317 142 877 8673 5361 9277
3318 877 3371 6827 5927 1448 755
3319 9018 497 5044 9548 7323 28 8346 8178 877 6947 3371 9549
3320 877 65 4935 3595 9550 5114
3321 5058 877 1774 687 9551 4438 6632
3322 65 868 40 9552 6790 4146 877 258 9553 101
3323 6252 877 7951 4407 8171 573 82 309 9500 9554
3324 877 1727 4905 4138 323 3184 1765 507 7535
3325 5337 1995 9555 497 9556 6865 4352 877 3800 3371 5225 5999 5334 1576 1625 27 8 9557 3503 9127
3326 5382 4809 6604 8181 2478 9123 9529 5106 6712 4746 877 6549 5327 2721 8907
3327 5064 1447 601 5714 7580 128 413 473
3328 9558 1671 897 6657 1249 5064 4960 9559 9560
3329 1150 8485 5064 4012 8650
3330 7751 538 5127 9561 480 9562 577 5064 5718 3944 8841 400 2713 2943
3331 1530 8779 3567 5064 8376 4043 1806 5619 5926 6651 9563 601
3332 5064 8054 600 874 1909
3333 1335 1124 5064 1470 7896 1142 1009 6583 167 836 840 163 2569
3334 464 128 8574 4618 7179 9564 690 2004 4906 5064 4407 876 2455 2241 8238 9565 1550 7132
3335 6134 4134 5064 2879 1420 1426 905
3336 5064 3085 5501 8797 7427 2833
3337 5064 601 9566 9567 5066 9568 6228 8142 9086 9569 9570 2501 4280 4925
3338 5064 1523 2892 3790 3838 1404 6081 9325 9571 3880 9572 7953 6626 934 8702 8141 2501 115 6117 1436 8999 918 7182 6464 2492 2081 3868 5042
3339 5064 1386 541 1599 1641 5110 5440
3340 3219 5445 9573 5064 4711
3341 573 7744 541 3794 5064 364 4935 7970 6184 117 7848 7009 2065 5204 3245 7769 6439 4145 2282 9412 9413 7378 926 9574 4417
3342 5064 5133 8551 722 3565
3343 8864 4303 4192 2978 6407
3344 7785 2978 1482 9575 4230
3345 2978 7805 9576 2373 2404 4147 2831
3346 2599 5179 6665 5058 494 6293 9577 3808
3347 5315 2599 5179 9269 6666 7840
3348 2599 8692 7840 6124 2356
3349 8893 48 65 2964 1802
3350 65 82 9578 795 48 3968 7263 4095 4297 461 866 423 4746 115 3083 27 9579 4703 5493 3371 5109 4438 5501 9060 897 7013 4069 9580
3351 8462 4282 5078 872 65 787 5383 4615 868 1093 1302 2002 193 8303 1637 1421 2647 1498 1157 1304 1030 198 5029 945 1550 684 1443 1037 3985 1701 1459 5884 1286 2462 1747 1748
3352 7247 65 8038 8054 4567 4660 5390 9581 867 5098 192
3353 6436 2041 5220 7047 3393 5300 65 1283 9582 6828 465 5431 497 3944 9583 4880 7062 5501 3044 4006 4523 5943
3354 2743 8112 6897 65 308 710
3355 9584 176 175 7421 6500 9585 1137 101 27 9450 3803 551 65 3385 261 1189 9586 685 7132 586
3356 65 5103 80 3201 698 613
3357 65 872 573 6344 26 494 2835 4369 901 30 2351 7788 5138
3358 65 5732 115 5230 4210 3968
3359 9469 3219 3026 2834 65 3567
3360 26 80 81 65 497 685 453 9587 8134 1407
3361 7090 9588 9589 6422 65 497
3362 65 26 2066 7356 9590
3363 65 3219 2697 80 7566 3083
3364 65 48 9591 2834 2961 497 495 308
3365 4314 194 5699 3433 5356 497 6180 5746 80 65 485 4626 1435 6096 8486 2823 818 7152 4027 81 9553 641 3371 3922 495 28 843 5956 7535 846
3366 65 112 115 80 874 8714 3481 9592
3367 2565 4832 448 2567 65
3368 9584 4187 93 65 3968 9593 684
3369 5323 453 8126 65 6470
3370 65 4203 9278 9503 2834 9594 3422 5568 3527 2869 4334 3520 9187 2565 9595
3371 65 80 363 9596 6827
3372 65 80 116 9597 8984 5734 4913 4914
3373 2239 81 6747 1492 65 308 495
3374 65 3811 80 8378 59
3375 55 6466 7269 65 5071 117 446
3376 65 80 4223 495 6252 497
3377 3874 1447 65 9598 3062
3378 56 26 6365 4603 65 4146 7057 1031 236 6783 5976 4288 544 792 470 477
3379 65 3219 4961 1447 6422 465
3380 48 100 3770 65 255 864 1909 9471 3208 80 3749 4095 2847 40 7433 7916 9599 497 9600 7363 4984 9601 6616 624 9602 3553
3381 65 9603 9245 81 5474 5420
3382 5161 1424 3858 3319 941 740 6241 6373 6187 1330 9604 5681 5669 6376 5670 5682 2505 552 65 3904 3604 7942 3939 5684 92 624 4726 151 3897
3383 65 497 4961 5481 5746 7062 5404 8920 5429
3384 9605 65 364 3209 448 686 3219 4396 8831 5891 4410 5113 4919 9458
3385 65 2713 3692 6275 6327 3043 2567 9606 4438 4265 8552 3166 7380 9607 2834
3386 7100 6184 319 65 115
3387 65 115 80 497 4095 2863 4217 8555 9608 3371
3388 4133 65 5238 4098 918 4008 2940
3389 65 80 918 1448 9609
3390 685 4145 65 80 8748 4133 7427 1359
3391 65 624 26 5783 4940 1335 1273 1494 1272 1731 1405 1518 338 1324 127 1644 940 1742 1379 1660 4665 1105 1709 4626 5888 1078 1433 382 815 975 1184 1260 3297 1174 265 6972
3392 5382 2583 82 7294 5368 65 9017 872 5383 2582
3393 4825 65 4095 495 3649
3394 3264 4236 176 65 485
3395 9610 65 1829 5418 5214
3396 9611 9612 485 65 9523
3397 7151 2856 1516 1157 65 1406 2200 4642 1353 1456 947 3166 613 5741 1393 1678 1162 421 1361 1391 656 425 5288 8850 5484 9613 1300 1088
3398 23 308 65 80 2502 9614 4418 731 9615 8391
3399 65 40 8451 7473 4050 4819 1688
3400 65 3538 8127 869 6582 4775 2322
3401 561 9517 2244 192 7712 65 5832 9055
3402 65 7294 80 1041 8197 4431
3403 34 4396 65 871 83
3404 269 178 9616 65 5161 5007
3405 65 7294 4223 9358 468
3406 1779 326 2841 3438 65 5119 309 3440
3407 65 5697 4210 5574 369 9587 6056 4144
3408 65 5083 5697 8012 6787
3409 3959 363 410 3207 65 413 339
3410 65 80 2841 1909 1283 9544 2021 7360
3411 9017 9617 8215 3638 8174 8099
3412 9017 4163 6185 9618 1183 9619
3413 9017 3434 6501 3812 485 8568
3414 9620 9621 7080 9505 1599 9017 3565 8 3994
3415 1073 1365 5366 1298 777 9622 5575 8818
3416 3578 5366 2292 588 9599
3417 9254 686 5366 3720 5941 27
3418 1405 5366 4478 1602 6252 4002 6355 4377 8940
3419 495 5366 4286 2243 95
3420 5361 2739 5366 6209 6667 8165
3421 26 80 2912 48 6284 5952 6135 9623 5517 2544 5366 3026 3968
3422 6286 969 2927 5366 9579
3423 80 81 5366 787 6063 5501 9624 603 1123
3424 5382 4746 7573 477 8080 188 8706 3495 1472 7257 4821
3425 3495 9625 7457 6609 7788
3426 170 2882 1060 3495 6640 5238 7737 1295 4642 5742 832 2518 1072 1037 5863 381 841 8423 218 79 811 1313 812 4628 227 229 817
3427 3495 423 477 519 8377 4745 3245
3428 6278 3559 1667 662 601 9626 691 2877 8231 3628 9627 1822 3495
3429 5361 5324 4853 5326 9628 2623 7944 9629 6112 2584 3495 8508 9630
3430 2917 1334 1544 1131 2648 1622 1285 1214 502 1360 8918 1223 1314 1810 1374 1512 980 1437 989
3431 9631 2917 1805 2339 9632 6085
3432 2917 1354 8085 6127 6730 2825
3433 2917 2968 9633 6684 4036 4034
3434 2344 2917 460 1235 5228 995 2367 836
3435 4456 1792 6789 2095 2114 2917 1856 1816
3436 8433 7860 7598 5397 9634 5794 7679 4814
3437 4746 2021 3876 6384 2631 140 9635 5397 3555 2311
3438 5397 2705 325 576 7740 5182 2626 4650 2581 5327 2518 2292 5167 5386 2520 1720 8395 9284 7635 907 39 1248 1028 9027 5444 6433 9636 5312 4621 1496 1134 996 1241 613 995 1033 5900 1492 1370 1245 756 1849 1057 79 1234 425 424 1713 989
3439 9225 5397 5362 5096 5322 9188
3440 9268 6668 9637 9638 8937 6844
3441 3465 8463 1904 9268 7090 881 2531 910 4622 3336 9639 318 6156 1006 2859 5747 1290 1299 1810 1677 7479 360 5861 3975 6778 1712 6777 6779 6780 326 2370
3442 9268 3593 7559 3353 126 9236 7787
3443 9268 9640 466 9641 7486 5120
3444 7315 5451 7703 6794 5479
3445 5451 9642 6186 7371 8105 7526 9643 9607 4417 749 9644 5528
3446 2986 5318 334 3555 662 3756 186
3447 1448 7031 3309 1727 2986
3448 9645 9646 2483 2986 4141 5284 9069 6545 2500
3449 7781 3729 4211 2986 3093 6056
3450 9647 2986 9445 70 9648 5519 5571 6641 6786 7116 7449 7524 234
3451 2986 9278 4323 418 54 7815 8734 627
3452 188 5070 5697 7062 369 1761 309 3219 5085 5103 2986 4387
3453 55 433 2986 9649 2973 8849
3454 381 9279 2986 715 74 629 3959
3455 440 711 5530 3726 7638 6490 3561 2986 5158 4017 196
3456 7748 4800 6620 2986 7620 685 4437 4758 6663
3457 3026 2986 5379 7486 5352
3458 5367 4809 5183 6639 2741 867 9577 9650 5090 885 4815 4005 4677 1269 423 499 5648 1157 7433 9320 2986 1449 338 1192 1339 5862 1004 1660 755 1361 250 1009 1223 4590 1121 1402 3573
3459 74 5516 9651 9652 196 1117 7019 333 1505 912 1452 1351 938 1551 1207 1195 1005 2365 1105 5863 1120 1330 817 1631 1011 5276 5435 5625 8957 3174 1634
3460 5516 3372 748 9653 9654
3461 5516 5069 5230 11 6090
3462 5516 2211 2811 3004 8666
3463 5255 480 7271 4030 5516 867 174
3464 1472 5793 3194 9450 2470
3465 82 2292 2470 3195 1471 1251 3627 3330
3466 3323 5945 1272 1498 1275 1098 1097 1100 918 4656 1450 1136 2200 128 1572 939 1382 2470 1068 1394 4907 1552 1071 1207 2192 954 1105 1210 1431 6756 1681 1413 965 1285 968 1215 1120 6319 1654 1217 1558 1109 4760 2552 5840 2934 1748 3921 226 1512 1403 1315 7094 1246 1415 1317 5030 4601 1687 2555 1116 4588 5887 1228
3467 2470 318 5422 9655 685
3468 3539 902 2470 1135 1472 531 6372 3041 6252 1380 1032 997 946 4642 1550 5622 3825 5875 1617 1259 842 3869 3297 984 1178 4351 1179 4606
3469 9656 5541 8125 2292 6677 176 6809 3479 385 4479 4481 490 553
3470 3596 441 3058 593 5141 5541 1679 258 6204 793 8187 3062
3471 1028 1340 1496 1495 1677 5541 932 1622 805 1332 4911
3472 5541 8085 4581 1447 3438
3473 5541 3737 3761 5643 369 7105 9657 497 1203
3474 3205 860 4217 9658 9636 8156 9085 1525 1454 1380 2200 1738 1644 1550 1138 1678 5541 38 1626 1159 9659 965 964 4626 1143 756 1044 969 1313 5860 1744 6664 9140 838 4974 1315 5233 3297 1713 1686 988 9660 9661 990 1464 1714 1940 4351
3475 48 5502 3142 5541 185 4832 1828 7499 414
3476 1641 3032 6084 4711 5541 318
3477 5541 2713 1643 7381 3719 2171 3850 87 5568 4504 8844 89 6335 2436 554 6573 323
3478 1270 1155 2057 1029 9662 4607 1117 395 941 1676 1097 822 1265 363 826 724 720 1470 4665 1393 5541 158 966 265 3406 1144 250 9663
3479 5541 718 8277 3294 2543
3480 2856 1278 5541 1207 1655 1435 3869 1294
3481 2615 1607 6436 9054 2723 2507 5541
3482 1376 1503 997 5541 1184
3483 5541 9664 204 9665 1071 6697
3484 2623 1275 4573 8871 994 1231 1595 2778 804 5880 1016 1282 4076 5541 1367 1368 4589 2933 857 1413 1211 4781 1017 1847 1299 982 985 1658
3485 5541 9370 2863 9635 8511 2241 108
3486 5541 7634 446 4233 9666
3487 1157 1304 338 1238 1235 5541 1366 969 1069 413 5888 1115 1116 3338
3488 941 3857 3210 2860 5541 1678 1039
3489 1425 1052 1998 5541 3827 5840 9667 3339
3490 5541 912 994 1427 1455 1380 936 942 1442 2907 1053 948 5622 5797 1037 1359 1184 1691 3297
3491 823 1192 922 5541 7208 1162 5030
3492 4592 2199 1425 1135 1612 4578 1738 5541 7767 1317 1148
3493 7193 9506 5080 10 5541
3494 9343 553 5541 9664 3670
3495 6503 1050 912 1306 4645 1351 1381 932 936 2200 1032 5029 5541 1325 5741 413 1072 958 7767 1554 1211 793 756 418 1287 2982 1112 1163 3297 1145 1086 1317 1247 3872 3174 4672 4588 1467 1228
3496 460 9668 2222 7852 512 7466 3807 3725 8 4703 5541 6 5 34 6583 1688 1529 3620 8258
3497 2159 9669 1527 1232 964 1717 6654
3498 5396 8461 5562 3178 6330 2159 6449 3110
3499 3650 2241 7172 7418 2159
3500 1671 2031 2832 5782 2159
3501 2159 350 234 6596 2734
3502 519 5079 6521 3891 2159 326 6168
3503 4806 8395 2159 4766 5848 1494 4711 1052 5028 1427 1532 1085
3504 1337 2159 7302 4743 9670
3505 3596 5959 2159 2368 4114
3506 8297 9045 4492 9218 9671 2213 252 9672 5533 4117 9673 6112 9555 8911 202 178 4791 2159
3507 2159 3438 7889 4785 4398
3508 2198 261 6310 1768 9674 1210 9675 2159
3509 5792 6470 2159 6607 7462
3510 4924 5785 530 9676 6246 2159 8105 9677 7343 4461 6227 3868 8661 151
3511 2159 5134 1514 1784 3368 9678
3512 9679 2865 2159 3319 3108 3891
3513 9680 2159 9120 2440 7757
3514 9262 5385 5365 8164 648
3515 5385 7797 5558 5183 6265 2623 2356
3516 6993 1072 2213 418 2728 3898 5886
3517 1205 3241 9681 5413 2213
3518 4088 7888 2379 4803 80 2448 9682 309 3706 521 3763 9654 2589 7101 22 48 4431 3091 4726 465 3679 2213 9683 7535 3026 5469 9500
3519 3482 9680 530 3154 9684 2667 2213
3520 4255 7116 9685 4738 2213 6363 8504 5040
3521 73 91 771 2213 9686
3522 5839 2213 6818 4079 1098 9687
3523 2213 5075 4880 751 7888
3524 2213 2416 5574 9688 3278 9689
3525 2213 4368 9690 3803 8599
3526 519 8611 518 467 2720 1347 2213 3859 5762 9691 7768 2742 8188 506 3860
3527 1450 854 3708 6566 514 4782 269 3613 9242 8001 5276 9599 3130
3528 154 3644 6539 269 611 9692 9693 7041 2961 4993 3139
3529 26 80 477 381 7356 6252 269 4520 2829
3530 269 9036 9314 7984 7934 1212 4810 7734 8738 9694 6826 8802 8810 8826
3531 269 3848 7013 9492 254
3532 9552 269 4565 3673 3227 3091 27 3964
3533 5342 9695 3121 9696 269 9697 4352 4285 1371 4483 9698 9699 4439 7021 335
3534 4414 3316 80 465 2241 269 3315
3535 269 4486 9700 6966 6076 5194 285 9701 3920 34 2955 9702
3536 269 4517 5 9616 8998
3537 269 2812 3625 3049 2764 5917
3538 269 7276 9703 1574 5191 236
3539 269 3516 4166 8369 2466 8668 8404
3540 5739 5219 8720 269 74 470 3382
3541 202 1482 7849 2416 8791 5670
3542 7325 3903 8246 3268 6071 1493 202 3279 755 5857
3543 5616 3893 202 514 522 4217 6036 2111 2037 9544
3544 6854 9704 535 3848 8019 4019 1727 75 9705 8679 202
3545 4987 8201 4745 3479 202
3546 202 16 2999 5423 1648
3547 726 4395 9706 3690 202
3548 3030 2331 9707 9708 202 624 4254
3549 9106 9709 54 221 202 638 2416
3550 9703 9710 6069 9711 6070 8191 8356 202 9712
3551 3719 9713 379 9714 1909 266 606 4428 1775 896 9715 9036 4745 3754 3490 7430 518 202 93 9716 3175 9717 685 6993 3457 3259
3552 4410 202 7307 1183 2221 498 710 6841 4138 7577 1884 9718
3553 7077 9719 9720 202 183 9721
3554 628 202 871 2457 9722 9723 8664 2569
3555 193 9724 338 848 1001 1688 2667 1707 9421 957 2202 4139 1066 1413 1709 202
3556 9725 4657 23 8473 8474 1095 9288 1650 9726 7465 7813 9083 4795 202 9515 4226 7060
3557 202 1482 4430 6180 8684 9727
3558 1092 202 4165 2565 4817
3559 361 9728 2245 9729 2870 3002 202
3560 5044 448 7824 8055 3653
3561 7735 4359 7824 193 196 1124 1047 1132 1517 994 601 949 1075 1435 4594 1221 9730 9731 1184 1402
3562 5841 26 4437 7824 9597 4839 9167 4214 8019 3690
3563 4060 7824 6186 85 1308 3074
3564 4975 3122 8776 6482 7799 7500
3565 4975 396 4432 3142 5543
3566 4975 1357 677 6180 5791 4819 436 9732 9733 9734 9735 5238 4165 4366 7483 127 4717
3567 4975 2374 7380 596 2086 7865 628
3568 4975 3628 737 1730 9736
3569 7930 4012 6545 9435 4975 9397
3570 7861 6455 9737 5029 51
3571 2707 7962 7861 3954 321
3572 4854 4617 9177 3794 9266 9123 9267 6209 5390 5367 2705 4667 9738 5324 5399 5898 9158 5081 4853 5667 9529 4746 7861 7256
3573 7861 5509 6640 2482 7913 2520 2881 1204
3574 679 87 2171 8849 89 6405
3575 679 2829 7122 8627 9739 572 419
3576 679 9740 6825 9741 9742
3577 2600 2705 4938 679 4496
3578 6675 16 9743 679 4104
3579 679 9744 866 2390 7946 5044 4441 4144 82 2239 81 414
3580 4783 8446 679 9745 8672 2172
3581 9746 679 3874 4407 8849 9747 2579
3582 84 679 4110 1123 1171
3583 625 679 9625 7474 9502 89 8333 8168 9748
3584 7497 5189 1180 679 8598 1436
3585 1028 1269 1421 1535 2926 1495 911 1051 1030 994 1594 935 1470 3911 5029 1383 1354 679 4579 1233 1370 4781 415 1460 5885 3039 2909 1414 425
3586 4290 9749 2756 7079 8525 2424 1727 7636 1701 9750
3587 7079 6638 7889 267 7920 870 4460 2501
3588 7079 9751 3215 5703 9305
3589 6748 1576 943 4219 1759 7079
3590 2089 1203 1511 6940 7079 7410
3591 7079 2623 5172 1089 2854 9752
3592 7079 1282 9753 5259 745 8986 5949 6410 9670
3593 7079 1480 3747 7062 4949 21
3594 8497 4979 9754 9716 6285 1555 9755 4847
3595 5511 7919 8497 255 119 7444 9756
3596 3794 1705 4565 82 4095 2063 8714 874 8497 308 5118 859 1091 5122 9757 3213 507 5063 435 2941
3597 8497 2903 5667 4204 4667 6175 59 4181
3598 1063 132 3087 3588 5911 5496
3599 1063 507 8526 480 9758 508 4895
3600 1767 859 1063 3217 7490 423 8839
3601 4375 9759 1063 318 4137
3602 3264 2358 524 186 213 7919 1063
3603 505 1063 7777 9760 8258
3604 8175 545 1063 1767 4132 5806 9761 9762 9763 9764
3605 3083 2969 1063 5618 2267 9765 4249 7709 5144 7361
3606 4829 5957 477 5240 531 8684 4318 523 423 7062 5914 93 396 1063
3607 1063 7101 307 4821 5109
3608 4565 9766 27 1063 9767 4438
3609 1063 7446 618 8878 5044 7589 3212 9395 7374
3610 1063 485 704 347 9768 7836 1757
3611 1063 468 480 5488 421 350 587 8539 4181 2379 3166 5445 426 8557 477 4303 369 175 685 424 413 9769 456 6554
3612 472 10 1095 4948 2590 5165 176 1063
3613 1063 868 624 30 8144 480 9770 3749 9771 6308 9772
3614 80 4223 1063 7751 5639
3615 3587 373 1063 4385 508 523 7062 5262
3616 8181 5078 5096 3203 5321 257 4859 376 8972 634
3617 5382 5048 8028 8065 5331 1904 2741 5321
3618 5321 892 3576 887 4095
3619 9269 4669 8992 5321 8032 9070
3620 2478 4809 7735 2655 8164 5383 4746 9019 4204 5072 4834 3876 7801 1206 7594 5390 7832 4213 5323 5321
3621 5321 868 5502 9147 7478 9315
3622 3390 4299 446 111 872 5085 95 23 1095 3968 1405 4478 1602 8071 5401 2260 9773 1408 9322 9615 732 9321 9774 739 6372 470 6546 3729 2292 684 7933 7400 110 5274 7457 307 6249 4082 5998 3342 4293
3623 9775 6372 1688 7534 6211
3624 217 3178 9634 6372 8463 137 2294 39
3625 142 6372 2370 1969 9776 6088
3626 561 5296 403 5147 5456 1866 7062 6372 8129
3627 6372 1472 7180 8174 2230 9777
3628 6362 6372 6725 2743 729 3540 9778
3629 6372 4417 1344 2524 6191 6519
3630 8550 9779 2476 899 4238
3631 2476 4517 6993 8680 2932 9780
3632 2581 9262 2476 5365 7593
3633 2476 8054 5362 4669 4609 6677 8255 7373
3634 2476 5073 9781 3209 9782 1051 1295 3911 1501 2860 1367 154 1037 157 955 4626 1056 1044
3635 2581 4938 9738 2582 867 7277 573 2476 8326 9581 8039 2600 2846 4213
3636 2476 8035 5382 1204 1904 2878 1983 5390
3637 2476 2626 6665 2741 5844 9783 8053 6208 8394 8038 9039 3998 5335 4613
3638 8462 2476 6659 5381 787 5368
3639 2476 2739 8609 2477 5361 5324
3640 9784 4223 6868 8065 2242 6297 3104
3641 6868 6220 4944 6252 427 2745 39 2948 5574
3642 6868 453 8602 5393 2525
3643 4382 4030 6301 6868 8568 4143
3644 5140 6868 5473 9386 5723 1547
3645 6868 538 862 6365 5099 5159
3646 6868 708 3812 4222 2521 4429
3647 6868 507 7303 3093 5545 9785 9786 1064
3648 8349 2995 6868 3267 2999 9787
3649 6868 307 2835 3189 440 4083
3650 9788 4530 9789 538 9347
3651 549 3792 2379 3567 4944 9736 1703 8483 538 6219 9790 7102 2834 365 6040 9791 3733 788
3652 4758 538 797 462 2863 8555 2310 2312 3038
3653 9792 8104 7859 8350 2318 8395 897 538 32 5473 1273 6517 3269 2574 1306 1132 1610 996 995 1064 2200 1003 1281 1016 1053 1284 1660 1296 4589 1135 2192 756 160 971 813 1562 8964
3654 319 5845 5767 538 1618
3655 2988 4215 538 4411 5445 9793
3656 538 767 1589 8196 9736
3657 538 3596 1870 866 460 457 3892 4411 187 3093 5746
3658 5732 8568 722 9794 9795
3659 9796 3107 74 5732 531 3882 346 7180 467 1530 9797 9651 2242 1271 5177
3660 5732 354 2358 8926 3124
3661 5732 4536 350 5895 4821 9798
3662 1762 505 2241 8417 5698 8693 129 792
3663 5130 4190 9196 8417 5055 3920
3664 8417 4029 112 3195 3581 9799 9208
3665 1091 7518 8417 6626 1776 8578 6523 1647
3666 8417 3428 13 62 9800 9451
3667 3186 8995 2199 9611 8417 724 5089 562 4145 1033 413 588 9128 4565 26 4832 8637 1159 9440 8575 1285 4204 4508 4958 5160 132 1311 1162 3920 224 1165 4909 258 1168 160 841 1169 164 165 818 762 425 350 5959 1247 1227
3668 8417 4213 6817 4410 3122
3669 364 5757 9801 4035 2844 8489 4285 613 7637 666
3670 8254 7637 7237 4753 7331
3671 9802 4237 7637 1599 1702 9270
3672 7637 5965 5489 911 129 9803 901 9804 810 3175 369
3673 7637 5680 257 196 3300 509 6329 7354 3371 5143
3674 26 8524 2843 5976 6299 9386 4670 494 92 6750 4942 3197 6278 9792 7637 3780 4881 6669 5618 417 6300 9805 7620 3559 9283 5733 6554 6534 7013 3558 2221 701 5147 3371 4529 8517 779 703 8415 9806 3094 8057
3675 7360 7637 427 619 452 466 2716 6102 3876 7829
3676 4959 80 4048 6816 1123 471 7637 4829 27 4885
3677 7637 39 8568 369 2241 8883 8206 5 40 4031 9807 8286
3678 688 3074 698 4670 28 5056 7637 3371 1445 462 255 723 3954 8424 3245 7652 9808 6484 1607 812 5892 9809 4836 680
3679 7008 7637 5468 7446 867
3680 7539 7637 9810 9217 361 7874
3681 7637 7433 1123 4238 7545 9474
3682 5299 7549 6387 9811 4419 687 691 437
3683 7123 6090 8847 9384 1909 4419 9812 3241 4619 3289 7379 2189 3798
3684 4419 440 2398 9813 799 9814 5297 9532
3685 3218 111 7570 349 3219 2508 5966 5145 8372 7865 937 523 4419 3438 4949 3202 4205
3686 7999 4419 4169 3778 6314 1154 2654 3129 1354 2276 592 4572 1131 9815 409 5916 4450 3028 1203 930 1469 3090 1647 2369 196 2307 1181 3897 1159 3651 6699 1143 1079 836 839 167 160 1169 164 970 1258 162 1009 161 165 168 152 842 4901 843 984 1146 1059
3687 4419 4357 5300 5301 1328
3688 4419 6322 5300 2504 9816 8514 9817
3689 4419 2683 4259 7550 1328 2453 9818 8342
3690 9819 968 9820 4720 9821 4419 9822
3691 4419 6750 464 9134 9823 8277
3692 4419 3801 7577 5222 9224
3693 9824 5300 4419 4393 9825 9813
3694 6746 3675 1426 4419 9064
3695 4419 445 796 2579 3818 3166 4431
3696 9478 9118 638 235 523 9826 3381 9497 2232 9827 6843 8 5431 8272 4419
3697 9828 905 4126 6091 151 9829 4419
3698 9830 5300 1328 4419 6483 6282 9831 9832
3699 4419 5491 5299 9833 4228
3700 4838 2507 2226 3088 4419
3701 4419 9834 4720 5297 111 9835
3702 4419 6564 5299 689 9836 1777 9134 4776 9677 4657 3903
3703 2130 4419 4515 8622 691 496 9837 9838 8380
3704 8749 8277 4419 3490 7072
3705 8351 9839 4112 4419 3465 604 9799 7760 7124 3151 3371 4008 4778 6227
3706 466 522 4217 4419 5905 5523
3707 4419 5299 9840 9825 9813 5300 5839
3708 4419 8749 5299 8277 2543
3709 9841 4419 9842 5300 5839 4862 674 7552 6387 5297
3710 464 8286 4419 9843 2206
3711 8469 9844 4419 6041 5299 9725 9845
3712 2198 204 7630 4419 9846 8009 5 8671 5299
3713 4419 5299 6387 7243 8174 9762 7365
3714 9847 4419 4132 7356 9823 9848 9813 5300 4398 8274 4843 9676 8272
3715 4419 464 3207 22 4145 47
3716 4419 1426 9813 4112 3833 1393
3717 3672 9849 8283 1393 9850 720 437 4112 1837 9851 4419 3697 9819
3718 4419 460 1192 9813 7551 4021
3719 2853 3012 4016 4419 531 8277 9725
3720 4419 9848 9834 5300 5839
3721 4419 943 9250 7768 2742 9521 8272
3722 4419 3890 2686 7550 953
3723 4419 2527 9852 9676 5505 8272 8919
3724 1328 5301 4419 9842 7550 9853 9854 1576 6252 3981 8919 6432 1586 89 2515 1782 4820 9855 9687 9856 9857 9858
3725 4419 9834 810 775 3838 7031 8489 9859 9860
3726 6493 9767 4419 3315 9537 5301 7778 9836 1138 7579 5575
3727 6290 4419 1904 4613 276 6713 519
3728 4419 4637 6949 6464 3356 9056
3729 4419 5299 7927 9246 9861
3730 4419 8277 5300 2543 5839 3680
3731 4419 6863 6786 680 905 5839 4434
3732 4419 8749 8277 9862 9863
3733 6667 4419 5377 1539 7631 5150 5537 5535 9864 8112 5010 9137
3734 7971 6365 9857 9811 4419 9865 4820
3735 4419 5221 3514 279 5703
3736 8772 1081 111 9866 116 3862 2241 9708 7439 7105 8982 2969 8573 674 34 9208 3317
3737 4094 1447 8498 3317 1646
3738 3317 1118 4138 5143 3040
3739 3317 2302 2736 2830 2831
3740 142 8130 3317 3851 3611
3741 3702 3317 8914 2107 5666 918 4036
3742 1472 5771 9278 423 3317 3197 3404 3175 2081
3743 9007 9738 865 8435 5206 9403
3744 9007 399 80 7208 4433 4180
3745 7572 3194 39 1664 4657 9007 457 6966 1761 1386 6786 2877 2175 133 1550
3746 4961 2336 6328 9007 3262
3747 3791 2709 9519 6716 9740
3748 4948 9544 9867 9868 2997 8369 4101 3824 5502 254 1739 9869 8389 7419 7397 5501 52 680 470 1776 2943 2456 2974
3749 6523 7907 9870 9871 2456 9872
3750 5307 2456 3195 866 132
3751 2456 361 897 4819 64 3979 4811
3752 2456 9873 9874 7325 7805 995 1595 1232 998 1207 1005 1368 1679 6686 4811 5418 8631 6705 1008 1374 1390 777 1659
3753 718 9875 7187 9876 2456
3754 8464 3767 3264 6706 1421 3886
3755 8328 1341 1727 3767 7416 2002
3756 7913 3767 2519 176 1495
3757 9877 3767 2715 1396 1435 2492 1226
3758 2984 1727 3080 2736 9878
3759 2984 7663 9044 9618 7037
3760 2984 494 309 7376 9879 3428 7389 3668
3761 5271 2984 619 3768 7774 369 5530 5531 4368 507
3762 9386 9880 9881 7169 3862 2954 5249 9253 2984 2923 894 3472 6738 5786 552 8442
3763 1301 5954 507 1664 2984 5136 8889
3764 2829 2984 9279 3605 4806 2459
3765 9802 2292 8325 8554 2984
3766 9882 2984 9387 928 8952
3767 4670 2984 8459 1028 1477 74 4755 9883 2047 3883 1015 1496 6848 992 211 1434 1461 5876 9884
3768 2984 4921 9885 2797 3123 9886
3769 8565 1260 510 8566 372 2984 6830
3770 2984 30 7919 5573 732
3771 2984 176 8211 7858 8056 3744 7999 5354
3772 2984 3564 5 2739 5371 1767 5971 519 2477
3773 2984 5680 9682 8928 5671
3774 7029 2984 743 34 6248
3775 2984 1357 7714 7534 5040
3776 8097 5318 1 5582 9304
3777 1516 5189 5318 4434 5545
3778 7351 5318 5120 9196 548 9887 3330 2608
3779 5318 7013 9888 88 8614
3780 427 4950 2379 9889 9238 8982 422 9890 8091 9431 9338 8451 1872 8650 9891 8694 2466 9429 6545 9432 5318 2244
3781 5318 485 6750 8076 495 440 27
3782 6786 1738 9892 5763 3826 4373 5318
3783 708 5318 3122 9893 1070
3784 5318 3702 2101 6346 2 4350 9894 9895 5658
3785 9896 1497 5287 686 5318 3677
3786 5318 1407 5951 9580 755 222
3787 5318 1341 3857 7483 7029 5276 7238
3788 9857 5318 4293 1171 4628 8844 1472
3789 4984 5318 8446 5986 6026 9897
3790 943 3858 4502 4219 3914 9000 28 5318
3791 5318 4308 9898 8505 2442 5436 5438 774 9899
3792 4987 5318 9103 4605 7580 5746
3793 9669 1887 2957 1788 2145 4771 1066 2393 1741 562 2161 1365 941 5463 9069 2863 5318 883
3794 5318 2830 2183 8282 9900 9901 301 9902 5418 3112 3284 9903 3865 3288 7006 1090 4014 2483 1357 5718 3596 2835 1572 9904 9905 3954 4223 1092 512 2459 8369 9906 9907 2239 63 9743 9908 627 9909 9910 9911 9912 7394 9913 9914 9915 9916 3253 9917 9344 5994 9918 9919 9920 2182 9921 6105 9922 9923
3795 4213 4359 457 9924 3522 5318 9925
3796 5318 627 9885 5767 4244 2865
3797 5318 1895 562 9926 176 175 6227 3868
3798 477 5318 6328 9927 9928
3799 307 4186 9929 9930 5318 2870 2457 3677 3111 9931 9932 7449 6845 5005
3800 6775 6349 262 6483 3539 5457 3547 4173 6120 9684 9933 9934 9935
3801 8163 4173 595 6041 54 3919
3802 552 4523 6376 2649 9936 1482 8629 8382 9707 1600 4173 9937 3579
3803 7561 46 969 5883 675 22 4173 1627 5233
3804 866 7564 342 7062 4745 520 4173 6297 6 7396
3805 4173 423 2764 8449 1033
3806 4173 3721 1421 8147 1306 1353 1497 2982
3807 7331 4286 7951 4132 345 7559 7013 7353 9938 4173 3034 9087 5780
3808 4173 8377 7491 4069 6641 7774
3809 4173 897 6120 4130 564
3810 2047 7020 4173 3035 2961
3811 3430 220 6392 5356 4173 7151
3812 64 223 97 456 685 4217
3813 97 7211 8947 4883 9800
3814 97 7559 5998 126 6545 2874 7844 2491
3815 8923 97 2256 4249 4064 3512 4948 107 1638 440
3816 97 4440 3236 12 1100 8422 70 8920 918
3817 97 2455 6130 102 7252 6123
3818 6230 97 102 8589 109 110 1760 5401 120 9939 2458 9940 2772 2257 4024 561 6602 6672 9941 4306
3819 9743 7468 4449 8283 8475 918 2668 97 5998 8132 9942 9609 7445 7510 9088 9091
3820 97 1187 3513 3571 3879
3821 1498 34 8559 97 1517
3822 6123 7252 102 97 7253 2455 6130 7254 109 561 193 1348 1324 930 5875 1626 970 1059 1226 232
3823 5154 97 5736 9653 6040
3824 4133 97 5998 629 316 9410 7765 7368 7378 9408 9943 452
3825 9944 9236 8132 9089 5245 423 9845 5902 2995 9640 440 8131 5757 9945 7254 4364 106 9946 9024 7510 9947 2450 97 9315 8090 9338 7407 6719 107 102 8589 9025 9948 9949 9095 5217 8586 7512 2455 9098 5246 9092 69 9088 8844 9094 9950 5581 5580
3826 97 381 7064 5007 7402
3827 97 7700 2256 3350 6175
3828 9867 97 2988 905 70 8669 7424 7815 7407 781 661
3829 9951 214 6531 97 102 107
3830 9952 4682 97 2021 7317
3831 8588 2455 2450 5445 8778
3832 2455 8436 6674 4949 403 6245 3474 2769 9953 6396 8475
3833 2455 110 8589 126 9954
3834 1443 2455 685 8174 799 8277 2543 739 3934
3835 2862 8586 2455 8882 6674 7512 9955 3342 2757 9743 9956
3836 3555 2243 2455 9953 2769
3837 5186 2455 9024 9315 9236
3838 6674 2455 3194 9957 8330 3353 8706 8174 9958 9959 5250 4168 1733 8437 9503 8629 2939
3839 2455 6679 6687 6894 7336 944 4774
3840 2450 6130 6675 9960 107
3841 9025 5244 2237 2450 107
3842 9961 9355 480 5739 2450 9024 8589 9962 9963 2585
3843 8755 9960 9546 2450 2238
3844 2450 7559 107 9315 7510 9964 7787 8285
3845 2450 9962 3815 8420 9965
3846 115 544 1518 9966 6130 9025 5998 4958 1137 3474 767 3348 9967 5731 5110 7899 6406 1909 3983 480 6632
3847 6130 102 6493 107 403 126
3848 6675 9024 6110 2946 8308 6676 6130 7252 109 7253 8923 6131
3849 3879 6130 3440 3446 6576 8245 4776
3850 6388 6130 4783 70 9968 2209 5414 3864
3851 9969 7712 8923 561 5378 2954 1094 4746 4623 6187 6130 2854 6716 3307 2056 8654 6334 2682 1270 196 1677 8595 5851
3852 6130 5240 1066 548 4646 3857
3853 9491 5257 9970 7253 6130 9891 7510 9971 5285 5640
3854 6130 9025 5998 9972 2247 6707
3855 5514 4934 9945 9025 9024 9973 9947 5265 2517 6130 5998 7488 3027 5266
3856 2770 6130 2769 9024 9941 4141 4307 9974 8091
3857 1868 3028 866 48 102 5156 9975
3858 1904 9976 7512 102 9977 9974 9978 9560 4364
3859 102 3892 7512 4550 3682
3860 102 6674 9024 2238 403 4686 3912 746 3858 3860 1182
3861 7798 4746 102 590 7743 9979 1525 7007 9980 2642
3862 309 7427 102 7512 472
3863 102 8435 523 4081 2834 774 796 3038 4431 783
3864 102 107 9025 307 8920
3865 485 864 6670 5296 110 8308 4242 6131 9981 9982 6715 102 7512 2757 8588 6210 4159 685 1271
3866 6674 2514 471 9025 9024 4284 3716 62 8341
3867 5481 9025 5998 3138 4255
3868 1904 4617 9393 4667 4853 2846 5667 5395 8164 9025 6672 9983
3869 495 9025 9984 9956 9473
3870 5784 4466 7466 2713 6600 9025 1443 1683
3871 9025 561 7559 2772 7512 7846 105 9985 626 9986 9987 1038 6492 5614 7916
3872 8184 2546 7400 9988 9989 126 9990 120 9025 5593 6131 4948 7193 1182 969 2941 9991 2938 4220 4221 9465 4408 9992 2940
3873 9025 7559 4822 7571 5967
3874 9025 43 9993 3923 909
3875 5007 423 907 7252 5971 2259 60 2750 4142 9152 3937 2770 8168
3876 561 1760 109 5998 6131 9743
3877 561 7062 352 1599 2922
3878 561 9641 8589 423 2853 3952 9994 4082 7555 2834 6926 792 4701
3879 8960 51 146 147 148 561 8590 149
3880 7397 561 4185 3791 722 3593 3044 5501 5268 440
3881 561 4222 4409 5136 9876 3909 9995 9996 5218 5303
3882 6675 561 400 5070 6545 9976 42 43 2587
3883 561 6455 9997 9743 403 3158 105 2451 3342 5240 9185 1137
3884 4043 561 8610 487 1904 5234
3885 561 9981 7512 9977 9962 6131 6672 2757 9960 9939 1378 1060 1130 1452 348 409 127 1742 4076 806 1072 1296 1297 966 967 382 416 502 817 818 1011 1402 1712 5830 5018 1058 3872
3886 3446 8998 3093 7844 9960 2303 8100 561 3512 524 482
3887 561 8697 8420 9963 9998 9956
3888 561 2862 9300 8475 5127 2516 143 8285
3889 6667 8923 176 3315 4918 1480 2056 9136 9515 7064 9288 89 8446 9903 9999 8014
3890 3107 1535 8460 6760 8592 6929 8430 6151 10000 9029 3154 1542 1180 9636 10001 4654 3403 7048 3452 4151 10002 9571 5378 10003 3474 1638 3083 8923 2769 4141 5285 2257 2683 10004 2857 5998 9960 10005 7039 4816 4270 8634 10006 6438 10007 3088 3580 3017 1060 7682 4656 283 5818 4621 5878 2534 10008 5819 7694 1448 1237 911 1062 4154 5533 8102 7631 5000 10009 3342 9743 10010 123 10011 9113 4478 6612 10012 9064 854 9489 8110 5423 3564 10013 10014 8107 1136 10015 2161 1242 5029 1442 1066 1646 1354 10016 9582 8112 8757 2041 7001 7435 6360 2275 9210 6603 4604 1743 4113 10017 1297 3367 10018 10019 10020 6454 6319 1701 5795 1020 1246 6754 2877 1491 205 5983 1371 1512 1083 1260 10021 10022 3834 5864 10023 1604 1084 814 1656 1592 231 985 4846 3323 1632 986 1293 991 232 1634
3891 3966 2769 9986 2243 5284 8480 9967 1760 8657 1038 7503 4053 4054 5296
3892 5077 2874 110 1760 2623 9604
3893 1760 2257 2243 3870 5284 4213
3894 8463 4367 7573 1760 2758 674 740 2772 9758 1488
3895 3216 1760 8998 1625 2510
3896 1760 4371 603 8292 8614 7299
3897 1760 9941 9029 2585 5767 6430 6349 3789 3404 5998 417 7254 9973 9195 2874 270 8610 1196 4925
3898 396 128 6545 9459 70 2515 1442 2453 1731 718 2529 7946 1760 917 6395 9240 3489 6672 2757 3922 9571 7564 7314 3692 3042 5351 3215 1765
3899 1760 9640 9236 5284 6545 9865 8599
3900 1760 6670 6672 3474 9960 10024 1355 4119
3901 9409 1760 3745 487 8471 9413 7378 536 5527
3902 7250 1095 6546 381 1760 2862 8193 3905 10025 7384 969 3922 8045 4745 9824
3903 8995 10026 4429 8464 1760 5983
3904 1760 9121 10027 7663 9941 8590 10028 8329 1315
3905 1760 2772 34 9963 120 4428 3387 7448
3906 1760 5132 9 3716 4925 7348
3907 4618 1760 867 8131 5759 284 7874
3908 4023 141 1760 4289 7760
3909 6669 9225 1904 417 8164 9738
3910 6669 7512 6363 7465 8377
3911 792 5721 627 2081 4166 657 4862
3912 9330 627 9312 2818 9660 10029
3913 2361 6480 1533 627 8202 4405 8790
3914 8709 6196 8635 627 3658 10030 9419 3816 5143 10031 10032 7349 479
3915 95 627 2292 658 3472 2736 4246 3677 4446 8153
3916 3118 3671 4805 2667 627 10033 10034 1658 6012 10035 3897 7080 2046 5040 7270 6973 304 305 6812
3917 627 4862 4896 3130 10036
3918 627 1600 3782 10037 386 259 2452
3919 627 1674 6357 2991 1271 4862 7509 4728 5419 1666 318 9936 6572
3920 627 1447 3315 436 552 939 1511
3921 9439 4336 258 2953 401 4570 4335 468 627 2565 3236 628
3922 627 7302 1149 8534 2783 4893 1187 2818 5625 5609 5996 9660 10038
3923 8784 2207 627 101 2870 8684 4892
3924 627 4352 5873 10037 3797 2786
3925 7966 627 4794 3315 4289 441 2870 10039 657 7815 9318 4323 76 4832
3926 9608 3677 1600 2412 5593 627 10040 367
3927 627 7794 3330 5691 5692
3928 627 5418 4862 3183 3021 10041
3929 627 2457 7480 4892 5829
3930 627 10042 3596 3756 3122
3931 205 4408 3877 1366 942 236 627 2870 2457 6615
3932 627 628 586 8494 3502
3933 299 4242 627 10043 8191
3934 2586 1961 627 6368 3315 3350 550 552 5418 10044
3935 10045 4196 10046 627 2457 4865
3936 8626 3784 8372 906 89 3088 2522 627 4541 6061
3937 2736 4254 2457 4894 1895 9208 10047 2794 1601 3521 4384 5293 5495 1965 10048 7856 10049 2835 4600 627
3938 3883 8914 6143 627 2870 4892
3939 3864 627 2870 6772 6697
3940 2250 2798 5232 627 9341
3941 627 3778 6687 2074 2890 10050
3942 10039 627 6863 1600 4921
3943 943 5557 949 627 7815 9465 4220 3446 3270 5725 8382 3477 7989 7608 3976 533
3944 3465 901 3634 9867 440 8254 627 3026 3701 414
3945 1155 2251 627 10051 3977 3161
3946 1607 8754 601 2723 3315 4414 4384 1679 969 3181 3049 813 1995 138 674 628 108 3858 627
3947 627 101 7547 643 523 469 354 450 508 9372 9605
3948 10052 627 4862 7815 7189 765
3949 627 175 3858 969 961 1588 7372 838
3950 627 10053 1237 9795 1242 1245
3951 627 6853 6180 259 2373
3952 627 2870 1066 2821 2817
3953 6266 10054 10055 8356 5163 627 628 2817 2934
3954 2309 6559 5460 2652 10056 2595 627 263 5591 5223 6463 6214 7692 594 10057
3955 627 3315 3834 5877 2870 83 5759 4600 250 48 1033 7065 3866 10058
3956 5444 7170 10042 4162 2369 2870 3677 259 2373 627 6204
3957 4966 1066 8952 2 8140 9674 627 8 3677 8643 7590
3958 7050 10059 1600 3641 3387 627 3520 7760 5417 5411
3959 2806 10060 5710 10061 627 2677
3960 3883 627 2457 10030 10062
3961 6384 627 5445 1901 5680 4957 9351 1902 10063
3962 10064 10065 10066 6507 10067 10068 799 9716 9295 446 9296 508 7535 9856 10069 7072 10070 1576 5191 10071 9662 10072 627 7939 3315 9697 10073 3422 2920 9668 4243 10074 9068 10075 10076 10077
3963 1432 4279 7568 7629 627 8323
3964 3001 5414 3864 627 5276 2248 2215 3330
3965 1597 628 627 10078 3341
3966 318 440 4088 470 300 627 606 9242
3967 132 1188 6065 10079 5379 3079 4816 1308 5603 627 2038
3968 7418 7416 6680 8736 7003 2794 8525 3778 3171 8947 5696 10080 3712 3469 6049 2329 5709 6688 2354 6894 5689 10081 627 2754 6199 6205 2333 5674 10082 8248 10083 2250 9237 2681 2331 5458 3776 5694 6698 1275 3270 910 3779 4677 3562 2251 1450 3682 10084 3054 6206 5684 5682 1351 5755 2678 9201 5683 5685 10085 3293 6050 1427 1455 9570 2188 2054 940 3963 2393 4122 10086 1104 950 2690 4121 2803 9312 3816 5691 5608 10087 3406 2831 2211 3845 9707 6697 3296 5693 3251 2492 3869 306 4060 2692 7167 1058 10088 3677 2820
3969 10089 3574 627 3315 7407 50
3970 3835 627 4862 10090 2569 10091
3971 4368 28 2458 5283 1664 9404 627 531 2613 4821 3922 381 2755 7487 8206 2208
3972 7340 627 1399 2316 7134 2804
3973 8880 1196 2870 3677 627
3974 627 10092 10093 2461 9224
3975 2885 217 354 6340 1483 3315 627 5835 450 5868
3976 5606 627 7889 259 1309
3977 6627 2961 627 1600 7517 4353
3978 9669 1597 627 2870 8871 10094 6261 5701 304 3338
3979 2953 519 10095 7132 3670 8699 5983 627 3041
3980 4458 685 4217 4343 627 3967 174 259 3122 5658
3981 8156 2742 8027 4494 627
3982 485 627 30 2457 1186
3983 627 7815 7867 8614 3125 5746
3984 10096 912 2783 571 627 966
3985 10097 627 2423 354 452 2457 752 1552
3986 4769 627 8045 3979 3928
3987 587 627 5963 7564 7435 10098
3988 5832 3301 448 2789 627 2188 6695
3989 8752 9707 7448 627 7419
3990 2518 5007 4302 6697 627
3991 627 9448 6399 2592 4160 4162
3992 2820 2830 627 2870 752 3043 4248
3993 6552 4089 9406 9432 627 10099 9131 4646 831 4151 10100
3994 627 10101 8639 1908 5746 2820 2831
3995 627 3315 8159 4431 3829 3207 4921
3996 10102 4393 8475 6285 6787 8936 9122 10103 9338 7510 657 656 185 2394 5430 10056 5412 8020 9428 870 10028 1770 7848 1260 8267 4401 4406 7666 482 7864 262 2349 6179 516 627 10104
3997 3559 3182 6536 8747 6358 951 627 7753
3998 8860 7775 3030 6600 7344 93 4431 5882 294 813 627 10105 3184 516 7449
3999 485 2323 3026 2442 627
4000 10106 7568 593 5762 4823 3829 3984 2653 4310 4326 627
4001 627 4289 441 2457 4827
4002 7743 627 10107 9907 5486 5191
4003 9887 10108 1679 10109 6687 10110 3914 10111 1404 7768 4161 9707 6203 3330 6655 10112 5609 10113 3845 2369 5904 2811 2190 6376 2031 3294 5774 2804 5669 8832 6320 10114 3489 3172 10115 627 10116 10117 601 1491 176 522 385 7785 5626 10118 6814
4004 627 2250 2798 4731 10119
4005 5805 7187 2047 687 3140 4993 3136 627 3085 4192 2460 8614
4006 10120 600 627 2870 2457 2903 6407 6444 1961 4139 2444 1770 296
4007 3768 9808 8614 9428 8050 7444 7916 9278 4367 6258 627 684 3857 2379 85 6817 10121 5963 2244 870 914 2598 5622
4008 1875 627 3111 2870 3677 10122 10123 3131
4009 627 4495 2804 4026 6518
4010 627 2173 2250 2251 7862 10037
4011 1320 627 2457 10124 5757
4012 774 930 6454 627 3008 2817 4740 2383
4013 3300 3315 5746 321 632 627 3650 256
4014 10125 5442 627 6309 2412 2870 10083 5418 4129 5276 5679 10126 4266 4521 10127
4015 627 10128 4280 2804 4041 9472 8189 9660
4016 627 3315 7064 7815 3904 7029
4017 4731 3062 2692 2870 627 4777
4018 627 3438 3315 4236 9049
4019 627 2457 4862 4114 10129 2373 10017 5759
4020 627 3315 2870 5007 2292 5891 4881
4021 1909 1639 34 378 5446 4029 627 2870
4022 2912 10130 6912 3052 627 2492
4023 5242 5470 10131 4892 627
4024 2793 10132 10133 6454 627 10134 10135 657 6023 6024 10136 6453
4025 627 10137 6180 4466 710 6697 2814 7174
4026 627 4862 1354 10138 2169 4427 465
4027 6549 8049 8165 6092 6294 9520 7184 8121 9164 10139 4816
4028 9263 2623 7740 2626 6665 6712 8394 5167 2519 2628 9026 5170 3657 7913 2720 6668 7255 6428 6549 5794
4029 8705 6549 5845 8306 8202 7522 3498 938 998 412
4030 8080 9783 2629 6549 4383 6448
4031 8892 4650 6549 1421 6738 4607 1505 1378 928 1615 1075 4599 1373 755
4032 6668 4613 8328 6549 8255 7644 1248 6733 2858 1406 920 7766 994 2200 1034 958 851 1107 5866 5883 6756 6702 1160 1120 1007 2060 1288 2552 5030 1177 988 990 10140
4033 5327 2626 7797 6549 2623
4034 2951 1514 2795 1268 4456 3812 115 10141 1399 51 146
4035 5712 9242 4967 1514 4110 6689 4965 10142 4884
4036 1761 624 210 7524 6384 27 2256 1741 4011 2824 3670 5938
4037 6384 645 1137 5961 921 7589 5480 93 9226 10143 3803 10144 34 477 92 6455 4233 1357 8180 9127
4038 7923 2171 9326 6384 10145
4039 6384 4806 10125 9351 6704 30 10146 5289 10147 2211 7385 965
4040 2514 6384 234 5143 5148 345 446 2834 5254 4201 5054
4041 5055 6384 4028 10078 10148 3356 4252
4042 4934 8200 6384 350 9131
4043 8033 7612 10149 4779 506 257
4044 4779 8459 10150 1727 10151
4045 8615 673 3817 2261 4755
4046 4726 63 9021 8615 2457 9688 10152 5160
4047 8615 10153 8177 4946 10154
4048 1199 10155 8615 7034 7022 4166 2662 3370 2339 9398
4049 8787 9276 8615 3694 3878 5519 5340 2115 7588 2540 8809 6807 4325 6084 10156
4050 10157 9715 9506 4237 3907 2672 5716 4273 2547 7204
4051 2416 5528 3623 2851 9018 3907 335 4348
4052 4753 581 1357 4850 5759
4053 1357 531 1664 30 6718 1123 5985 905 8781 5145 2860 5492
4054 2255 3919 4502 265 9427 9437 10158 9168 8189 7837 1357 1366 40 6755 9425 9434 7368
4055 4095 1357 8174 545 8614 465 1033
4056 4936 6520 6519 759 8189 793 1357 93 7407
4057 4948 8329 519 9701 1357 74 1679 10159 93
4058 10160 2743 9681 1357 2087
4059 5289 865 8650 6401 6493 1357 2063 888 2021 868 2835 9105 8510 7207 4209 10161 522 9493 3862 3660 7427 6207 10162 5 5945 4342 3684 10163 2822
4060 1357 5644 9133 10164 4100 9107
4061 1357 2742 4504 2388 6439 4686
4062 1357 10165 3905 10166 3859 7935 949 8514
4063 6100 1357 4235 4661 7550 10167 1328
4064 1357 9189 5503 7407 5291 10168
4065 1357 2796 10169 4267 8822 2378
4066 4181 191 4369 5127 494 4794 3634 4289 3520 1357 691 3153 10170 189 807
4067 1357 2003 607 1792 6423
4068 4236 1357 5667 5356 9164 5810
4069 3794 433 763 2241 436 7471 253 2205 1357
4070 2253 2959 4890 3474 9960 5998 8785 3586 1357
4071 10171 7922 1357 10172 3562 10173 274 1657 8688 7028
4072 1357 10174 1428 5440 10175
4073 2737 1998 1357 2502 10176 4398 4393 6646
4074 1471 4624 482 1357 674
4075 1357 7483 2212 2718 10177
4076 4096 8578 7524 1357 9058 10178 4408
4077 1357 8999 3800 530 7561 3113 498 6572
4078 9082 9189 5142 3993 1357 8999 10179 437
4079 870 1357 4834 3315 1492 4253
4080 6990 5279 4153 4149 9414 3221 2603 9424 2549 1415 10180 9421 4900 9420 7810 4026 9216 1246 4076 127 649 9419 7182 2726 552 3088 10181 7930 8531 4210 5054 4565 10182 9936 1357 1432 10183 854 7367 1573
4081 1357 685 89 2604 9807 1770 8689
4082 1357 8393 2703 9893 3398
4083 4048 4959 2617 191 1357
4084 8028 1357 8054 8361 2628 9116
4085 9027 10184 337 586 1550 1357 8878 10185
4086 3107 8973 1357 3153 6775 8582 4889
4087 624 3618 1123 9559 5288 5500 10186 4646 427 1357 7829 3959 5497
4088 541 9824 8201 1423 1357
4089 1357 10187 2081 2863 1123 5219 5983 261
4090 1357 3175 6192 6140 8797
4091 10188 6514 3750 3673 530 4146 460 4538 8273 7132 10189 544 1357 1407 415 601 8622 5581
4092 1357 612 4370 10031 9895 2873
4093 6940 1357 4581 502 1354 4135
4094 5481 1357 5007 3858 265
4095 1357 5491 7600 1309 463 7380 6174
4096 867 3200 1904 685 10190 1357 1341 869 5256 7064 8533 9453 5941 7823
4097 28 1407 1099 465 8113 1357 5231 9934 1632
4098 7462 442 2283 1350 5445 631 4927
4099 257 1350 3017 2370 373 3109 1828 1951
4100 633 2825 10191 1350 2298
4101 2583 1350 2878 1983 2967 6857 1523 1015 1351 997 848 1278 1526 806 4589 2132 275 1360 1008 79 812 5840 5876 2728 1012 1810 1223 3868 1086
4102 1350 6470 6449 1504 3478
4103 1727 1350 967 1214 416 1077 1687 1202 799
4104 7288 551 5182 55 9518
4105 6776 3057 295 7035 7288
4106 7288 8842 10192 3558 9804 450 8570 539 10193
4107 5613 7151 3068 1816 2187
4108 5613 8692 2739 8028 2478
4109 2380 3707 9759 10194 6911 10195 10196
4110 2380 5006 7438 1243 19
4111 9003 4223 2380 3219 9755
4112 2380 2323 943 8167 7772 452 9594 3858 50 934
4113 2380 507 722 588 3198 465 2847
4114 2380 10197 2457 2637 3782 6911 4103 6891 447 2243 10054 2303
4115 2380 4359 10198 4508 7438
4116 2380 5832 5945 7034 7075
4117 4408 2380 2513 258 8919
4118 10199 6257 6094 456 7179 4895 5140 2380 2437
4119 3219 2022 2380 464 5575
4120 3704 3442 10200 4025 7841
4121 7975 7841 7763 7038 10029 9453 9304 3832
4122 7841 8432 1028 1340 1512 1114 1387
4123 10201 192 5499 5964 7841 4919 3533 3088 6611
4124 342 9010 799 4217 1359
4125 3861 6430 3449 9010 3924 3029 2702 7186 6556
4126 6211 317 9010 624 9152 2419 544
4127 1909 8129 477 10202 5953 3415 1443 9010 1574 4300 706 9824 2535 3975 10203 6904 6792 467
4128 39 1447 5131 6352 3000 4422
4129 309 7281 455 9761 525 35 4293 39 22
4130 1904 1530 9467 454 3811 4418 4181 4019 3719 8277 2198 39 9677 7907 4862 10204 3568 1908 4901 9015 10205
4131 39 868 5 2700 3307 111
4132 39 494 82 8 5496
4133 39 3605 2653 9115 601 4998 7757
4134 403 9248 2862 6131 87 1471 89 9962 39 8577 10206 9971 9195 7254 8420 3038 9208 743 10207
4135 39 35 3801 2557 8199 602 5240 5431 9493 3803
4136 5950 4463 519 1774 8562 2266 1761 1650 39
4137 10208 1909 255 39 3318
4138 39 6132 2414 5480 873
4139 5124 5393 8085 39 4233 9701
4140 10209 39 3465 10056 10210
4141 8637 5048 39 941 6136
4142 8192 3111 1183 39 35
4143 6659 4242 284 39 7181 5497 10211
4144 5382 5388 10212 39 4663
4145 39 318 6684 10213 8658 10214 2595
4146 4324 2359 39 318 3438
4147 3978 39 6830 3503 4711
4148 2390 5720 662 3558 7276 10215 204 74 6240 6417 6684 7441 3416 952 39 4744 7773 630 6660 10039 2457
4149 39 1679 6600 6606 2589 467 7494 8620
4150 7468 39 3177 5873 10216
4151 10217 39 2047 7545 870 8223 1331 4731
4152 39 4007 7534 5232 361
4153 39 3438 3031 4166 1757
4154 39 3900 7100 3999 10218 3030 4037 3116 10219 911 8740 4925 9934 7348
4155 326 7490 7371 6213 2825 39 3104 10220
4156 39 3465 8329 1048 2268 3983
4157 7569 1123 3858 3970 1182 39 4359
4158 10221 5940 769 4394 3238 39 2424
4159 8329 55 3216 4411 524 6750 8560 8174 3742 3929 1271 2723 7122 39 918 1306 1099 1132 553 994 1351 1450 1612 998 1429 127 940 2860 5862 5880 949 411 1476 1367 1068 6768 1033 7001 5649 961 1652 8237 964 1119 1151 968 1041 1433 971 2059 1691 1690 9663 9731 838 2730 3297 1246 4601 983 984 1438 1227 990 1940 4664 6703
4160 7940 6457 7073 4193 39 1727 3925 318
4161 39 80 512 9688 10115
4162 4670 457 458 4303 108 400 39 3456
4163 6771 39 1447 2513 6458 10105 2590 5934 6169 792 7018 10203
4164 8283 1149 5140 39 4821 10222 9468 452 872 8716 573 1530 115 869 495 9471 6180 26 81 3201 9537 111 4407 8678 10141 1066 4716
4165 6324 123 1325 39 10223 7264
4166 438 39 10224 8382 10063 2765
4167 39 6202 10225 2962 8169
4168 4024 7316 5302 10226 39 524 4208 82 2853 423 2311 185
4169 2267 188 7397 553 684 2512 1644 39 6856 366
4170 39 6401 3646 2575 3091 2904
4171 4949 1576 9794 39 526
4172 6359 9966 9695 8774 39 502 4136
4173 3275 39 364 10227 10228 10229 10230
4174 6447 3361 4383 3101 1905 257 39 3838 1828 6593 1808 322 5560 320
4175 5618 601 39 530 10231 5997
4176 39 4408 3635 6396 799 3539
4177 9317 523 3334 2766 5924 39 4132 7469 1354 9204 323 6077 5664
4178 10232 9646 39 4407 4260 1602 4145 5530 3579
4179 6833 7604 39 3322 2719 3763
4180 80 491 39 508 1194 1386 937 157 185 8309 967 1311 1260 1849 5884 1021 3249 1009 981 816 1315 4602 5830
4181 8404 795 3792 128 6339 3922 39 2444 1770 6141 4088
4182 5 10194 7062 4008 39 3566 2589
4183 39 5140 657 2771 875 7938
4184 3608 3032 39 743 3515
4185 39 3511 7449 1203 1683 6464
4186 6657 4495 4463 39 5545
4187 444 8373 10233 3036 39
4188 3513 6541 8091 10234 2508 6376 4570 6145 39 7829
4189 3764 4233 7917 3309 39 7140 10235 3670 3871 5227 553 4116 8085 4490
4190 39 9649 2988 8635 440 7080
4191 10236 2877 4311 8647 39 1447 3175
4192 84 3811 7604 10237 8190 4592 7468 39 9786 8987 481 7002 8883 1483 7285 1051 921 6990 6942 593 7179 4166 4452 275 10238 7148
4193 48 3963 828 1614 39 6774 4641
4194 7210 236 799 4812 5145 4991 5445 30 9591 6450 4745 39
4195 6809 9475 1978 899 3762 39 2870 3303 3690 10239 6792
4196 2423 3260 211 8500 39
4197 346 1904 39 9649 7473 10197 8077
4198 8060 8884 39 1408 7490 72 4054 8653 10240
4199 39 2442 4367 3166 4012 6545 8489 2444
4200 39 384 2063 3710 2565 5238 2610 4781
4201 6401 9101 39 8085 3503 3605
4202 2241 3175 3862 39 1901 8221 9867 7580 5193 8381 1429 10035 858
4203 9649 39 8085 8310 7341 35 5914 3093 4776
4204 4247 39 3404 8173 1271 5505
4205 39 2479 4217 5 2291 6420 1447 4465
4206 1740 7105 10241 3150 39
4207 39 2877 9089 813 5521 3087 3107
4208 39 188 346 866 189 2684
4209 4370 7444 39 1182 4502 931 10242 7476 9968 4579 3857 3858 6142 7528 54 9714 4481 256 608 3457 6786 6397 35 7284 7679 10243 318 4578 7488 7815 4738
4210 39 34 9930 10244 4734
4211 1995 477 39 787 457 176 1123 452 10216 1271
4212 39 5445 866 34 5755 739 1489
4213 39 866 9613 630 4624 9782 10245 9419 8704 10246
4214 115 39 10247 10248 1509 1625 7530 19
4215 743 606 39 1447 54
4216 39 3107 1657 8783 7414
4217 39 3444 10249 3438 6297 7547 3690 8019 6411 3848 10250 4314 9801 74 3107 1354 2927
4218 9393 5059 39 7626 2973 5488
4219 8272 39 3886 7302 9626 3091 9724
4220 39 6993 6458 2479 8345
4221 3570 1342 369 39 8005 448
4222 519 39 326 2414 3544 10251
4223 7994 3858 1182 969 3957 3857 39 3251 318 6446 3816
4224 1212 2877 39 6395 1062
4225 39 3357 35 3391 3091 372
4226 456 457 8560 3755 5080 93 3346 6571 8201 8485 7483 445 9537 39 27 1203
4227 3679 9852 919 7081 39
4228 39 10252 7479 6385 4565 7725 4845 6304
4229 364 8159 7930 659 112 5783 8763 9893 7133 2834 3649 3444 586 1550 39 261 7132 2210 7958 676
4230 39 48 7105 6677 51
4231 5139 39 608 954 10040 355 8160 641 2425 4019 1802 345 8986
4232 9996 8298 1982 39 318 8507 10253 9075
4233 5754 4110 359 3295 3892 39 4481 3562 10239 1757 2913 10254
4234 39 2589 6076 10255 3128
4235 6885 6986 6983 6154 39
4236 9234 39 9233 2275 10256 612 10257 4334 4498 1386 645
4237 5305 4657 39 1650 34 7174
4238 34 39 423 3307 3142 8019
4239 8405 4009 2971 9227 108 10258 2398 7534 4571 39 10259 230 10260
4240 39 8871 8662 1602 1203
4241 534 4830 10261 522 6645 2457 2295 2961
4242 2295 1783 10262 1354 1958
4243 5346 369 384 3690 3374
4244 4050 10063 5346 3637 1995 7992 2834
4245 5346 9805 3371 3957 480 8883 8177 4113 10263 10264 188 4098 6704 5273
4246 3812 388 5346 5945 5235 4257 10265
4247 5734 8355 5690 5346 10266 3211
4248 8429 92 5346 10267 868
4249 5667 7643 5346 3352 423 6149 3194
4250 5346 6626 350 3225 6917 498
4251 5346 334 6411 5206 10268
4252 12 6063 10269 9637 6186
4253 9637 4280 9345 2035 7427
4254 9526 9637 554 526 2832 10270
4255 10271 9637 5698 866 6241 3823
4256 1719 1094 10272 2713 176 469 8743 9648 2503 9637 896 4369 6503 5913
4257 4239 9637 505 2716 854
4258 338 9637 384 4137 2877 309
4259 9637 6326 9293 8296 139 34 8382
4260 1848 294 9637 384 1176
4261 9637 10273 4806 101 6073 5623 275 10274 3989
4262 9807 90 10275 10179 9637 8286
4263 6186 3089 5623 2818 6072 10118
4264 6186 384 4794 5845 4289 441 3939
4265 6186 711 465 7443 9794 8582 7943
4266 4502 969 943 4407 2241 5141 465 4415 4953 6186 14 54 974
4267 8345 6186 4460 10276 3259 9153 259 1033
4268 4389 5275 5499 10277 2186 5904 6186 7467 8183 3008 10049 1875 1183
4269 10278 5492 1182 3244 3919 969 2503 6186
4270 8030 6186 8097 10279 2869
4271 1753 6186 5249 10280 6389 7856 5721
4272 3328 6186 6493 3690 2716 8 748 4784 9545 1522 7620 3988 10281 3078 3027 8583
4273 1468 2283 3501 10282 691 9160 3010 2810
4274 4069 5007 8744 8585 701 10249 5621 4064 5151 723 5148 345 523 7529 189 477 2516 342 3197 662 143 8750 4050 1468 287 9763 5503 8776 10283 10284 8174 5945 3083 1625 2931 769 3444 3540 10285 2228 4166 3031 4303 4210 9484 8856 6602 8743 3174 10286 524 34 185 3961 10287 755 115 3512 8723 630
4275 2892 6026 1286 7105 1468 9972 4275
4276 4807 423 1468 2110 2675
4277 4064 5954 494 4369 3754 5891 8321
4278 8321 74 525 4124 3264
4279 8086 8321 5296 3004 6242
4280 8321 1776 9077 4514 9528 6594 2940 2938 4220
4281 662 354 4696 8321 4529 9655 6556
4282 8321 8978 3030 8631 3126
4283 8054 325 4667 7597 10288 5368 5574 2021 2574 8521 3901 7548 8403
4284 9632 2574 3106 3110 4344
4285 2574 318 5427 323 10289
4286 2574 6919 6534 6683 2425 1756
4287 2574 7634 6330 1007 833
4288 5194 2877 4517 3444 7383 6956 3159 10290 437 2574
4289 2574 5005 2090 2622 9577 7125 3891 5882
4290 754 4680 2574 10291 4529 6647 2462 4227
4291 4791 1064 10292 6396 2574
4292 3322 74 3315 2574 10293 787 3898 3019
4293 1587 891 2742 3913 10294 3944 2574
4294 2574 2344 6470 1543 10295 6191 2331 7758 2325 3712 318 4788 7412 3269
4295 2574 318 7906 4310 9424
4296 2344 2574 4789 7307 1972
4297 8171 342 10 485 4181 464 487 5044 10296 3978 4928
4298 8171 4143 4223 8335 3730
4299 8171 7062 5490 5497 2413 9120 7057
4300 8171 188 5402 3195 10297 3833 10298
4301 26 4031 5985 5480 8171 8402 308 2553 3624 46 544 3858 8 265 4142 1909 4210 769
4302 7364 9653 8988 8171 3371
4303 8171 9128 6786 1647 7567 7439 80 710 495 689 5966 350 309 2400 2372 3565 4753 3438 5145 687 3026 554 3717 10299 4394
4304 8801 3906 8804 4081 8764 8766 8763 8933 8761 10300 8122
4305 8104 8837 10226 2969 10301 3502 3791 3906 10302 6381 4292 3086 8382 10303
4306 3690 7563 1773 7943 3906 810 10185
4307 8028 2707 1904 9272 7696
4308 2581 6665 2478 1904 8032 2522 2707 3196 2741 6782 5390 2387 4236
4309 8033 6921 2707 658 2587 10304
4310 698 4746 8219 10305 2707 3960 7726
4311 7454 4660 10306 318 7310 2733
4312 7454 5540 7258 5832 3379
4313 7454 4832 451 7389 10208
4314 7454 457 101 185 3481 396 4479
4315 26 255 27 8553 3264 185 9245 1585 5710 4350 952 10307 7454
4316 5073 10308 3960 9070 7454 4213 9641 10063 3808 5309 4376 3043 7744 7828 5563 10309
4317 4095 7454 5101 5077 454 5957 1762 685 9214
4318 7454 934 8558 7207 2511 8159 1895
4319 2913 7454 3843 9972 628 6327 10310 4088 7624 5690
4320 2320 4375 2877 452 8193
4321 5348 4375 6582 5822 2234
4322 2629 5360 4368 59 2721 1539 4375 10311 74 5899 3877 907 3177 1660 5389 2632 7344 6787 4456 3930 8954 5225 7310 1600 3391 2314 2509 196 3154 7870 10103 3322 4851 10312 2082 6596
4323 2471 176 4375 3455 6903
4324 6711 6665 1904 1341 4375 3379 2247
4325 6673 1904 4375 2852 8407 7204 800 3228 10313 10314
4326 10315 5513 10316 15 3882 4375 5452 6808
4327 4375 4679 7247 5832 6606 6233
4328 2733 3877 1838 3683 5400 1870 5878 5023 51 2234
4329 111 3106 208 3571 48 1762
4330 8056 10317 4838 8211 1268 2854 10318 6187 8846 3287 8625 8626 5135 8832 2163 3106 911 995 5729 1295 1207 5797 4626 4254 5556 1008 1847 1114 4032 1465 2062
4331 5123 3560 7870 3106 5225 3632 3265 3626
4332 1995 3106 318 3017 6226 1492
4333 5339 3108 3106 2816 10254 10319 4976 9724 4114 7827
4334 3106 4092 3391 257 6593
4335 2878 1888 1912 1891 1805 2049
4336 2878 116 1516 2057 1275 1677 692 1306 920 5738 10320 1381 996 553 209 3911 1032 5029 1644 1502 1050 5622 1138 5741 758 806 157 1038 4580 8595 1159 1119 1040 1017 1385 1173 79 502 2861 5852 1221 1080 1222 1437 3297 1712 1713
4337 2878 1840 348 2200 1359 414 1940 8295
4338 1409 3830 526 2639 6554 1062
4339 5119 10321 1409 8188 6228 10322
4340 1028 1340 1409 1404 2325 1570 1019 1023 1810 6940
4341 3748 80 81 1409 4217 3979
4342 1409 7687 8357 4778 5042 6048 10323 3594
4343 1409 4726 831 4217 54 9080 6745 647 747 10034 1095 10324
4344 4189 1409 119 6906 318 3285
4345 6142 2720 10325 5250 6812 1409 151
4346 10326 9179 4283 1409 9935
4347 1604 1409 4103 87 3483
4348 1409 48 3792 4299 8611 3211 8213 3710 5278 7431 7429 8775 915 10121 10327 10328 10329 3725 7078 440 10330 354 2323 9974 2243 211 6465 9996 3850 10331 4035 5643
4349 10255 8346 7188 10332 7921 10333 361 1409 10334 8135 10335 10331
4350 1409 4088 4735 10336 10337 10338 4632
4351 74 3010 4088 1409 2508 3104 5025
4352 10339 1707 3044 3309 2851 2500 4776 3385 5480 1144 7509 10340 3320 5040 5303 6544 1409
4353 353 5957 1599 1409 5115
4354 1409 2589 8292 4819 258 128 9551 3166 38
4355 1409 3438 9137 4321 7080 2245
4356 5791 4366 3676 1243 2398 8442 6376 3675 6895 4355 7675 9576 128 3330 1409
4357 2416 3792 2459 10341 4502 4021 1497 1409 5161 497
4358 1409 872 5096 3874 7380 4040
4359 1409 8553 4591 2515 822 552 3244
4360 1409 3420 3963 1286 1560 1085
4361 7543 717 4327 8738 1409 4523
4362 499 1409 4431 4438 1123
4363 1409 6334 2461 3345 3088
4364 6112 4217 10342 6393 3236 5588
4365 4235 975 5530 6112 2954
4366 669 10073 10343 6277 6112
4367 2221 6965 4592 4236 1516 10344 1718 3904 1306 692 2858 209 1136 1241 1230 5029 3893 1382 1470 1394 1320 1646 1195 10220 4077 1367 2906 6757 1105 955 330 7001 1660 961 969 1651 963 212 1628 7781 3318 1213 219 4350 5795 1654 1488 502 418 3 1558 9730 1374 1630 1223 6732 978 1290 1112 838 1401 6334 323 1746 8278 6074 7296 1114 4198 5979 7094 6086 1317 1316 1177 987 2555 232 991 5831 1465 1636 10140
4368 6334 3960 2424 4686 9103 994
4369 3362 6334 9659 2896 3925 7904
4370 6334 10345 3554 4325 6490
4371 10346 1447 2369 6334 7148 3554 6282 3092
4372 5832 1271 6736 5029 3963 940 1370 4350 1076 1286 437 6334 1364 5030
4373 401 466 9005 10347 10348 6334
4374 2205 8367 2424 2648 3893 3857 6724 2303 4219 4917 646 6003
4375 8 2205 7471 3954 469 3871 4862 9109 7001 7191 9891 7907 952
4376 2205 4311 10349 6121 2734
4377 4809 82 4746 2478 5368 2583 10350 2637 2741 2205
4378 1048 4088 2205 10351 8146 2653 51 3993 6797
4379 10352 5726 10324 3829 2205
4380 7859 1607 2290 2438 2987 2173 7276
4381 5803 2438 1268 1803 10353
4382 2438 5738 1621 1869 7119
4383 2438 5617 2961 149 1340 146 147
4384 10354 5390 5509 7635 2438 3379 2645 206
4385 7819 7153 2447 6054 2448 4925
4386 2447 33 868 455 8985 10355 10356
4387 8411 8412 2447 10357 1275
4388 2447 3176 51 10358 10359
4389 2447 217 3391 196 4092
4390 4596 2447 2428 2431 1803 51
4391 5186 2447 5792 1574 2321
4392 3160 9219 217 2888 2447 2448 5956 3391
4393 3427 2447 831 9645 4591 10360 2448 51
4394 2836 9540 168 7931 4240 2447 491
4395 4406 7664 3124 2447 7579 4456 418
4396 4834 5361 5367 2582 5106 325 7744 7597 5395 5338 8992 8036 4670 142 5382
4397 325 4567 1904 8088 5360 5323 2624
4398 325 3229 5471 7150 4289 4467 5815 8608 5146
4399 5377 8412 325 8043 868 4005 4565
4400 5338 325 5395 3196 10361
4401 325 9090 4413 10362 3122 179 3981
4402 1909 325 452 89 10 30
4403 787 325 2921 3114 5340 3954 2418 10363 10364
4404 325 4411 7237 688 9152 2237 6514 28 7807
4405 325 3565 3203 2523 5287 6571 603 3195 921 3983 121 7901 10365 3039
4406 1983 381 10366 1173 6840 1870
4407 10367 6134 6461 9751 9840 4383 4855
4408 6134 4258 5354 1308 10367 9175
4409 10367 6886 6080 4302 6952 7136 6522 4194 5035 6962 7144 4766 6892 7033 7146 6915 1203
4410 3008 6595 10367 10368 922 1801 5040 9735 9175 5041 5586
4411 10367 2982 2357 1308 10116
4412 6504 10367 6957 10369 6689 10084 9452
4413 3500 10370 3041 2135 10367
4414 2478 4380 8039 5384 8043
4415 5382 8325 9751 8434 7735 7612 4565 8130 2721 9158 8043 3026 4204 9023 10371 5898
4416 5377 1205 6092 1904 867 8043 8411 9641 5323 868 8907 6293
4417 8043 10023 398 661 100 10372 3184
4418 5324 3219 8043 5322 3882 8005 3997 5388 8363 4242 1471 115 2055 475 8421 6063 10245
4419 867 2581 5384 5898 868 7641 1904 8043 1047 1274 10373 1652 3895
4420 8043 7641 1782 9380 7597
4421 8043 8290 3045 2003 9027 10374 3107
4422 5315 2581 8043 9569 2927
4423 8043 5387 2581 8164 4565 7962 5897 2741 4938
4424 2478 5072 8043 2850 1124
4425 8043 9709 7648 3391 7831 4768
4426 8043 4367 8421 1271 1454 1099 1032 945 6694
4427 6665 8692 2637 5361 8043 4668 7628
4428 48 61 7914 10375 3579 423 3315 2913 787 6672 7744 3356 4359 7181 4330 8386 10376
4429 3962 61 3672 3628 9492 7452
4430 4247 61 6311 7331 29 465
4431 3240 61 3876 868 6674 9024 109 7253 7489 4359 2238 9206
4432 7452 61 339 8271 9926
4433 5387 2739 6665 5382 2478 8029 8462 5453 433 8137 5048 2581 4072 2740 5096 4787 6117
4434 5387 8644 7740 878 10377 519 7709
4435 5387 2522 5096 4746 10378 1904 3950
4436 5387 5574 10379 6718 3693 8191 8581 9578 8383 10380
4437 5387 7735 3794 5182 142 5096 7593 4660 5390 8166
4438 5453 5387 255 1301 9129 2922 5792 10381 9044 552 6548 5795
4439 4809 5387 8035 6665 4746 6289 7411 8299
4440 8462 8137 5382 5387 868 55 208
4441 5387 5096 5382 5367 7277
4442 5387 3794 6665 2740 8177
4443 9809 2565 3670 10382 3637 3381 3426 722 5 8784 9187
4444 10328 3261 9202 4624 5418 3637 1557 5140 1450
4445 3383 3637 8139 3808 2988 8635
4446 8743 5838 1199 3637 5945 3685 3641 10383 5518 3984
4447 3637 99 1678 4020 4038 6614 3983 176
4448 34 9742 5431 3637 7466 1901 7993 2168 6054
4449 3637 9766 2957 1887 2965
4450 10362 40 10384 7460 9284 7393 2764 6297 7378 3628 6144 3035 8477 373 654 5530 3107 10385 8019 8145 8540 7211 2826 9091 4310 3637
4451 1029 1481 4095 5203 9759 23 9440 3768 5140 3024 369 50 30 576 3615 337 1551 4039 1715 468 832 855 3122 613 10268 2832 2516 526 143 5120 402 175 477 176 3455 10386 9555 354 2513 4437 5869 5900 1297 218 1151 1040 5976 10387 6319 4576 6654 125 4555 9580 762 1166 816 1011 422 1631 164 66 1607 9826 10388 4311 5890 843 497 674 400 740 6972 3826
4452 5945 7749 7398 3826 2048 10084 8047 8009 6838 9111
4453 3826 7194 5505 658 1471 512 8793 46 3919 2231
4454 48 4565 2064 8190 5139 7589 9869 4628 3826 5007 774 7555
4455 3826 8421 3553 2082 2004
4456 4832 7085 2247 10389 4082 7909 10014 3514 10248 3091 8874 3826 8718 1370
4457 5735 3826 10163 470 1782
4458 1241 3826 1484 720 613 10390 1041 4606
4459 3826 2513 450 143 7873
4460 1450 9193 6369 482 601 7957 5623 5303 8804 4600 402 1285 3826 7903
4461 2137 2435 5643 4190 5669 5535 3829 3910 51 7719 5546 2369 3826 6425 3090 19 8549
4462 3588 244 8869 1383 3826 359
4463 3826 3755 5573 9766 687
4464 5307 6325 9805 1445 3826 3811 6845 6681 1872
4465 3516 3679 3826 3832 4311 6855
4466 10391 3950 8292 6791 2442 7775 3826
4467 4430 674 5136 3623 3826 3649 467 9310 8599
4468 3826 470 122 10392 4727 519 10269 491 2039 2653 2835 8 5165 5 73 10393 952 517 495 3438 4187 530 9544
4469 8352 867 3220 8160 3826 340
4470 10394 4746 82 5181 937
4471 2116 5080 7898 5181 7709 6602 10395 8051 1587 9763 918 994 1032
4472 5181 540 1904 3755 5249 4143 6 588 2516 6854
4473 7735 8434 5399 1386 1506
4474 5361 7597 9263 5382 5368 5667 6710 5375 9038 6267 8434 142 7326 5359 6251 5590 3516 1404 1252 1542 2647 1124 10396 2654 6516 9015 3391 3017 7489 1130 1336 6498 1450 1280 1275 5854 1724 333 2859 1136 1429 945 1394 4916 1553 1276 5855 601 4644 6757 957 2771 1413 958 4391 2933 1159 6702 4350 1245 166 1022 7979 1164 7690 1043 7265 10397 9731 1012 1170 1390 1364 985 1438 1086 987 1400 1228 1465
4475 7740 8434 4687 5834 5432
4476 7797 2581 5326 1904 5382 2478 9371 867 8691 6671 8164 1206 7711 8434 3794 2705 5844 5167 2623 4567 9123 1341
4477 1204 8434 9969 6714 3851 6228 1641 7553 921 2442
4478 6665 2583 8434 2584 6236
4479 551 4949 3197 2292 6865 6102 774
4480 551 185 2266 10398 616
4481 551 8230 3768 7378 10399 6792 10400
4482 551 4185 5313 8974 4431
4483 551 619 5501 4303 8191 4186 1448 2398 4830 54 10320
4484 551 658 3719 4258 2716 5165
4485 551 2002 60 3175 3627 9725 7777 3249 1048
4486 551 30 9450 2784 4004
4487 112 548 551 188 3811 3307 1909 7566 3083
4488 2903 464 8970 8163 339 2444 7070
4489 7466 10176 2903 477 512 3153
4490 6497 2903 550 524 5519 10401 7238 3605 3356
4491 5148 2903 9166 6526 2267 8592 4689 6437 4275 9002 581 284 8011
4492 9565 4800 113 9100 748 2903
4493 2903 3803 8341 1735 310 545 2590 10402 236 9759 3639 6788 10403
4494 2903 2649 1123 4647 906 80 2442 3640 2988 7760 22 799 10404 949 4435 4457 9703 7027
4495 6297 7207 9090 2903 8238 112
4496 1271 10405 1649 6460 384 4837 8635
4497 4611 9273 9032 6460 10406
4498 5167 191 113 2363 6460 6519 2856 2562 6523 937 848 1719 1279 2906 1097 2859 9200 1072 5863 1329 1120 5884 1373 3002 5542 1169 6086 1221 152 6165 1512
4499 6460 435 9695 2267 255 4255 685 196 2222 10056 2821 778 1591 6646
4500 6460 3638 7916 732 9615
4501 6460 1901 555 7030 5748
4502 5382 2655 867 2582 5898 5384 5618 9033 1090 6665 5844 2520 423 861 608 4750 6460 1523 199 1484 1136 995 6726 5863 1458 1143 1044 1164 812 2982
4503 8462 9253 6460 10020 10018
4504 639 10407 7971 5760 3041
4505 5587 7971 8163 3649 3300
4506 7971 8238 4906 7150 9550 4477
4507 10408 6037 9187 5942 481 7971
4508 7971 1355 523 5 8174 8720 10409 545 2592
4509 3670 3623 196 552 2737 176 256 7971 467 7150
4510 5220 2613 6546 9401 7971 477
4511 8199 5505 7971 1909 47 10410 9814
4512 7971 1523 5496 204 5817 675 6613
4513 519 7971 8149 7122 8280 1617
4514 9477 4482 10411 6397 10412 10413 6849 10414 2410 6826 10127 6414 4295 7971
4515 6228 1480 867 9565 7971 3692 9534 10415 3858 3398 2625 6227
4516 7471 28 7971 507 3197 364 467
4517 870 8482 7971 710 7536
4518 3755 10387 7971 10416 10417 7116 4112
4519 309 494 7971 10043 465
4520 5899 10306 4240 1449 4593
4521 10418 4368 4005 9226 748 10419 5899 3142
4522 6401 6256 10420 4951 2047 7262 2007
4523 2739 3264 8436 8569 112 524 7262 4255 3800 3187 3440 10421
4524 9675 1812 1969 359 4060 8278 7262 5775 6791 2261 7153 4778 5040 5608 9886
4525 601 7262 2877 4069 1083 74 3421
4526 2525 728 4403 1222 7018
4527 185 2525 2587 6305 4637 51 2207
4528 2525 7180 6971 7449 9365 7303 10422
4529 5006 6626 8170 10423 7425 7335 6090
4530 6626 3503 680 6962 1511 176
4531 4165 1637 6626 1428 771
4532 5961 7524 2833 185 6626
4533 522 4891 927 2656 7931 6846 8108 854 10424 6469 7243 6385 4511 5817 9555 10425 10341 8242 6626 8932 7428 5989 467 1600 10426 3315 685 2932 10373 6333 10427 7044 10428 10429 6723 10430 4080 9456 3011 2810 4740 3330 3295 5409 1583 10431 3816 10432 5889 8826 361 3973
4534 6626 3326 199 4656 361 3039 6165 1414 1656 1317 986 2555
4535 6626 7687 854 2560 8263 10052
4536 186 191 8098 8264 7686 526 404 5986 6626 129 1347 7620
4537 6626 6283 6393 2857 2459
4538 6854 7924 6626 8012 3597 6556 6620 4417 4569 4337 7180 4889 7101 7686 8057 2596
4539 1347 6626 10433 555 6692
4540 4650 8035 1448 10434 8348
4541 2739 2581 6264 9225 9262 433 867 8054 2601 4650 8038 2740 2600
4542 4650 6709 7300 2356 10187
4543 4650 4573 1806 1061 1427 6751 1461
4544 4650 1028 4592 1351 1320
4545 4650 5845 1450 941 3745 7636 1633
4546 2739 2337 1341 4650 555 6576
4547 4650 5319 2344 1028 1129
4548 4650 6733 206 4888 932 1003 1367 1742 6726 6454 3897 1197 2377 1024 980 1114 5861 1463 1564
4549 4650 6710 4649 9641 5323 6400 9157 1547 8752 6452 7327 282 3445 3415 204 10435 10436 4154 992 5814 1338 6758 1476 5622 1037 3931 1432 1212 6702 221 6086 4684 2982 3921
4550 6665 7840 4650 8411 7797 6400 868 2343 2055
4551 5396 913 4417 632 2988
4552 4938 5396 5399 5382 8181
4553 5384 477 5396 3197 6710 8129 2576
4554 5396 503 861 7912 193 2723 4620 1483 5796 1354 2163 1610 5797 6768 1214 9730 1445 988 1201
4555 7963 5388 9380 5368 7951 8037 5361 5382 1904 4660 5396 5376
4556 2337 3728 5275 1965 6812
4557 2581 867 8992 2337 4204
4558 2337 3438 9606 1044 2940 2938 4221 7976
4559 92 40 27 6546 4260 8553 10162 22 8051 2019 577 7062 1410 309 2337 7187
4560 2337 3874 10221 9047 4441
4561 7584 1472 2337 10437 256 1271
4562 2337 9090 3729 111 3212 732 2832 3204
4563 7381 1354 7062 2337 3649 3571 10438 4233
4564 2337 9235 48 89 724 419
4565 2337 8677 6587 9396 5404
4566 5874 10439 2337 5477 92 5514 5288
4567 10002 9414 3654 9024 7621
4568 3654 5445 446 915 4297 9293
4569 7468 3654 9957 7570 3026
4570 3654 1607 6827 736 8627
4571 3654 10409 3955 10440 3107 6493 6661 10441 3941 10307 216
4572 1774 2742 4686 909 8955 511 514 5643 2689 3905 6439 8745 7881 1532 8143 1132 10294 3700 209 1381 945 946 942 949 1614 3381 7777 961 7407 1286 4909 1559 1391 1315 6780 1712 983 2061 1713 987
4573 1774 7380 5 7355 10442
4574 1506 1774 2356 9470 63 2302
4575 7375 1774 2495 3690 7369 10157 3695 2404 4293
4576 8254 6441 461 4674 4299 2951 10443 8726 10444 1782 497 8184 1774 6563 5113 1607 1979 3565 4082 1095 7940 5452 10445 10446 7118 8502 4992 2565 5828 10447 6488 9469 9472 9327 9194 4235 7830
4577 1774 84 5159 454 7572 7836 8532 7911
4578 787 3686 6503 7457 1774 2292 5698
4579 4361 5482 3978 3382 5077 487 6789 10448 3668 1774 3754 7785 175 307 2961
4580 1774 674 5715 718 581 4145
4581 5122 7622 2256 1774 5698 8405 7560 1978 381
4582 4411 7570 10449 7485 14 8751 1774 5077 523 8678 93 9945
4583 1774 6967 541 3882 1969
4584 427 9993 8309 7062 8159 457 868 3228 40 7330 2736 22 469 9564 870 5050 1774 4050 9890
4585 10450 5077 8962 6563 9293 7513 3857 1774 512 7101 6340 4265 22 28 1978 2833 4681 1080 3225
4586 1774 531 5090 7397 650
4587 8784 1774 531 3150 771
4588 1421 6940 1271 1774 3104 6704 803 6743 1136 209 1352 1353 5510 953 1497 613 1033 1208 3401 4088 4979 218 1075 414 1359 275 1260 1152 421 977 1361 1083 1011 982 9793 5030 1176
4589 5294 4948 1774 3985 3763 10451 8583 5640 9956 6993
4590 7193 26 1048 3673 9614 4183 497 7194 10452
4591 5302 9846 9998 7193 3765 7319 4511 5505 2877
4592 2424 2762 794 7193 10319 3779 1062 497 6860 2203
4593 5496 7193 10096 5611 10453 10454
4594 497 7152 7193 2763 6817 70
4595 4154 553 1370 4781 6328 7193 220 1445 1113
4596 3565 7193 4408 9230 3968 414
4597 7193 8590 6377 9195 9941 7815
4598 7193 5105 4949 1092 5587
4599 308 1909 9416 7193 9948 1138
4600 506 7092 6049 7193 9278
4601 899 9405 8600 10455 1066 3983 10456 5795 5757 4732 7193 5155 7337 6137
4602 6666 7836 4379 5361 9123 10350 1446 587 3109 5249 3322 4696 1354
4603 718 6398 5124 739 3219 573 687 613 10457 7836 84 2843 5940 3763 339
4604 7836 432 5077 2843 10458
4605 2021 5697 892 10243 6037 5784 9501 7407 684 7836 2565
4606 3967 3422 233 10459 523 7836
4607 7836 42 4718 7243 9731 10460
4608 5055 5310 9075 4097 7836 8918
4609 5368 8217 4379 2356 9194 55
4610 1341 4379 1666 6711 423 2478 5375 8039 2582 8034 1206 867 2522 7598 8705
4611 4379 2518 6452 7912 4761
4612 7913 170 7000 9079 3782 7667 8061 4088 6633
4613 4181 8404 4304 7000 2514 8076 9086 1840
4614 7000 8861 7457 26 4150 186 477 10461 2653
4615 7778 10012 6897 8108 8825 10462 5005 2548 706 10463 9786 7000 2835 4195 5454
4616 7000 5540 3055 4366 2378
4617 2739 6665 4961 5368 8993 5331 5453 5538 5540 5338 1419 1404
4618 5540 53 1779 30 381
4619 5540 2428 1192 6571 913 1549 2782
4620 369 5737 5447 1872 400 5077 5958 7353 5540 4019 7529 9861 6345
4621 5540 10159 6187 5173 674 4711 6786
4622 2835 3997 53 5540 5329
4623 6185 5540 896 4605 901 7371 657 1066
4624 5540 2244 4095 257 1469 446 1480 1895 1354 10464 838
4625 4958 2282 295 5540 2198
4626 1565 5873 9358 5987 1548 8986 10194 4408 4843 495 759 7354 5540 8189 5890 1071 7404
4627 8035 2244 2628 5799 8547 176 4569 7871 9014
4628 6209 4204 2518 9039 7486 2244 5832 6643 4711
4629 2851 2835 2244 5454 4487 9854 7353 6070
4630 2244 4237 8539 6855 5942 3553 427 3122 9716 125 5746
4631 2244 3029 10465 8203 5828
4632 2244 5618 74 3177 6470 960 9814 2373 4900 4217 7367 2877 2567 4765 7187 1529 8300 8445 1257 812 3175 612 9148 1604 5610 211 7680 5141 819 7404 4602 1224
4633 111 5717 588 2521 4906 4565 5202 876 7751 66 10466 6533 62 6843 4542 2244 10261 8918 10467 3008 9609 9107 6513
4634 903 2686 2628 2244 7264
4635 5095 4746 9558 861 4369 2244 6843 5841 10468 6561 4063 8141 6152 4242 9157 1978 4830 7583 1124 2531 823 2858 1136 4488 9058 1408 1551 684 196 1517 1371 1160 5795 250 1083 975 3921 751 8925 4602
4636 5361 2244 2520 2741 2518 7858 923 2635 3877
4637 453 6262 10188 4746 698 8549 5739 9076 722 2244 5710 6178
4638 8041 3315 2244 10469 10470 28 2250 9312 2789
4639 5071 4877 2244 470 967 2394 1274 6621 9674
4640 7433 8560 8510 3465 9761 7207 8425 3803 8348 462 34
4641 5367 5382 7598 10288 5182 7433 2478 5771 6524 1542 1271 4704 1740 951
4642 7433 457 1060 1351 1295 1501 1368 1628 265 969 1200 838 1045 974 1403 1182 5030 1686 1713 983 987 3184 5886 4602 3966
4643 9628 6711 3923 5095 8991 6209 9267 2520 8031 423 3197 7433 6265 481 1248 5544 1495 1015 1524 1611 1191 5879 5824 9730 1229
4644 7433 5957 255 526 10442
4645 6533 7867 2567 5868 6697 7433 4832
4646 452 1868 7433 5976 1137
4647 8552 7433 1904 1607 10150
4648 8692 5362 2581 3240 5361
4649 8692 8691 2626 5324 2739 3240
4650 2739 5315 624 402 4508 8057 4395 3095 5945
4651 5178 5315 5375 7598 7862 1146
4652 7740 5315 5361 9269 6092
4653 5315 4666 9284 8030 9004 10170
4654 5315 2630 6313 4806 8909 8304
4655 7560 4495 10471 4088 373 462 1399 5617 2245 4929 5263 2512 10472 3403 3314
4656 1708 6756 418 1360 7311 1399 1512 1114 9041 5886 1465 1466
4657 1475 6731 1236 1338 1399
4658 5136 1399 6330 4862 8572
4659 6799 1062 1135 2161 720 4665 1003 2192 4780 4589 158 1385 1143 2908 6165 1399 1703 1686 1292 1226 1148 1940 3338
4660 1788 1853 1399 1838 4879 2126
4661 1028 1334 1404 1475 196 1241 998 1230 1430 10086 1744 3406 221 1810 1221 1399 3869 1292 1085 4585
4662 358 821 3197 1405 1238 1455 1380 209 2367 827 1470 828 155 1138 1075 1261 1323 5944 1399 1560 2550
4663 356 1248 1028 1267 1376 6314 1124 196 1378 1156 2057 1050 1449 1389 601 1037 157 1413 1487 1655 4166 1398 755 502 1172 224 838 223 1399 1220 2930 2204 425 814 1177 265 987 1658
4664 193 1099 200 1594 997 1230 5862 2949 1509 4665 4589 1108 1164 1076 418 1025 816 224 1399 1512
4665 1399 1113 6243 632 5578 8862 5647
4666 453 8283 1399 3026 8199 8134
4667 1276 910 1306 1240 2192 1384 4646 1399 1690 2062 1333
4668 1241 5862 5714 831 4323 971 4594 4684 1399
4669 1334 1157 5922 852 1194 2200 939 1652 1680 1385 1399 978 3297
4670 1334 855 968 2059 3 1399 1592 1686
4671 1399 2428 3390 1796 5560
4672 7735 60 1767 868 4005 2260 5953 2256 346 185 5257
4673 7735 2522 2288 190 10368 6521 5457 2468 1495
4674 7735 112 6254 2513 7496 6476 1608 4508 10473 7426 896 3997
4675 1081 8421 5307 7735 4696 9152 9650 5356 4414 2863 7207 4278 9788 6502
4676 7735 3728 3184 361 737
4677 7735 3026 2637 5338 593
4678 1767 9266 5375 576 2705 2626 4380 2628 7598 7696 2623 10295
4679 576 5382 2626 192 2755 5238 7618 7080
4680 5361 3794 576 5182 1061
4681 5462 576 5148 2649 9260
4682 10474 6586 6943 1602 6888 5612 10138
4683 5612 2722 3555 10475 8176 10476 7038
4684 5612 1016 51 1368 1048 2070
4685 1089 4789 5127 17 8375 5750 2267 9776
4686 1957 5029 1792 4520 1958 4789 477 2448 257 4014 1803 4556 6536 3391 3357 5772 1831 1835 8135 8159 400 3403 2150 6518 8701
4687 754 9679 5128 4789 2312 2699
4688 5361 6670 7913 5184 2471
4689 7088 6175 309 684 2471 4191 7296 3227 7389 408 9527 413
4690 2471 8181 8452 8363 867 9617 868 9386 7496 770
4691 5382 3555 2323 5779 1062
4692 30 3719 3083 876 2323
4693 1376 388 2323 6301 5745 5488 7061 1096 3558 4051 8704 8471 4226
4694 2323 3910 7471 2776 7919 4988 1405
4695 2323 28 8627 7479 7072 308 3230 318
4696 2323 4225 117 10477 2267
4697 9319 477 1761 2323 9369
4698 6377 2323 7121 3026 8953
4699 6420 2003 10478 2323 9657 2221 6622 3841 8616 3175 1313 38 8244 2509
4700 4903 2323 3553 6307 2008
4701 2323 6697 359 128 6725 6399 2251 10033 8626 9190 7873 361 9341 6261 901 4726 10143
4702 2868 10479 1588 2323 2589
4703 4746 6466 9838 8757 2323 2538 4805 718 10480
4704 2323 8247 335 1347 2507 6039 10481 4238 3518 3797 3787 3429 7444 2557 553
4705 3746 2323 2496 10482 7531
4706 5046 2323 8372 2589 4934 4088
4707 473 5720 9470 7710 24 703 176 5209 10 70 465 6678
4708 4087 460 9657 450 10483 6678 10484
4709 10485 6678 10486 5578 3975 2017 4731
4710 3794 5801 878 26 467 5587 4088
4711 379 3794 7634 6546 495 4254
4712 5399 4565 4072 3794 7962 5369 9019 10350 868
4713 5382 3794 5058 6677 7871 318 10487 2776 1511 8449
4714 787 3794 10378 1531 396
4715 3794 10488 4905 4821 10489
4716 5443 2255 8168 3794 28 3780
4717 112 3794 4565 188 4095 111 3201 5474 8334 10490 2260 403 6056 9069 6545
4718 3794 8950 10096 2248 8671
4719 2581 867 3794 2478 5390 1206 6710 10491 457 4612
4720 2357 7286 170 6113 2698 2912 10492 6228 3794 3203 10073 7507 2847 6314 1516 2536 196 1124 1097 2562 1050 1454 1351 826 2200 1053 851 1739 1679 6758
4721 3794 80 2030 3959 10493
4722 3794 5641 5095 9371 5382 2478
4723 787 3794 7821 5581 780
4724 3794 4515 9151 137 8329
4725 3794 5140 5530 7785 4885 176 8989 743 2435 8787
4726 499 4094 3922 3794 10202 3876
4727 3794 7277 82 74 10494 318
4728 3784 5257 10473 7294 111 3794 894 9501 1550 706 89
4729 3794 2030 446 10188 5054
4730 5180 4753 3794 485 4303 7542 4313 5788 4145 10092 6237 7787 5287 8588 506 4934 4949 5951 3040 4001 5575 5140 10495 3766 174 10496
4731 3794 55 4565 2030 1410
4732 3794 5972 10497 4242 2021 5511 4829 1341 2531 9416 7497 910 3902 1380 3911 1527 1595 1365 946 1066 4221 2938 828 8380 1070 1103 1743 9329 810 9638 5599 8937 8827 2727 969 7178 1847 1061 2909 223 836 1166 814 1315 6245 991 6972
4733 3794 3219 26 4999 5054 1904 1909 28
4734 3794 111 8620 8174 7497
4735 3794 5367 5368 142 5322 5641 2741 55 10354 7594 4093 10288 5390 5182 2708
4736 3794 1904 1341 6336 7692 5877 9885 4443
4737 8254 3794 5294 790 8502
4738 8609 3206 3794 7507 1765 7397 8630 10215 7731 1095 523 457 1341 2961 933 2461 10498 662 2841 531 3264 74 10499 2241 1843 2591 2232 5352
4739 1205 5382 2739 4565 10394 3794 5096 1206 7277 9393 9969 8992 3728
4740 495 3794 884 52 13
4741 3794 26 55 798 4572 1424 847 1351 517 2161 1032 1003 5744 76 4600 1202
4742 9225 2581 5367 3794 6665 2478 4213 5363
4743 3794 9019 5073 308 1663
4744 5161 433 5538 192 3794 6706 4940 4223 255 1301
4745 10500 3794 2614 5338 7644 9626 6620
4746 3794 3219 82 1341 6963
4747 3794 5096 5383 4669 4609 7696 7337 3127
4748 3794 6225 7522 112 740 3944
4749 3794 8050 26 6656 2742
4750 3794 2522 2741 8644 82 192
4751 5307 3811 4297 3794 8689
4752 3794 3876 674 472 7062 7918 2840 5758 7826 9694 10292
4753 3794 1666 531 346 861 1764 2276 4017 423
4754 3794 1000 1370 793 2394 2509
4755 3794 6639 5360 8460 9802 5975 4303
4756 3794 7962 6673 2740 2628
4757 364 5201 3794 541 2030
4758 6665 6264 5362 5322 4669 3794 8992 8164 8036 9269 8039 9371
4759 6123 6672 2763 2772 4244 105 2770 2769 754 9679 2862 9986 10501 2865 2257
4760 9973 6123 9743 9087 89
4761 6478 8256 8202 8216 8924 6481 7864 9640 6123 2772 8590
4762 6123 8589 6434 9676 108
4763 5998 107 2769 6123 4012
4764 2553 188 8362 7254 3993
4765 10002 9402 8475 7254 2692
4766 7254 70 10502 4912 4550 952
4767 9546 7846 7254 899 112 2243 9978 9338 6545 999
4768 176 4012 7254 6146 7267 9890 5821 3091 7605 6545 9999 6674 3342
4769 3922 88 7254 10503 2769 2414 5746
4770 9397 2055 4150 8147 7254 4205 519 117
4771 4286 2508 8018 3507 7062 9309
4772 6131 4286 6670 9087 5266 2763 9194
4773 106 888 5378 123 7182 10504 918 5759 2799 4135
4774 5378 4525 3984 2021 5643
4775 192 82 3901 2705 3350 10505 1406 1030 1426 1324 2200 1716 210 1296 1162 6773 5858 986
4776 708 7828 4249 4495 7518 4029 3733 789 3994 2705 8428 7605
4777 2705 4185 3371 4919 1518
4778 2705 8452 5367 4853 5375 5386 4660
4779 3228 2705 142 1904 5071 8395 5634 1677
4780 2705 4586 8137 5382 5367 2518 7794 1499 1802
4781 2705 6712 6208 8461 7797 6670 9749 4787 6420 1535 193 6769 1516 1157 1498 1304 1378 200 338 5796 7176 4572 1050 2860 5117 1614 945 849 1034 1679 856 2203 601 1689 5869 1297 5797 1458 1311 966 3 2377 222 1290 1604 1317 2840 986
4782 5375 2705 5381 7248 5368 6184 6265
4783 1091 685 7437 5075 869 8961 8984 2705 92 7645 192 1301 10506 7013 10005 9325 197 770 4227 1383 2334
4784 2705 5847 6184 2288 2424
4785 4938 4746 2705 2634 2520 7411 2881
4786 5383 2705 4853 5390 1904
4787 7301 4950 7410 8553 4407
4788 8168 7301 9666 74 2803 9706
4789 2920 1599 2922 8324 7301
4790 8038 867 5375 9157 10507 7301 5323 9167
4791 82 1909 5974 7301 80 1066 3475 10213 5561
4792 7301 10508 7282 10509 10061
4793 7301 899 7822 2520 6215 1846 115 80 3802 902 2982 257 1965
4794 5096 1834 3548 1475 2325 1048 1339 8580 2062
4795 3018 8230 6343 7343 1834
4796 4935 7665 7663 7024 273 8004 3124 4996 8346 1834 7107 3116 3557
4797 1909 10510 9467 6645 10327 1572 1834
4798 1834 4235 9540 10405 3987
4799 1834 6965 3198 10511 3947
4800 1451 884 2923 10512 3526 609 196 6445 1834 2553 8465 9171 6495 10146 6424 10513 670 4623 2961 9722 4452
4801 2225 7592 2524 9163 7583 197 5418 10494 1834 2287
4802 1303 2459 1676 4621 4704 2200 1555 3921 1834
4803 4231 4747 7272 6990 3185 4801
4804 9307 9878 10514 6603 5020 3185 4280
4805 3185 4768 8310 796 257
4806 8753 5480 3185 2294 1123
4807 435 6752 4856 3147 4437 7807 5164 1268 1671 8172 10155 895 8708 6396 196 6142 6127 3655 1523 6470
4808 3427 7876 108 6470 6439 256 3245 2742 372 9720 4356 10515 6518
4809 16 2495 3954 4439 897 1271 2877 4441 8261 6470 7491 6425
4810 6246 318 4782 6470 3017
4811 7531 5056 2764 8003 3668 3641 9576 6470 5530 5031 3634
4812 435 3264 9369 6904 706 8371 6470 6254
4813 4770 9108 6470 8142 5302 58 1307
4814 5361 5182 907 3379 6470 2523 2423 10516 7953 1336 407 1277 4638 1321 1193 8935 1384 1646 966 416 755 3039 1184 2729 6103 1437 1402 1317 985 5018 1146 1224 2494
4815 6470 1877 4205 4983 10160 5301
4816 6470 10517 3635 8174 8535 10518
4817 4127 4984 5496 6470 1472 1775
4818 436 6283 8441 10519 9164 2452 6470 5773 10321 10424 3694 6961 361 3184
4819 318 3017 6470 943 4182 381 4088
4820 6124 6588 9957 9594 799 2413 8019 6664 1142
4821 6124 3154 1274 5047 260 4239 5811 4325 3653 2645 4493 10520
4822 868 5401 3555 6124 519
4823 6124 9334 9997 7907 10521
4824 6124 2100 10522 9636 1869
4825 36 6124 5698 3083 7298 1792 2576
4826 5641 5362 5361 5382 5367 5324 5322 4381
4827 9262 8035 5367 5178 5362
4828 5362 2478 2292 1027 4948
4829 3355 4068 8424 4429 584 258 10523 2212 3581 9945
4830 1472 457 21 684 4068
4831 5 6 4068 6843 3457 2806
4832 4068 2173 4754 4240 2409
4833 4068 8783 7389 6810 129
4834 5504 3866 4718 2378 4068
4835 4068 1607 4811 262 5412 5434
4836 9866 5055 1322 4068 5737 1679 457 7062 3673 80 3578 3567 2347 34 4531 3634 1765
4837 2454 4068 9285 1607 531 4217 7574 9519 5080 5792 3482 9680 3695
4838 4068 674 1607 1478 3225 1355 10524 7648
4839 10525 6275 10394 4068 4687 6602
4840 5182 4068 3764 5283 9601 1483 10514 7440
4841 8041 4068 1607 9695 3545 3957 2231
4842 3728 4765 3278 4068 273 10526 4626 7940 5725 10527 2498 3861
4843 7351 9196 2608 7357 5491 8552
4844 5491 7351 1244 6065 6588 2433 10528
4845 5491 4287 472 7380 3876
4846 3371 3166 10197 8058 81 658 8195 5491 4412 2515 6402
4847 4516 5491 4518 4412 4131
4848 5491 4516 7380 4509 7356
4849 884 3465 5491 3746 185
4850 5491 4287 2516 354 5462 9997 8332 7686 8006 10529 9196
4851 10530 5491 7380 339 456 4137 3965 4387 10531 5502 10532
4852 6359 5491 4958 1355 2021 93 4703 1707 3783
4853 5491 9751 1761 2860 4438
4854 5491 87 6252 1728 6662 1118 684
4855 5491 4287 4518 7353 132 8968 3438 54 6385 2562 3588 3547 361
4856 7380 354 792 5491 5999
4857 3223 83 4297 9310 4387 4934 111 10533 454 573 2502 495 792 480 5131 796 7726
4858 3223 2713 3792 309 80 4372 48
4859 82 8160 3206 3026 80 3223 868 8714 4297 1448 48 5125 4429 115 1408 2931 4205 6790 624 755
4860 4235 4387 3223 34 3236 8191 10451 4430
4861 722 4081 3223 494 540 4949
4862 55 7277 92 3223 4282 10311 1267 1155 1448 1129 4638 912 1570 920 994 1736 1484 932 5029 1644 942 969 4016 7702 1035 850 1678 1139 1497 5882 5649 157 856 1708 1075 1233 1142 502 1044 1286 382 4909 1433 818 2550 1184 1512 3297 983 265 4911 1058 1059 2494 1714 1687 1225
4863 497 3223 8389 7674 4095 4210 2457 8231 3026 4033
4864 3223 9343 10534 9429 1978
4865 4773 2111 792 2110 3223
4866 1124 1156 1157 1351 9015 2344 1032 938 1501 855 1037 157 856 1036 832 810 1011 1323 816 1227 2936
4867 9015 3177 3651 4088 10535
4868 6621 506 9015 3534 4814
4869 2637 5740 381 9756 2541 4550
4870 4938 4282 9881 2637 2291
4871 2637 10144 3148 913 919
4872 5476 2637 52 6587 8243 2404
4873 2637 2877 4544 10536 87
4874 2637 52 7397 7413 8026 4465
4875 5007 9977 9981 9953 6571 5265 2637 5640
4876 2522 2637 2954 176 10537 628 54 2248
4877 5445 8676 4012 8920 2637
4878 40 2465 8222 3941 3948 30 3822 2637 7753 6530 4348 236
4879 2637 10495 687 5923 8698 6181
4880 5514 8560 5533 3673 9471 2637 4919 8985 176 9977 307
4881 2637 520 7324 3447 9433 10027
4882 2663 5574 1891 8511 2637 339
4883 1280 2637 3749 30 7196 5109 5746 9399 8363 4181 4297 7499
4884 3127 6775 5413 7236 6991 4804 392 5434 3492 391 3313
4885 10538 1384 6991 1001 7528
4886 5070 6991 5828 9686 2101
4887 4880 6991 10539 1793 9714 266 1240
4888 5848 4622 1392 1241 1232 1005 2949 809 1233 5885 1197 1200 3338 2062
4889 1521 997 5880 1232 1001 1527 2949 5849 1142 1233 275 1008
4890 4608 1594 2949 1235 1006 1512
4891 2715 994 2949 6702 1169 1528 1019 1318 10140
4892 9274 5880 1338 1001 2949
4893 9714 1230 2949 668 5880
4894 1232 5862 2949 1004 1005 1233 1142
4895 1718 1306 996 1230 1394 1368 2949 855 1069 856 1241 809 858 1234 1416 4911
4896 2715 1548 2949 1431 1040 755 6086 1043 1387
4897 2651 1271 1180 3950 7720 1516 1523 1029 2658 1280 2199 1570 1052 4638 911 4644 2365 2367 1427 1232 2949 1425 1195 1476 6335 1442 1678 1276 1430 6039 5193 1998 330 1681 382 3897 1488 1683 1372 1288 1079 160 1223 166 1085 1294 1225 1226 5886
4898 4383 7090 1338 1230 154 2949
4899 1241 1240 1612 1595 1338 1001 2949 1103
4900 200 2949 4584 1659 5849 4608 1527 720 1329 809 1226 1148 9221
4901 1612 1339 1365 5862 1596 5849 2949 1384 809 1142 1008
4902 198 2949 849 1142 2727 1162 1220 2982 1703
4903 10540 2536 3333 1237 2562 1594 1209 2949 1338 51 1604
4904 4704 998 2949 1476 1113
4905 1028 1340 996 2949 5797 6756 805 2203 1233 1142 1528 4590 1025 5769 1085 1465 1333
4906 997 5880 5862 1232 1004 2949 1476 1233
4907 10541 3238 1271 2344 1965 10393 1671 8580 2891 631 10542 10486 8016 10543 7229 335 322 10544
4908 4609 4853 7598 8609 7913
4909 40 4157 35 4502 7942 4219
4910 4157 6322 3800 3790 10545
4911 10546 4157 179 34 3577 7346
4912 2315 5225 4157 4881 6172 10547
4913 2315 5262 5621 507 7558 524 2390 8878 2764
4914 6733 1516 6738 2315 1117 4781 1233 1142 161
4915 2583 1537 2482 4189 10548 890 286 2315 189 4769 6996 5762 6744
4916 2315 6833 5778 9042 6692 1845 2816 362
4917 2315 9844 5413 1961 2958
4918 2208 2315 5031 2988 5646 5703 8940 9305 6792 7658 1753 8382 7018 4198
4919 8290 1695 1271 1030 4657 1277 1132 553 1295 1501 2932 1646 1367 946 4269 1002 5029 964 810 1216 3 3899 1312 437 1042 5845 225 817 1222 1113 1315 1085 7094 1592 1317 4602 1564 1464 1465 1634
4920 7840 8461 8290 5171 6415 2485 5832
4921 8290 9577 3275 6602 5771
4922 8290 10330 4407 8848 10549 8240 5406 6982 4628 8986
4923 7441 8085 601 8011 6487 3322 7765 3446 4776
4924 2358 2439 7517 2684 2683 8216 1706 7811 5272 5814 8085 8767
4925 2969 10550 8085 5707 1508
4926 3618 3614 8085 3528 6045 9499
4927 3729 4244 8085 2418 7345 7270
4928 8085 7242 6957 1203 7206 7033 10551 7144
4929 345 5872 9328 6830 5302 5857 10289 7960 599 265 46 5758 304 8085 10247 4925 204 3771
4930 9422 3943 3922 8085 2378
4931 658 400 4144 8085 1066 10552
4932 2003 5107 1909 446 8085 4473 1573
4933 3807 6148 10448 748 554 2718 2717 2719 3356 8085 3565 677 7345 8531 7930
4934 10553 2841 2496 8085 5404
4935 6809 7490 8085 3180 4164 4792 10359 3089
4936 10554 3313 3697 93 8085 5602 5943 5293 101 2870 2512 9310 10555 4304 7369 10272 6323 3027
4937 960 8085 7531 10556 447 10557
4938 10558 3755 9134 10559 9823 9852 10560 4971 8747 9365 658 3874 10110 1485 630 4373 2796 8085
4939 10553 8085 2501 4161 6136 5005
4940 10561 6750 2863 1132 921 1053 5130 157 8596 2491 1213 1361 813 656 1445
4941 3567 5130 5923 2442 5312
4942 7380 3574 9621 6572 8421 5130 389 10562 9309
4943 8673 10563 5130 10507 9231 9274 4249
4944 6909 396 5130 4206 10564 10565 1995 10294 5990
4945 5130 48 5133 7542 6681 6099
4946 115 3219 6325 1067 5130 5718 497 1743 10566 9851
4947 6358 5988 5423 10046 247 4271 4726 2653 4088 3422 8797 9533 372 7768 182 5869 4269 4145 4806 1621 3673
4948 3756 4726 7951 8999 1973 3697
4949 4879 3768 4726 10567 4993
4950 7570 5928 2350 10568 4726
4951 8499 4726 10569 2515 22 4112 8062 5917 2500
4952 10570 9831 10571 3278 10572 6755 4726 3141 8111 6835
4953 4798 4370 167 4726 2207
4954 7842 9216 4726 2339 2764 2448
4955 1492 2413 4726 7763 9219 2640 2216
4956 4726 4401 10573 10297 1523 3887 6437 7200 9071 10574 3916 4430 5765 2829 4776
4957 1501 684 1443 337 6547 4604 1579 36 4726 3318 1215 1218 6732 7407 573 8683 4180 1712
4958 4726 1268 183 4888 720 5742
4959 2163 4426 1810 5609 4726
4960 7955 1578 5452 10524 4726 9897 6518
4961 4726 5445 506 2870 257 5040 4254
4962 9626 4726 6673 9733 3210
4963 4726 4819 1354 1033 613 206 546 465 413 9774 9583 6406 9322 8274 7624 4179 8273
4964 8193 5292 3082 1602 4726 584 3983 10090
4965 4726 3602 10575 4555 6957
4966 2629 59 3650 941 1624 9389 5501 4143 519
4967 2581 2600 6264 5324 8164 2629 8728
4968 8421 100 2629 10576 9600 9485
4969 5096 3924 2161 1003 1857 951 1200 4090 10229
4970 7858 2663 3924 5194 3080
4971 3924 4859 2011 3032 7168
4972 3924 5222 10577 2802 7938
4973 3924 4203 7458 8072 10578 10579 10580 8855
4974 3924 6695 1602 361 8668 2215
4975 10547 6352 2999 6885 2778 3924 5654 6026 5435
4976 74 1615 250 1299 1747 152 3921 8924 10346 10581 1316 6897 6400 2349 2343 1388 10140
4977 645 6400 4262 4757 4289 975 10377 601 10582 7789 7710 578 5961 9292 7709 1477 3376 629 30 2713 10583 4514 308 3260 843 10433
4978 10391 6400 5070 5080 9110
4979 1048 10346 7666 5522 6400 2349 2345 8216 330 10584 10585
4980 6400 2363 8370 10586 10568
4981 2343 6312 4904 10587 10584 2837 3726 4530
4982 9610 2343 263 2101 5418 1061 4954
4983 7664 1746 2343 10586 10588
4984 6937 10589 10590 8273 7404 2343 8926 2364 10346 2349 2361
4985 4411 56 5081 9678 5109 2876 112 317 7823 468 115 2834 5054 6656 517 717 6632 3198 8553 1669 544 345 5148 5443 470 5739 4303 8199 9231 1872 8509 8676 10591 8000 422 9494 6634 10592 10593 8186 2343 4406 7665 10594
4986 4406 3997 8977 2350 5109 258
4987 5805 5488 7061 129 2840 1581 6797 4406 2358 8347 10595 10596 10502
4988 3333 3931 3879 4406 1606
4989 6093 5845 386 3871 4406 2358 7664 3124
4990 55 5096 5367 4648 10597 4406 2754 8924 9110 8216 2364 1725 1719 1450
4991 4406 3229 4473 2361 4472 4468
4992 4406 8202 8924 2349 7666 2361 2345 4405 9110 10586 10104
4993 4406 10598 8672 7622 4333 3871 3993 5413
4994 485 524 8468 8795 10360 9469 6357 5379 1092 7374 8201 9344 4406 6078 8857
4995 4088 4406 2565 4279 6281 3623
4996 6180 4406 8276 2361 9110 3124
4997 5799 526 6327 791 9148 2546 717 10595
4998 142 9380 1904 7800 2478 4939 5641 5799 2630 867 4853 9023 417 5373 5161 9156 3455 1028 1340 1269 1031 2562 1450 1642 921 1351 994 5460 1455 1136 1381 1615 4589 854 1207 2933 1072 601 2548 1108 659 3318 3354 1119 1629 5888 1039 1385 5282 5283 4238 1007 3827 3249 7475 1810 2982 1080 9374 10599 1292 1085 1438 1713 5901 1605 5030 6530 361 10600 1318 4887 1387 1388 1228 4588
4999 8306 5799 8002 10507 1649 8101 6099 9478 8643
5000 5897 5361 485 5799 1904 6604 8130 885 82 863 9519 9369 7328 3950 4811
5001 5308 896 84 5574 892 346 423 2442 1095 3746 6285 9796
5002 5308 6102 450 477 9806 9439 10601
5003 588 10423 5308 6326 2590 10602 644 8010 969 109 7787 9089 676
5004 5639 1081 5450 4175 5308 9440
5005 10385 9397 10603 5308 3761 10604 9666 7029 974
5006 4948 4223 4210 4950 5308 10603
5007 7151 4095 9021 3228 8354 494 722 4359 3209 103 3755 9135 1764 9299 96 9397 5554 2954 10605 10606
5008 8077 3455 310 4431 656 10607
5009 5481 8077 8387 7852 8700 7403 10192 461 480 4051 512 2608
5010 8077 514 176 4517 10608 923 3730 10609
5011 8077 179 899 2292 10259
5012 8411 2741 2520 8077 5167
5013 5574 8134 8077 8363 10610 308 9665 5912
5014 3455 6099 9333 13 6681 9321
5015 485 10611 4102 2959 9135 5481 3455 174 150 5070 5077
5016 3455 514 4517 8667 10612 1980 10289
5017 26 5202 3203 588 40 5966 9382 2291 860 894 3455 176 175 2653 179 3561 2268 2262 215 6226 791 310 5481
5018 3455 899 7324 6099 7499 10438
5019 3455 10613 1997 6482 255
5020 3455 5 5445 4217 2111 9338 2969 909 5623
5021 4095 3455 7001 10614 9930 10268 5120 2406 603 4842 5287 7848 2736 10615 4131 3742 1895 5262 7547 6241 6324 4385 6152 3882 5806 2596 7367 6903 175 3300 176 6594 5928 7189 10616 4793
5022 8510 4081 3455 175 7149 5258 489
5023 4505 7910 8961 4886 3238
5024 8961 866 5698 541 1779 1048 5807 914 6965
5025 4913 8961 2291 2268 6538 10617 215 10618 10103 6090 10619 10620 4022 10325 4336 100 943 7884
5026 506 860 34 3687 7064 10003 467 8961 4073
5027 4541 4417 2359 3079 901
5028 7381 2359 142 2971 3986 4629 4627 1765 27
5029 6817 1354 2586 3984 8502 7639 2359 3311
5030 2359 5352 6541 8868 6367 4687 6136 4165 4182 1965 1326 8983
5031 4567 10170 26 2359 6963
5032 9733 2359 2216 10397 10554 9815
5033 108 450 404 2253 2359
5034 2359 6432 3424 9255 724 4825
5035 2359 16 51 2303 149
5036 5905 510 4145 10524 1118
5037 484 1727 5771 3153 10621 2877 5905 7778 247 6775 2267 1979 4088 5409 9147 5418 4795
5038 6790 3392 529 9539 8861 9544 5905
5039 4000 8756 5261 5502 5905
5040 4942 185 10622 5905 9788 4144 8223
5041 2982 10623 6202 10225 8688 5758
5042 1718 4715 6495 198 994 2459 6115 3118 5758 1280 1134 4704 1136 3893 1352 1551 601 1413 1007 4594 1019 1023 1169 2934 1046 5530 1436 1364 1438
5043 5758 10146 7960 6757 9210
5044 5758 153 3416 9700 7762
5045 5954 6135 6903 5758 285 8971 8223 6796 10624 8869 980 491 1383
5046 5758 7276 153 7038 1006
5047 6495 509 3243 5758 7848 211 470 10625
5048 5758 3310 153 7956 3893
5049 127 7785 6078 8974 10626 5758 385
5050 10627 2913 2877 10628 9449
5051 10627 9526 9382 9761 480 13 3949 1150 10629
5052 10627 3197 522 10630 9310 1137 10286 9613
5053 179 174 10627 909 599
5054 6490 491 397 8857 3502 10627
5055 10627 174 355 1322 6217 8988
5056 3673 6956 10627 5380 6227
5057 1451 3197 6809 748 4469 8949 10627 3861 4132 10631
5058 514 9994 5154 9859 255
5059 514 3631 4042 10632 4008 690 10633 5821 10634
5060 1340 514 5698 4083 4847
5061 3193 5804 3209 4297 7201 514 174 7936 5162 10635 3818
5062 514 7430 6629 5482 9130 3398
5063 3361 3372 10636 6354 2274 7885 514
5064 2643 6749 1253 1124 2562 1339 3893 3315 6860 601 4521 1354 4594 514 1745 6227 8410 5774 1492 7669 2101
5065 514 456 174 521 4217
5066 937 7897 2932 10637 514 4235 2416 9333 2961 522 7848 7745 1421 4654 1413 2554
5067 514 176 4904 10473 385 174 6556 6903 489 446 467 490 448 2834
5068 5462 5933 8962 470 4082 2584 6632 2877 1586 514 4248 4845 4227 4081 9591
5069 5242 514 176 179 174 5147 8084 4319 6196 7321 3945
5070 3745 7459 6931 514 3658 91
5071 6428 8864 91 6286 1036 1508 514 4066 2913 6039 2425 2413 3934 3725 3293 8001
5072 7916 514 6502 290 918 310 10638 1408 9321 10639 9926
5073 4670 7780 514 7339 7088 6964
5074 5445 5113 514 179 174
5075 4728 514 4359 174 7492 4217 10640 4213 7101 8199
5076 514 490 3693 2228 769 10641
5077 514 5140 383 2636 234
5078 4948 544 1666 514 5910 522 8019 4265
5079 514 4290 7817 2650 131 6101 10642
5080 3465 8614 514 5698 969
5081 3613 4293 514 174 3385 17
5082 5127 4408 3986 10643 6102 514 522
5083 8503 867 3468 3755 8041 514 523 9987 423 2843 5053 5148 26 9774 4935 50 10644 732 201 7916 8718 9322 7294 7354 9822
5084 514 8610 5980 179 174 403 4175 4497
5085 1355 5127 9869 9506 10645 4022 1118 514 179 174
5086 514 897 10166 5557 2553
5087 8770 4200 4393 8739 275 9623 514 7200 2398
5088 10240 3799 7516 910 10646 3371 396 940 514
5089 8715 10644 9702 721 8368 734 733 234 3198 724 663 514 3537
5090 4367 9608 26 869 514 7785 8201 4217 512 150 845 2673
5091 4940 5641 514 7850 6126 2572
5092 514 3615 3833 7516 10626 9333 4348 385 4954 179 10647 3589 174 4205 4983 2941 7362
5093 813 4144 52 4249 3043 789 2241 400 5788 536 2025 7751 7056 143 466 3541 5945 4394 7334 596 9192 2516 6365
5094 7751 517 6632 9701 5980 4313
5095 7751 1499 2336 6308 5109 9868 8233
5096 8190 6063 6147 7751 7569
5097 185 4946 4942 4696 10648 7310 7048 7751
5098 587 7751 694 4413 544
5099 9345 6325 10418 9334 7751
5100 9225 5641 6994 4740 10649 5713
5101 9225 2478 142 8638 7641
5102 9225 7443 6162 10650 10651 10652 6345 318 3337
5103 9225 2601 6289 6290 4495 2623
5104 5897 7860 2581 2478 872 5368 55 5331 5382 1904 8031 9225 5179 7593 8452 787
5105 9225 8432 8722 8435 6665 8429 2522 4658 82 3307 436 48 5204 2653 941 10653
5106 2581 8035 10654 1625 93
5107 8035 9874 8028 2739 2741 5361 7279 8433 142 5383
5108 8035 5075 827 1728 6540 10057 1261
5109 8035 2739 8966 4914 139 9626
5110 8035 7306 5179 7840 5382 2478
5111 8035 477 1128 2199 1237 847 1280 1239 1136 1193 5392 1103 4593 957 1431 1212 1413 1041 1160 793 1654 5857 1007 4600 2060 4594 1019 2730 656 1500 777 1222 1114 265 1605 4602 1940
5112 6659 8035 4565 8181 5361 8054 7863 4854 10394 2741
5113 2533 9564 3567 5145 496 2832 8851 2508 3674 9879
5114 2260 2256 8755 440 2533 10655
5115 2533 3113 10656 3588 3670
5116 2533 5779 9365 10200 6227
5117 4481 5761 4795 2533 6458 842
5118 2533 9602 7587 6885 5503
5119 4408 1155 1271 1450 1565 4706 8079 1355 2533 2818
5120 708 4242 7744 4935 2533
5121 8537 5945 4411 7316 9589 2533 658 5452
5122 4229 3589 346 7064 211 6437 2254
5123 6212 3155 6243 797 3589 3465 6588 3807
5124 8188 868 2262 648 10657 10014 4118
5125 10658 8188 3457 6514 403 5715 490
5126 10659 8188 176 175 6572 2424
5127 8188 6041 10660 4217 8210
5128 9234 5735 6530 4565 8188 7829 6622
5129 693 8188 10661 6464 3190 3320
5130 5254 10662 108 6571 10663 8188 10664 1592
5131 8188 5698 8998 6340 467 8689
5132 1347 511 1906 4921 3771 3225 1482 10665 4835 7548 1759 6246 3031
5133 5057 4210 5501 108 544 1482 8782 2653 5574
5134 3974 8804 1482 7071 913 505 475 1629 543
5135 1482 4529 7785 6340 4167 6670 7700 2877 812
5136 10666 8676 5767 2833 6195 7414 10667 7828 10668
5137 1904 7277 10666 7090 1481 1101 1406 1100 931 333 1679 829 1064 4350 265 1288 1172 1323 1121 1747 988 1224 5831
5138 10666 113 7473 6743 330 7191 5229 7401
5139 10666 3451 1542 2647 3453 4770 6009 6002 10669 10670 10671 7157 10672 1448 6007 6006 6008 6010 6004 4625 6003 10673 10674 10675 5008 10676 10677 10678 1396 4636 10679 7159 6012 6018 6017 6016 4635 10680 9111 4774 7154 7156 6027 6025 4220 8380 2938 4221
5140 10666 4110 7057 5268 9592
5141 4035 4287 8345 7470 4113 10017 10263
5142 793 4287 9997 472 2941 3149 223 1307 4574 9993 8447
5143 3425 3765 8273 4287 4518 3960 9460 8195
5144 7247 2562 1346 4287 2634 401 10681 10682 943
5145 7570 4436 8539 4287 8929 3848 9475 4029 9130 5304 7749 3983
5146 472 2513 4287 4192 257 4494 10281
5147 3289 10683 6740 4287 189 792 5196
5148 4287 87 10684 4051 7683 7470 8332 9542
5149 4287 638 10685 472 2012
5150 4287 674 7356 9226 723
5151 3558 6554 5143 5746 4287 4132 4050 8651 4051 10686
5152 9764 4287 4495 4334 9938 4280 7490 10260 10333 1182 1257 6837
5153 4367 4287 9997 5745 7353
5154 4287 7823 5148 674 638 9997 7356 3431 9938 8956
5155 220 6313 588 7589 7331 8252 4002 453 870 5421 4287 9375 9993 6146 1576 6792
5156 4287 5007 472 10110 10165 8157 3313
5157 4287 450 3888 3197 189 440 3931 5268 7027 4786
5158 4287 113 1979 5871 919 7210
5159 446 3206 6312 10687 6746 4287 7356 9970
5160 1051 338 199 1381 1594 410 1064 724 1408 155 1034 806 1552 1033 613 5742 3401 1037 48 9104 783 6406 10 111 8716 499 6737 1689 7377 8274 1159 3318 793 160 1287 224 1011 2671 1184 228 3869 981 1084 489 8006 5718 5082 9938 9970 7356 4287 4362 474 1160 7362 10688 6818 1176 231 13 2588 1224 2555 1564 9008 4050 10689 7764 4041 10148 868 3561 4370 4348 894 2173 6572 4862
5161 188 9779 1249 7062 59 873 3194 9640 2513 8389 4287 9993 3728 9955 3154 624 2267 1124 1516 10667 10442 7355 3213 1274 2532 3887 9579 6311 6147 9320 531 3307 870 1449 6056 7566 5493 1518 911 1132 4411 5186 9440 10690 1381 936 1501 939 410 1738 1621 1519 955 613 562 480 806 1283 956 1689 5209 793 1460 7741 414 1487 250 1020 3039 222 1166 1363 1711 813 816 818 425 424 1402 3962 4043 2464 4671 1439 4724 5859 1115 1116 1635
5162 9639 4287 7002 1782 472 343 450 1308 2515 2211 10691 1185 4290 3184 4717 2817 2798 2293 361 10480 10692
5163 4287 4203 6365 7496 495 7179
5164 2516 143 1765 450 7726
5165 1529 6455 1765 10604 628
5166 10206 8087 6602 1765 6672 1253 1523 899 3778 2057 1029 8918 1130 5648 9079 3911 1612 5029 932 5837 4398 3291 5654 1309 10086 3264 6089 8928 8094 1512 1114 5861 989 3174 6759 1466 1115
5167 5080 10693 6961 2215 8538 2590 63 3042 1765 5739
5168 1765 523 3042 5165 4244
5169 5445 4297 6816 466 1765 81 4957 143 539 402 2516 99 98 4745 541 4986 5257 4211 3200 10694 5394 6072
5170 1765 9023 26 7886 8353
5171 6541 1765 285 4366 7296
5172 1442 1765 1421 6357 1385
5173 10562 10695 536 1765 7166 8289
5174 1765 9490 8197 1505 732 8177
5175 6675 6450 475 7820 8274 1765 1529 3372
5176 1765 139 7166 3319 1428
5177 1765 10079 10158 9670 10696
5178 115 6546 5514 10533 7845 3952 6040 1873 1765 7101 7030
5179 1904 10697 4414 684 1765 6072
5180 1765 1048 4352 10698 2743 9681 2638 7028 6266
5181 1765 3042 7166 196 5273 1895
5182 5323 662 1765 752 685 334
5183 1765 10699 2287 9279 1997 7648 9883 211
5184 9009 4242 6785 4821 6184 9119 9142 6745 5788 4365 10700 3390 7874 3400 6078 1765 4745 6787 1632
5185 4132 718 1765 589 2434
5186 5126 1765 7775 9084 1902 3999 858 6226 1315 10701 2059
5187 1765 1607 7774 9169 7039 10242 2840 9366
5188 2863 185 1765 10702 6197
5189 3039 4417 8684 9364 4280 6588 4246 8844 457 1765 1529 674 3967 2851 4431
5190 2598 1765 4266 10457 9229
5191 1765 6441 174 10703 4088 9589 8948
5192 1765 1904 6093 10704 6546 7179 4313 17
5193 1765 7466 1474 4219 5771 3692 4851 9130
5194 1765 457 587 307 7207 6180 3968 1307 4843 764
5195 1765 7166 4764 1062 279
5196 1765 3042 1376 10003 9404 581 2853
5197 1765 9124 8134 7534 8100
5198 48 8842 7013 1771 685 524 1765
5199 1765 417 318 5718 3668 7872 3704 373
5200 1765 1123 346 4041 5295
5201 1765 456 4885 401 8955 2851
5202 1765 7786 1341 307 1529
5203 1765 4203 638 8676 132
5204 9230 1249 1529 8969 5496 2526 4929 9387 10705 95 2855 3926 8289 3862 3709 5766 933 462 381 5737
5205 3807 8184 1529 456 8630 7281 5007 4949 189 3568
5206 10541 4914 1529 1754 5025 5031 6430
5207 1529 3614 2241 4022 470
5208 1529 3720 9455 2262 1315 7432 4228 9183
5209 10224 10706 1529 213 3895 10511 3532 3257 1413 4813 64 4892
5210 2836 1095 8055 350 1529 573 755 415 1489 132
5211 5319 9267 3880 3269 3786 8277 9863 6820 2543 9043 718 4038 8397 10707 8876 2826
5212 507 890 7603 8329 1471 6367 7307
5213 2713 1530 7980 7307 8
5214 7800 115 7306 7462 1734 8289 467
5215 7462 7312 6194 3322 442
5216 7462 170 5382 9877 3186 2593 10708 994 1502 684 7833 6547 158 698 1042 9663 3201 1704 10709
5217 6981 7462 8372 3746 6572
5218 6641 3391 4088 3440 5057 8561 10667 3978 7462 554 624 4408 3833 497
5219 4340 3158 2211 332 4673 7651 7531 7462
5220 4382 3017 2652 7148 6437
5221 4382 8787 995 4608 1075 839 1023
5222 5566 4382 10710 2877 1286 2440 1585
5223 4382 3228 1664 4289 7775 5902
5224 549 4382 2242 5958 909 3084 3300 6249 5243 7828 4249
5225 3959 6252 5882 7196 7623 5463 9666 6455 3737 3761 5313 10711 10712 10054 10713
5226 467 7651 10714 7196 10355
5227 3761 6106 9469 10715 110 8224 9737 7196
5228 28 4328 6600 7196 4323
5229 10716 5148 3085 2623 2634 7196 912 409 1128 1382 5882 1140 9299 2569
5230 3858 3311 1182 969 7196 4280
5231 417 3538 2292 896 10717 3380
5232 7640 4904 10718 896 4019 53
5233 74 55 3997 342 896
5234 896 4019 176 4639 938
5235 8386 3949 896 2835 677 53 1530 870
5236 8247 8856 504 9388 896
5237 472 6555 896 3636 3620
5238 896 175 3372 4083 1189 22 3858 10304 3387 1161
5239 4019 6203 10719 896 7733 3791 4915 4841 3894
5240 896 4040 112 4207 6534
5241 48 1777 3209 10720 896 9682
5242 2260 7317 4547 896 396
5243 2478 896 2313 1450 12 8446
5244 4083 896 676 1727 4251
5245 80 3697 48 81 896
5246 896 519 2805 468 684 3964
5247 7397 3561 9971 3754 896 70
5248 2839 3314 4681 3095 896
5249 3820 7972 1180 4280 3664 3583 1191 552 1483 7811 896
5250 10721 10722 3564 5404 9218 4492 1901 896 677 1980
5251 4222 4255 812 4407 896 257
5252 7458 3262 7003 896 2988 10723 10724
5253 896 4019 2398 7982 7587 9699 1245 10725
5254 896 7337 5429 9829 250
5255 9488 427 10726 6063 3465 5083 9334 5165 9839 31 6865 6102 1410
5256 2351 5287 10727 7760 31
5257 31 7686 6967 5046 40 54
5258 31 1508 40 8706 401 10728
5259 866 7731 4949 5113 6571 31 6441 3371 495 1355 9165 7150 662
5260 31 307 2021 8591 1243 3798 687 858
5261 9414 7151 31 2457 10729
5262 9207 31 513 3819 9592
5263 31 176 175 40 865 48
5264 6328 7446 31 10717 9646 6956
5265 3578 2718 31 42 1370 1709 6410 5113
5266 467 31 1090 689 2543 10697 8372
5267 3574 7485 8690 892 3773 10137 31
5268 31 10730 8774 8001 3990 10208 543 1738 2259 6546 4821 10731 5404 10732 4019 7563 5231
5269 2718 31 3763 9396 2913
5270 9867 31 2773 3491 7186 175 401 10522 6541 3833 10624 2272 7775 9002 508
5271 54 3976 7531 4164 3322
5272 3307 8215 3322 4737 4024 5773
5273 124 10733 6661 6752 3917 6644 2836 663 8390 7698 2309 9778 812 7054 8298 8607 460 4226 3497 5938 4374 6592 3489 3376 3358 366 3296 6346 7703 309 5718 3755 3322 632 8689 10734 2802 10253 7611 7372 3860 7065 2444 4228 5759 7029 10735 4622 4729 4139 9168 9870 8624 3999 8209
5274 3322 1602 3008 4398 2677
5275 4938 1904 867 7832 3688 3322
5276 6276 1650 10302 3322 2210 3315
5277 3322 1573 22 9888 4364
5278 89 101 3322 378 3036
5279 5782 4681 633 4683 504 3322 2298 10736
5280 506 3322 9734 3524 3485
5281 185 7584 3322 4758 534 2961 7698 2510 9930 5504 4926
5282 706 4738 8310 2501 4170 2300 6283 5295 10737 2221 9898 1719 6631 7842 1328 2457 4570 3829 3610 2463 2820 4005 3322 7361 5762 531 191 10599 6368 10738 10568 5561
5283 1419 4369 1660 3302 3322 10714 4088 1448
5284 4069 3322 7844 4966 7604 28 5496 6545
5285 3322 8372 3573 5737 2589
5286 6415 6321 3322 2715 5680
5287 9725 3415 6620 3322 8971
5288 3322 136 2435 373 4795
5289 3967 1447 3322 1640 2794 7813 6572 3391 372 9168 7770 10344 361 2573 3017 10292
5290 9777 3322 4255 318 5379 6221 4088 372 6396
5291 2796 5519 4168 812 3322 3104
5292 3472 6499 1447 2296 2298 4164
5293 7328 2296 3017 7478 3104 115 876 6546 2530 3391
5294 8494 318 6493 4368 1123 9159 2065 1602 9323 8945 8457
5295 8494 1829 7624 6330 2933
5296 6987 9166 3652 7487 9080 853 1326 955 1707 353 181 10739 1314 152 3183 2934 9160 1184 4904 7107 8494 1436 1114 6381
5297 531 624 1130 28 4233 8494 629 7753 5907 4890
5298 8995 7278 417 1347 4738 1775
5299 7416 4738 8573 3861 10740 4190 2783 4067 7299 3619 2569
5300 3304 8621 8365 7891 4738 919 10741 4723 9704 4860
5301 3615 5007 4738 5806 8861 2528 9317 741 843
5302 340 4738 5159 3091 7993 10421
5303 3026 3177 2638 4254 3381 51
5304 3381 2960 9120 4181 2613 100 5186 10742 684 4438 3039
5305 3307 10743 1442 3381 3861 5663 8446 5426 10094 10277
5306 3381 2969 1526 4571 3570 9584 3803 9585 10744 10296 5312
5307 3568 4428 3381 2961 9587 10276 10349 10745 6138 8945 8457 4560
5308 3381 3764 7753 9988 4815 866
5309 573 42 884 3697 10746 43
5310 868 42 9572 7585 58 3299 8060 696
5311 867 475 8849 42 6487 4132 3755 9537 363
5312 8644 3048 42 43 397 10529
5313 1082 5501 3039 43 42 10499
5314 4417 6146 42 600 8448
5315 42 3372 6410 9574 625 463
5316 452 42 10562 4431 221
5317 2913 1607 6885 42 132 9961 40 9381 9614 9468 10747 7577 385 489 22 5575
5318 3619 10063 3728 42 361
5319 2721 43 10748 866 8689
5320 43 7753 3438 470 9494 10749
5321 128 685 8718 10750 9702 8249 7785 8025 22 517 43 470 6816
5322 81 80 3571 455 8573 4605 8332
5323 193 1270 1155 8863 6654 1410 8573 6311 5652
5324 3832 1340 1153 1804 2326 1469 5889
5325 3832 539 8451 8006 1011 5244 10751
5326 513 3832 10598 9036 748 9990 10752
5327 6865 146 2383 147 3832 148 748 6862 8419
5328 3832 674 6368 3952 6968 439 9226 5892 9127
5329 5740 645 396 4204 3832 10753 6213
5330 196 3832 3668 8276 3363 10754
5331 705 3832 179 7785 10755 62 4707 10681 5745
5332 1904 3832 6368 7490 8720 6809 5914 2974 716 513 3145 4903 4297
5333 3481 921 8632 3264 519 440 2557 5242 8354 8319 3114 10756
5334 8632 7969 893 7864 1354 10757
5335 8632 792 7352 829 3197 189
5336 8632 4518 10758 4509 7356 8540 9308
5337 4746 4853 4854 4518 1541
5338 4509 7356 8540 4518 4202 10758 8055 10759 718
5339 4518 4202 4564 8837 6227
5340 4518 638 3299 5955 9706
5341 4518 6432 5454 5299 7353 8729
5342 573 26 865 1909 460 446 7570 1904 4518 4533 1355
5343 8432 6328 5070 4518 1904 9617 5077 10760 2970
5344 9267 8075 1271 4396 2534 4518 920 4622 994 1255 1736 996 1526 10086 411 1071 6756 1073 1708 1074 4578 5797 1397 3406 6699 6774 1022 989
5345 354 6926 4518 4202 450 961
5346 4518 526 5965 7685 7683
5347 4518 7356 8540 5257 2258 6904 531 3710 348
5348 4202 3361 6673 3197 1539 6375 3371 4808
5349 4202 8056 3101 2338 3878
5350 10758 7597 3422 3237 10761 2801
5351 2684 4127 2546 4786 4035 9869 4294 10758 3404 3149
5352 10758 4509 4940 4096 10762 10692 2495 10763
5353 2451 497 9995 1707 899 4415 5779 9292 4394
5354 1853 899 5496 1600 8287 4131 927 5927 2577 1413 1961 5418 3309 1525 6775 834 3184 6650
5355 6120 4912 10054 7190 899 842
5356 4418 10505 1494 1157 1405 941 3902 1426 4339 6903 2689 1613 1555 1655 3 1172 899 3418
5357 873 9055 2755 3210 2529 899 2485 4044 10764 5280 101 5060 396 10765 338 1067
5358 2739 2478 5453 5072 2522 9375 899 7643 1282
5359 3029 2461 10766 3093 7811 2733 34 7468 7600 899 1782 5453 10704 3371 255 573 5095 4667 1669 26 2030 1351 6117 1421 552 6956 2589 2493 6986
5360 2314 899 7733 10499 751 7466
5361 5976 866 41 7723 797 899 56 8348 6664 813 6121
5362 4733 899 4143 10019 6040
5363 531 44 2543 953 9317 1648 405 1000 899 1012 817 3502
5364 5105 6785 2613 4802 899 3361 453
5365 2478 7279 8453 1089 7640 4770 8415 8375 899 5071 5202 10276 3259 2425 3101 3230 4389 591 2526 1155 6081 6314 196 1303 1725 1299 1184
5366 261 586 899 5618 2282
5367 899 436 7465 27 1149
5368 5697 525 80 1095 111 899 866 894 8562
5369 899 9518 6745 5240 7509
5370 2723 899 6254 512 10767 3650
5371 82 573 7738 3858 899
5372 899 423 736 5073 436 4410
5373 1576 51 10448 146 899 175 2282 6069 7105 2182 747 3864
5374 6659 8675 5363 9167 899 4437 307
5375 10073 10070 369 9697 5055 56 100 1410 397 4948 10768 364 6966 9175 3438 4819 624 733 734 8273 793 10769 9773 9893 899 7847 1472 7502 8364 309 7407 91 9008 4445 5517 8353 3808 4369 89 2171 2172 512 87 10179
5376 3830 5749 6329 10242 2416
5377 5263 1071 7347 3830 3282
5378 1508 5343 8329 2270 3830
5379 3830 9662 10035 10770 9856
5380 6988 3830 10083 4069 1735 1212
5381 8060 2037 2844 7728 3830 10129 10771 8490 3679 4466
5382 3830 5847 3625 4389 3898 3690 7927
5383 3830 2372 2303 128 1016 4857 8556
5384 6819 4389 6642 3830 2457
5385 3830 2354 6385 6607 500
5386 3830 4181 8238 1591 1285 10456 7691 10570 1359 765
5387 10772 3290 2691 7926 3830
5388 3830 6962 5035 5034 6957
5389 6339 8613 6727 3830 1727 2405
5390 3830 726 978 4857 6483 3554
5391 5847 2047 601 4986 12
5392 5847 3605 3227 2232 6238
5393 1782 10308 5847 10773 512
5394 2047 54 5847 9259 361 244 3151 2504
5395 8150 4122 4546 5847 2188 4927
5396 10774 1132 8792 4628 5847 3438 2752
5397 5847 6150 1447 7317 3438 339 1152 10532
5398 5847 3438 952 3681 1492
5399 5309 34 9135 8730 1869 10210 5007 2653 3813 7360 7500 5847 498 8231
5400 1696 5847 5365 318 6619 8174 10426 3857 7372
5401 9734 5624 4739 5847 2496
5402 1347 4168 5847 1447 3315 3562 2859 4499
5403 7627 1028 1340 1270 1544 3930 1495 10741 1723 1724 1108 2548 1386 4628 1080 5847
5404 5847 10613 10239 185 539 2799 9290 970
5405 2652 7742 5847 2354 1354 3130
5406 5847 5337 5981 491 6455 3737 6056 5408 9776
5407 423 360 1354 5847 2339
5408 5847 3652 3538 2593 1479 6271 2652 6490
5409 10775 9684 10776 10777 5847 2589 9366 6180 3710 3679 2434 5856 1144 4159
5410 6475 5847 5793 10778 4900 7026 10763 10779 3580 6572 9210 960
5411 5847 74 8846 6954 1203
5412 2379 4815 10 7276 8603 5919
5413 2457 6171 2556 9281 5418 7815 6775 2997 8986 7276
5414 7276 3356 5276 2430 3524
5415 5185 9156 7276 9270 7543 204 6118 261 3438 7974 2594 3175 2261 2031 5882
5416 9757 4666 9881 7385 342 4746 6225
5417 10525 4666 5092 3201 3204 8993 5312
5418 4666 787 2324 3389 8741
5419 4081 5947 8206 2392 1756 8238 5054 289
5420 5897 5382 55 8206 7744
5421 7636 8668 8206 2234 246
5422 6253 3642 8206 5555 7144
5423 8165 4746 2628 8036 4612 8325 8080
5424 1081 3521 3626 17 3669 5698
5425 9239 2173 3111 2855 10144 3626 7350 10199 318
5426 4368 3626 10 4815 6487 4069 1095 10780 88 9107
5427 3626 941 3628 3035 9323 3318
5428 3626 2951 8646 10781 3225 10195 8647 1354 448 2676 3777 6576 4088
5429 110 9093 1 10782 582 918 1451 10221 9441 8235 2031 3626 4254 1633
5430 9135 3195 3614 3626 3219 2523 30 3593 4394 7334
5431 3626 357 9782 2530 8311 4656 3802 6117 4325 6914 10783 6723 8109 4327 8265 4226 10784 2571 8816
5432 9827 2640 572 4183 9599 7829 7535 3967
5433 3491 6861 8869 4859 7825 7714 7992 3133 5682 5684 2640 2818 2872
5434 5720 7495 3264 5845 3698
5435 3698 7315 4407 4832 448 3858
5436 3698 7589 4859 524 9654 9653
5437 2256 5953 7920 3698 1315 10785
5438 1538 4236 3698 3647 9174
5439 3746 3698 10786 10787 10788
5440 3649 3698 10789 9469 7535
5441 3564 8139 3808 10790 6412 8009 6122 3140
5442 74 196 3564 7803 495 8558 3833 10591 7030 1410 8934 8392 8113 6849 7204
5443 3858 3564 2451 4166 1315
5444 2502 10791 3564 5343 10231 75 4363 5748
5445 3353 5287 4409 10512 3910 5243 526 9701 10792 8139 2390
5446 8139 3438 943 1182 3919
5447 8139 1557 3613 555 8777
5448 8139 5309 5564 7934 4267 6464
5449 176 7848 8139 6942 7075 6871 6983 6875
5450 6585 8139 5595 22 8469 8999 8724 4005
5451 1727 6583 8139 3808 5602 8971
5452 9296 10074 9295 9298 8139
5453 8139 3566 3502 3631 7179
5454 5610 10793 10794 3343 4340 2776 2012 2504 288 7021
5455 9377 5186 10795 10107 3343 2988 8928 3114 5420 969 1182 8062
5456 196 4166 2595 3330 6350 6956 3343
5457 1347 831 10796 10214 10797 1572 2870 10798 1666 674 3627 3463 2961 506 10799 4931 1257 7545 552 628 881 5206 1726 8918 7954 3343 351 3315 3829 4866 2501 2416 2457 1172 2500
5458 10487 7928 8571 7342 3343 3513 3969
5459 10800 271 3409 4806 244 3343 6403 8928 1000
5460 6745 3343 6865 1909 3615 718 9351 48 8404 932 5757 9731
5461 6975 850 7767 1681 212 4350 1385 817 1749 1317 1592 2494 1226
5462 5228 5089 8121 1904 7016 6975
5463 6975 7317 9695 2056 1354 10424
5464 6975 2379 8559 7455 7734
5465 4394 3903 8414 10294 2388 5502 10166 3859 6975
5466 10668 5337 6975 3797 3517 7938 3320
5467 9021 4638 2829 4776 236 1164
5468 3186 10801 4678 6679 8702 8375 10155 8415 3104 1784 4761 9688 5853 6967 4198 3829 2045 7528 10802 8021 4608 932 1240 3963 9021 7702 1016 2044 10803 2047 154 2289 10804 10312 5688 4188 1133 4778 9097 6310 1141 1233 1142 382 159 10805 1433 1259 841 167 1258 1057 1314 4641 970 1184 1173 165 1079 1563 166 1165 836 837 1436 3868 6779 1712 989 1225 2494 846
5469 17 4043 10806 9021 7753 536 183 373 1275
5470 5220 13 5890 9021 2959
5471 6874 4711 9021 3409 7068 1034 8791 5222
5472 5179 8452 6665 2478 2581 5182
5473 5182 142 4853 5375 5383 7411 9751
5474 5361 6665 8028 5324 5179 6264 7840 2478 8433 5182
5475 3923 2913 2528 4095 7594
5476 7186 8562 2266 5257 3923
5477 8754 453 3923 110 1472 286 7786 6966 73
5478 440 88 3923 2081 3954 30 5211 3210 5513 262 2294 2644
5479 3923 3166 257 3491 3597
5480 3194 1607 4059 3923 10019
5481 2713 2513 9058 3923 1447 5953
5482 539 5484 10807 793 5575 3923 792 509
5483 27 5967 463 3923 3166
5484 55 6187 3923 5634 2723 1810 5054
5485 4746 3923 8429 8991 868
5486 746 3923 5446 7452 10138 4431 34 3085 10808 1843 4594 10809
5487 7361 8675 3923 648 3166 14
5488 40 108 9238 10097 3923 2390
5489 10561 2841 8292 4284 3923
5490 10810 3923 10811 1706 6175
5491 3923 7501 10812 2511 2045
5492 10210 385 3605 3358 7568 4175 3858 4729 6078 516 5408 1182 3829 4162 7002 279 509
5493 934 4015 5408 7002 5145 2303 2228
5494 6731 5848 196 7002 1449 395 1452 940 10086 1413 1120 1373
5495 10344 935 10267 10813 8413 5251 4686 3912 46 7002 176
5496 8214 3466 1280 3893 1137 4555 1703 1391 8999 2061 1416 4911
5497 3640 196 8214 2304 5680 6337 3315
5498 591 4920 506 7261 1354 257 4088 8214 8213 3568 10656
5499 1436 3017 6910 6227 8214
5500 8214 257 3931 318 6995
5501 8214 10273 5427 4995 3988 4527 8302 8346 3135
5502 4557 9213 10069 10814 10815 10816 10817 7232 7106 7450 10818 10819 5659 10820 10821 10822 10823 10824 10825 5015 10826 10827 10828 10829 10830 10831 7293 10832 7609 5013 10833 10834 6166 10835 10836 10336 10837 7161 10838 10839 10840 10841 6028
5503 9213 3282 10842 6956 1354 2500
5504 51 9213 1838 4879 2143 7308 2430 1340
5505 9213 4481 9456 8562 5480
5506 9213 4422 10843 2053 5586 5570
5507 5509 2899 6679 6750 2617 8416 575 3122 10646 3922
5508 2356 5509 2721 2518 4489 10844 667
5509 4648 5509 9517 5384 9003
5510 5509 5641 2485 2628 4746 6109 5330 8681 10295 2748 2732 6760 9815 2954 3881 2651 1274 2326 7142 5457 3731 1548 1236 1129 6753 1049 4656 1014 4644 1336 7176 1133 1621 3893 1394 805 850 1716 1430 1320 4269 4593 1681 7767 1627 6756 10417 1329 1358 1075 1488 1654 1007 165 1849 5876 2552 1372 1259 2729 978 2934 1221 980 7094 1656 1086 5861 1317 1658 4032 989 1146 991 1467 6703 1228
5511 5381 8137 8326 5382 2581 2478 4938 7963 10394 82 8029
5512 3371 5729 8773 4002 1576 3214 8673 541 59 4416 23 6043 8504 5109 82 22 10845 2563 463 8111 1573 10846 8950 4471 261 7001
5513 6305 6231 8673 5293 32 3444 452
5514 3853 10847 556 7889 3167 6995 2761 8052 6627 3173 1906 10848 1901 1904 5120 8437 5169 5167 3657 8673
5515 26 7570 446 8673 888 8485
5516 8433 4369 8673 9479 2661
5517 586 1550 4360 8673 1895 6527 8778 1138
5518 8673 4388 318 9746 1160 1589 4623
5519 6665 1904 8673 5382 4659
5520 2564 4326 8363 3787 3438 4181 8181 27
5521 9675 497 8181 506 495 4488
5522 5376 8181 5322 4853 1206
5523 4746 8181 188 5376 2723 10849
5524 7627 8181 3481 827 3729 4180
5525 8181 4181 364 7427 9457
5526 798 4222 3920 626 8181
5527 8181 787 3026 1480 446 4387 29 4326
5528 1722 5361 8028 5367 4381 8029 2482 9033 7598 9272 4667 4853 7594 4611
5529 5390 5324 5897 5361 4667 4746 7962 170
5530 5897 8029 55 1205 5361 6665 8427 82 433 2520
5531 2739 2478 5361 4938 5382 6665 5386 5375 1904 282 5767 10279 3755 4816
5532 5361 4668 5382 5367 5375
5533 5361 9738 7306 1722 358
5534 5361 4658 8164 868 7277 2478 240
5535 5361 5365 6289 6709 9023
5536 5361 2581 2478 5368 4565 2582 5453
5537 5361 2739 5367 4567 5368 10850
5538 2600 5361 5382 10654 7712
5539 5382 8037 5368 2741 5361 2602
5540 5361 2741 9256 3026 862
5541 5361 8126 1182 969 5656
5542 5361 8028 5058 5367 1904
5543 7860 4746 7593 1205 8166 5361
5544 6665 2740 8164 7594 5361 2581 4668 6666 2741 9581 9371 4939 10851 4213 193 823 4575 23 2961 8843 1525 10852 1380 1738 3753 1002 4118 8237 10853 10321 3318 964 1586 1151 4599 3 755 382 221 8863 6571 2552 1166 3921
5545 5361 5367 5368 4565 7277 5388 4746 9380 55 5382 5384
5546 5361 2478 7860 1904 5391
5547 5361 7593 2582 5106 7326 10491 8430 9680 8795 3532 9660
5548 5361 5058 7259 8437 3101
5549 5361 6264 5137 7644 8430
5550 2478 4380 5361 5368 7963 6665 1904 5641
5551 4809 5361 5382 5106 2478 2741 2583 1206 188
5552 2708 5361 2600 5382 8452 2478
5553 4565 5361 10491 9004 2741 436
5554 8164 2582 7962 5361 4746 8638 2292
5555 5361 2581 9874 5382 4658 8164 5095 9266
5556 8953 3647 4698 9786 3382
5557 10436 10854 10535 8050 3647
5558 1047 6428 7255 9026 4617 2623 3647
5559 3647 1447 2816 5762 257
5560 10855 6973 3647 4295 361
5561 6963 2842 413 9579 4709 4008 4435 3647
5562 6055 5115 3647 2284 3861 10856
5563 1667 5363 8134 1110 50 10693
5564 5363 4228 4139 8861 10857 9916 6517
5565 6439 2742 3905 8512 7740
5566 7411 7740 6714 3216 868
5567 4204 7740 6119 7419 7744
5568 5326 8992 7797 4204 8033 7740 6668 9177 6268 9158 7256
5569 8049 868 3571 186 189 64 7429 8280
5570 1840 50 8049 2063 5341 1909
5571 8049 5325 170 8096 4313
5572 5386 4809 3197 2256 1762 5767 3079
5573 1446 10858 888 545 5705 10859 4728 220 6392 8199
5574 1446 2739 2478 5453 1341 7651 8909 4750 9014 5455 2546 10739
5575 1446 3559 1028 3258 5832 2326 4622 1049 1279 1621 1615 2393 851 6758 1354 1626 159 1562 166 9730 2552 226 5889 3921 1747 2909 5479 1703 1168 814 1656 1388 5865
5576 10070 5667 2277 81 5186
5577 5667 4380 7277 7800 9258 5059
5578 5667 7317 512 4356 257 10860 10071
5579 5667 1545 2742 6396 127 4026 6518 7998 6134 2463
5580 5891 4796 5135 5667 8067 3111
5581 5667 1599 9781 685 2004 2586
5582 4319 34 5667 2923 8004 7321
5583 937 5667 8405 1090 3454 2536 581 1731 2453 4280
5584 111 2239 6493 5667 4175 9546
5585 26 5618 5667 106 6148 2237 5007 7558 8622 123 586 3219 5484 1550 6128
5586 3585 558 2653 10670 5667 831 381 3175 908
5587 5667 2875 4408 5238 5777 4832 5113
5588 4223 626 541 587 66 10742 8200 5667 4002 3967 10531 1182 969 236
5589 7306 3602 7895 4787 7099 9229
5590 5323 7598 2583 5329 6716 1810
5591 5323 6390 2258 5759 4228 7065
5592 7249 5382 2740 6665 5323 5641 10861 5038 10756
5593 5323 4806 3404 5073 186 8250 10862 10863 9313 2653 6327 448 7078 2577
5594 5478 2513 4131 10864 1188 5323 6534 2440 14
5595 6290 5383 3240 7259 5071 5323 9266
5596 5367 5323 9019 10354 7277
5597 5323 7801 7628 259 3792
5598 26 9385 55 4565 5323 477 191 3196 9617 9629 2630 9873 3264 3197 507 2713 8129 2850 10311 674 6864 736 345 3861 5129 8930 8126 6717 3482 8340 3153 6564 10865
5599 2478 4567 5322 5323 6291
5600 10858 10866 9863 5323 10096 400 8313
5601 3968 3922 10614 8555 40 4505 2511 4670 5212 5910 7634 685 4821 452
5602 4670 540 3026 5737 1123 80
5603 104 6963 4670 1904 8436
5604 4670 7393 4696 7069 750
5605 4670 385 93 4580 9788 9560 54 7059 4836 2241 888 4328 80 20 7844 3871 3870 4570 8845
5606 4670 4282 4368 3348 9940 5619 34 3437 3687 3273
5607 869 6657 10576 9598 5450 4670
5608 4670 2713 884 4043 9547 10867 10025 656 10868 6545 5464 3766
5609 4670 8141 7491 7548 176 779 7495 9510 6302 3558 10869 6300 6554 3264 524 5720 10193 8570 8519 6305
5610 4455 9495 2437 4280 4670
5611 104 4303 4670 10870 8731 5242 4051
5612 111 4670 188 541 318
5613 4670 4210 8002 6275 309 4222 10871 1872
5614 4670 8055 4073 5 3582 5737 8861 2959 9461
5615 994 2907 805 5510 5622 613 4670 9591 10291 1359 858 1045 1512 1402 1176 10872
5616 876 722 8149 3304 2862 5953 2243 4407 4670 10792 4089 520 141 2528 101 3761 9286 4794 7829 185 9995 3948
5617 4670 5161 8696 3372 3763 3702 9396
5618 3204 1376 4670 3228 6473 10873
5619 4670 3648 4547 6079 10874
5620 480 7271 4670 216 187
5621 4670 6522 2988 5790 10552
5622 95 9260 8512 4670 4700
5623 4670 475 2021 3216 10144 8953 6572
5624 4670 2741 10875 4746 6344 1385
5625 4670 8559 8675 10665 9799 10876
5626 6498 3147 8858 10866 4670 2439 10705 7348
5627 7313 115 4303 108 4670 8505 2280 10877 3670
5628 2739 5382 8452 8993 1204 4670 2582 10875
5629 4670 4428 9129 495 686
5630 1909 574 619 4670 4709
5631 2723 4670 4368 2242 3709 141
5632 3465 8428 10558 465 1620
5633 8839 5724 4385 3465 4181 9405 9625 10878
5634 3465 402 9043 629 7930 93 7368 544 9418 2543
5635 3465 6554 7189 222 724
5636 10164 7455 7884 5718 10879 783 10621 10880 696 2877 9929 4044 799 8431 842 5903 3157 2378 3175 8581 7021 5248 4954 1447 1188 674 6401 3866 467 5186 595 3692 3465
5637 4227 3465 3157 9573 4041 1282 8839 2459 1083
5638 6311 1576 3465 10881 3415
5639 3465 779 520 10522 10869 4052 10754 381 1607 2238
5640 7570 3465 4508 4132 3155 5131
5641 3465 367 3033 4012 8755
5642 6327 2567 402 3465 8676 317
5643 3465 5739 10450 515 5257 8160
5644 10882 1068 8245 3115 10233 9695 9612 7383 795 2557 3533 2562 3315 7004 9983 9989 2169 3829 10476 9990 5503 10883 10884 10555 2077 10885 10886 9740 10887 10722 6508 8561 10888 2079 8793 10827 10733 6295 3438 10889 10890 8605 8606 8604 10147 10229 10227 10721 10844 4969 2073 2075 10891 3746 3465 583 10105 5380 10892 10893 2090 2084 2092 2088 2089 7793 10230
5645 363 3465 7294 4002 23
5646 690 446 3465 470 1525 5484 9543 3198
5647 3465 10894 1506 10895 284 1137 5845 2587
5648 2433 3465 6340 348 5452 10529
5649 2584 9629 3465 590 2927 4852
5650 8609 2478 9558 26 541 10896 364 865 4416 8970 698 2434 10897 3465 5892
5651 8115 9179 4179 3305 9898 6406 3465 3746 6644 3941 1182 3020
5652 3603 554 7453 3465 614 764 3126
5653 4204 1904 1909 5280 1848 3465
5654 82 3465 1909 460 524 10898 2247 8937 8827 8938 6740 665 7979 9181 10899 5864
5655 3465 4095 3582 111 698 3204 3033 2868
5656 1805 10900 2065 3465 5242
5657 5498 3465 142 9772 400
5658 2198 3465 2877 5908 2291 10326
5659 10468 3611 2006 3465 8391 10901
5660 10221 8878 3465 9142 8611 8178
5661 3465 3746 20 1607 7416
5662 3465 10902 3746 7862 2567
5663 3465 10902 1391 3746 10903 10529
5664 7542 3465 7381 9839 6115 5460
5665 10407 3465 2256 2260 5393 8405
5666 2254 9291 485 480 8922 3465 4132 4508
5667 6040 3465 3746 578 7789
5668 1183 220 2553 2922 3465
5669 10308 4394 2601 3465 6789 3175
5670 10363 7179 3465 1600 7009 8154 1868
5671 4210 8054 26 3811 7570 2320 698 4297 365 3968 9058 2515 3465 1577 455 393 4144 2851 1589
5672 9269 497 4408 4205 5443 3465 10904 5111 369 2876 783 10905 10906 1293
5673 3465 2598 1447 8553 3245 3122
5674 3465 5845 4207 3016 2501
5675 3465 10902 4386 6933 9995 5218 10907 8999 10908 5302 9495
5676 8567 4746 4709 3465 318 433 4394
5677 3465 1480 3315 2840 2864 9495 5304
5678 3465 531 512 8174 10496 8189 755
5679 4143 1779 3083 462 3465 10107
5680 3465 888 1909 111 3792 4709 8716 6432 1979 10545 6937 1325 1064 665 6971 531 9950 7348
5681 10529 698 5476 3465 9774 7916 732
5682 6874 1723 3465 176 4235 7644 2724 326 9027 2616 6029 1837 4236 6250 2369
5683 3465 596 5307 6325 108
5684 708 4260 3465 5161 8363 5784 108 309 1518 7725 1401 892
5685 3465 3119 3746 2590 10909 10910
5686 548 3465 2021 113 9416 4466 1282 9925
5687 906 8977 7623 6616 10287
5688 7623 5464 5945 348 5882 10911 2228
5689 5607 10747 7490 5507 5606 4886 3238 2411 7623 5313 4144
5690 2739 5367 2741 6335 853 805 1118 2432 229 1025
5691 8993 2739 4237 9367 3879
5692 2739 2741 4091 5341 6520 553 9280 2595 2691 2664 10912
5693 4567 2739 5383 5641 5369 6209
5694 2739 2740 1924 1794 1277 2161 1340 949 1208 2192 2202 2667 1435 1512 1604 1316 1656 1333 2062
5695 2739 2581 1676 4888 6758 1195 1370 1040 2377 1299 1390 2730 1318
5696 2739 2626 6665 2478 8053 7797 8452 4567
5697 2739 55 5096 5382 5368 9123 6268 4659 7868 1904 8994 8056 5338 1494 2198 918 1450 409 556 5029 2202 949 1385 265 811 5840 983 1148 1564
5698 2739 7798 318 1840 2623 2695
5699 2739 4711 5571 5873 3947 295
5700 5559 7850 2739 6665 2478 2418 3708 6693 6691 8103
5701 2739 2581 6665 2741 5336
5702 2739 4223 2564 7930 10471
5703 82 2739 6665 2478 2741 4746
5704 2739 2741 10149 244 3670
5705 8458 2739 59 10352 2698
5706 2739 5369 8452 2478 2581 82 433 5106 5095 10350 3371 1274 1271 1124 1516 910 1117 395 333 1191 1677 6743 4573 1133 1135 2664 1594 2365 1018 1016 5797 1326 854 3893 1681 1651 1257 1211 2727 1041 9731 2982 2552 1084 7094 1316 1463 1294 1658 4724 4887
5707 2626 5641 55 9529 2583 2600 5373 5375 9357 7860
5708 2478 8053 2626 7696 10149
5709 2626 9783 2641 111 9001 5737
5710 2626 142 5096 2478 433 6713
5711 2626 6291 688 3205 5573 4961 541 7173
5712 6209 6667 4567 2626 5322 10288 8032
5713 5382 2655 2626 9266 326
5714 2626 8305 8306 1028 1340 9577
5715 2626 1904 8063 7919 3707 3838 396 10353
5716 2626 2582 9357 4093 7279
5717 5897 2581 2478 9581 9003 9880
5718 2741 9371 2581 2518 3368 4034
5719 4746 2581 5388 5072 26 3220 9481
5720 1089 10913 8130 2581 9125 861 9577 10849 6643
5721 2581 867 4132 6293 4367 8402 506 6356 326
5722 2581 1904 10525 1205 1341
5723 2581 6430 3137 7023 318 6213
5724 5382 5367 8164 2581 9266
5725 6659 2254 2581 82 276 2774 7601
5726 2581 6665 2478 2741 2583 7572 1028 7248 6987 10352 9009 208 1207 6756
5727 2581 6665 82 9385 2518
5728 2581 7485 7962 2356 5453 1341 867
5729 7248 2581 5383 2478 82 7696 8349
5730 2581 4614 9277 1647 9067
5731 2581 4565 7962 2741 5384 4746 9151
5732 2581 5382 2741 5384 4746 5072 7277 8054 7798
5733 28 93 1602 2581 2591
5734 5382 2581 6665 1904 55
5735 8452 7277 5106 2522 5096 8993 8453 8037 2581
5736 4368 2581 82 5453 3868
5737 2581 82 9629 59 8948 6516 5705 8428
5738 6712 2581 8993 8054 8461 6268 5399
5739 1904 9628 1341 2623 6208 4659 2581 8034
5740 2581 5368 5369 1904 55
5741 2581 4368 307 3858 3142
5742 5382 6665 5098 3415 6243 5566 1107
5743 6665 5382 4809 2478 7962 7595
5744 7863 8037 6665 8433 9019 82 8429 5072 5106 10491 9393 8031 2336 92
5745 4567 9266 6665 2478 1904
5746 7860 6665 7598 7277 5388
5747 6665 9369 3901 3323 9729 4925 571
5748 6665 6666 1206 5382 10914 1782 2628
5749 6665 2478 5375 2583 4565 2582 5453 573 5106 8674 82
5750 6665 8038 2478 5897 2741 867
5751 6665 5096 7797 1904 2741 2623 276 8130 9277 1720 170
5752 7277 573 82 9380 6665 5382 7863 8029
5753 2477 2478 4381 5382 4809 8433 5368 8137 6665 8432
5754 6665 8164 8029 8326 1204 2522 8137 7595 5897 1904 2741 867 1341 2066
5755 6665 4565 5453 4746 433 8038 5368
5756 7597 8051 5338 524 6127 2870 1716 6385
5757 4081 2590 3690 10915 10510 9943 8051
5758 8051 3576 4408 446 4407 871 9534 8199 81 10089 4394 8201
5759 6941 5586 8051 5445 3755 4006 6966
5760 3673 4821 1664 8051 2832
5761 8051 722 7393 10916 7024 1623 9547 646 5133 4385 7741 1460
5762 8051 2066 3812 10917 10918 6275 2841 4906 799 2241 3649 5044
5763 1754 2520 2357 2294 10424
5764 1754 1235 2324 1230 998 1233
5765 7862 6313 8712 1447 4495 7437 6241 8634 7236 6792 7823 674 7353
5766 8095 7862 7974 628 9271 4862
5767 10919 7862 5007 7557 2516 3669 10582 6405
5768 9604 8699 7862 740 7115 9777 999 9102 5257 2025 7761
5769 10124 5276 1245 10920 10518 10431 359 7862 3749 5131 7457 8402 796 7346 3153 9686 3981 10643
5770 5739 7862 8220 10227 7082
5771 7862 6408 3032 2658 4026
5772 7862 7570 187 1571 7993
5773 7862 2565 6472 10591 5117
5774 486 4175 176 7862 1506 4207
5775 701 9090 44 3003 3981 531 179 3954 423 174 186
5776 10628 3713 1909 460 701 703 1873 8570 1407 3398 3986 10905 446 5532
5777 701 8484 3686 350 489 684
5778 106 403 8833 10250 7568 340
5779 106 6670 110 862 4368 10437 9198
5780 446 1909 1355 106 5131
5781 9749 7964 106 5332 9517 9256 1248 5544 5848 232
5782 106 3083 7366 685 4037
5783 8327 60 96 912 1135 1381 849 1296 4580 1373 1120 8863 7311 1220 2729 2730 816 1749 4606
5784 6600 8076 10921 5658 60 1694 3630
5785 60 2021 7627 1518 5344 4238
5786 9726 176 385 5258 2508
5787 9726 9407 9419 747 2877 4320 9421
5788 874 193 2651 5457 1377 2057 1124 1157 4573 1570 1097 945 857 1337 9726 1320 3001 6352 7497 966 811 1402
5789 4073 10922 9726 1296 1619 1188 1656
5790 4617 7120 7149 4226 606 9705 2827
5791 4617 3596 3371 4205 4983 1591 3198
5792 82 5065 5330 8078 624 10913 4609 7505 5094 255 1904 2584
5793 5077 10423 3960 7505 4815 5454 7556
5794 7505 8386 9824 6748 2404
5795 7505 5391 531 10690 9080 5996
5796 9520 3917 7585 6644 1900 1321 4039
5797 80 5312 465 4293 3628 1900 9062 7949 10923
5798 1900 10232 3618 10924 5010 8113 10016 3648
5799 1900 3619 1794 3622 5408 3329
5800 7597 9393 5123 1343 1733 3467 9792
5801 8966 7570 889 8622 3202 10449 724 4431 8485 445 487
5802 8966 5111 8704 10141 6298 4310
5803 434 10222 8966 10476 10883 4990
5804 7962 8966 4093 5234 7463 8842 8246 5063 2222 2774 6818
5805 8966 4297 7919 6406 48
5806 5063 4829 523 5294 4133
5807 5399 5382 9874 5367 5369 5096
5808 5395 9874 2478 6604 5383 1421 3891 2562 998 938
5809 10925 6480 6481 2361 2364 10585
5810 262 6481 2360 8256 4896
5811 6312 6481 520 6655 4292 4490
5812 6659 2583 2478 8691 7598 9561 9369 7739 3242
5813 8691 8164 2600 8325 8990 1250
5814 1666 3166 8967 8881 9760
5815 1666 531 7854 5079 5355 423 706 6497 10926 9994 8168 6969 9968 2209 9846 9459
5816 7554 4737 470 1666 2829 4776 3300
5817 3566 50 1034 1666 183 2842 7062 9451
5818 10619 5189 1274 9033 10314 943 6439 7769 1666 4686 1494 2742 176 3857 10927 10574 3644 280 10928 2649 4325
5819 4807 87 3800 10929 6786 1666 4958 6241 4727 9162 10392
5820 1666 531 629 293 10930 4238 10485
5821 1666 7583 3315 4954 7890 6693
5822 9440 346 423 4297 1666 494 417 4948 10 4181
5823 6980 1666 341 8847 9288 612 1702 9988 10754 9061
5824 1666 3502 10247 9717 4088 2836
5825 1666 5007 2292 5 73
5826 1666 4948 10555 10931 10476 10884 9990 10886 6509 10932 10887 8565 10933
5827 10934 1666 5127 481 4412 402 4508
5828 5382 867 6538 6266 4088 6520 1666
5829 1666 5080 6327 1243 1874 5248
5830 4958 10935 5728 10862 9253 7911 3307 6819 5715 9797 3951 601 3793 1666 8600 3221 7443 9369 2285 9725 5186 2198 3415 5312 3861 912 336 7917 8431 4824 10692 10455
5831 6252 1666 354 450 7014
5832 3452 2171 7557 1666 2292
5833 1679 467 710 1666 9544 366 4798
5834 7829 573 52 8989 8126 2515
5835 7829 10131 662 9650 3363
5836 7829 5500 8070 4748 7728 9013 5731
5837 5075 7829 4467 7413 4468 2634
5838 9445 2100 7034 7829 8814
5839 6745 5240 3036 1066 7453 7829 1607 9695 9379 783 261
5840 3819 467 7829 6475 2870 6631 3632 5253
5841 26 402 354 8675 7263 7829 5698 3318
5842 5592 6367 6861 7829 524
5843 4339 2760 2021 7570 6445 93 4498 4292 3984 7829
5844 9445 2971 3226 955 7829 3860
5845 8633 5445 7829 457 2379
5846 10562 10807 174 733 7829 5488
5847 396 3300 7829 7753 4903
5848 4255 10895 48 618 3463 3092 454 798 440 3156 5450 7829 10131 596 3813 1082
5849 4069 8535 3034 3315 935 10209 7829 3857 8382
5850 916 3754 7829 5429 7473
5851 4906 7829 506 3819 470
5852 5094 7829 7753 6892 1511 7139 48 6080 1410 7136 10936 7364 10569 10025 9737 9656 5890 4348 10937 7223
5853 3197 7829 685 4407 3580 1897 3088
5854 176 866 7753 3166 7829 5640 8772
5855 5771 381 3391 2877 4795 10938 1066 7829 5586 3833 4972 1980 6316 5040
5856 8689 8007 4313 3803 6379 7829 7062 4626 7778 7509 10286 6054
5857 10939 5489 8154 10894 5234 524 8862 2510 5209 10044 10244 10879 8643 8512 4051 5981 4929 1665 535 10940 2592 8451 539 2961 7356 632 9835 7829 7 1492
5858 7757 7829 456 7200 3568 7845 521 2528 4348 632
5859 4678 10941 3472 6912 8661
5860 4678 9634 4077 1103 1381 1489 8317 1592
5861 10801 2288 2762 10368 4678 10312
5862 5457 2047 4188 4678 3289
5863 10942 10943 6906 2288 2047 4678 10944
5864 5344 3438 2834 5392 9778 755
5865 5344 1341 7101 339 3040
5866 5344 2391 4361 10945 2369 6810 2595
5867 5344 1607 9733 128 1413
5868 718 10245 2302 9716 6629
5869 48 10685 8219 2991 2302 112 696 2834 6904 9938 2564 6134 7449
5870 5226 8297 8079 5325 10946 2619
5871 6670 10947 110 9195 7559 3353 2243 7512 126 9236 8755 9546 2004 10847 6545 10948
5872 5369 573 8704 1285 6670 10243 4307 70 2940 1038 10949
5873 6670 9403 9951 3197 9294
5874 2082 6670 9546 3027 1054
5875 6670 8217 2772 10395 2797 10547 2913 6421 6923 6459 9812 9690 5790 2589
5876 6670 107 120 7091 9678
5877 3986 6670 2874 7512 8694 9946 9956 6040
5878 6670 9977 120 5268 4880 5291 3348 5255 364 54
5879 10950 6465 6670 2565 8614
5880 6670 9331 2228 5132 2435 2437 9084 7813 9083
5881 7653 120 6670 9977 7889
5882 6670 6131 5053 8885 8323
5883 6410 6670 6493 9640 120 9537 4226
5884 1904 4086 460 6670 3017 921 6241 4460
5885 6222 82 7496 5075 81 795 603 2241
5886 6222 9013 1838 5596 2652 3878 6191 7822 7742 7184
5887 4838 4391 1436 10951 10952 10953
5888 4838 467 1271 465 546
5889 7840 5844 867 9628 2518 2356 7640 7257 6127 278 2804 2641 7053
5890 9033 5844 8033 1028 201 601 8847 414 793 1359 811 5860 1559 1363 766 9101 1061 7979 675 7192 1591 1713 232 1940 4887 4585
5891 6264 8164 5444 290 6394
5892 6264 3264 1473 3754 3103 740 8878 1192
5893 6264 3796 6736 5772 802 9776 2886
5894 6264 6712 9354 5326 10149 1721
5895 4612 8088 5377 8032 6092 8166 9269
5896 1782 2520 9269 2628 3169
5897 4586 2623 2519 9269 8328 8064 6265 5898 5184 192 1028 1340 4954 5066 8340 10130 9680 8930 3482 196 3237 575 1677 4573 1255 2858 1014 1548 4704 1521 1241 848 720 1367 1527 1382 3825 5875 210 1106 5866 1628 9330 1006 1458 1373 1007 1169 5889 3163 1500 5858 1025 3868 2204 7094 1085 986 1058 1224 1464 2936 1228
5898 3876 3592 142 9287 2461
5899 4137 142 4511 509 2567 462
5900 485 5007 554 1574 3166 4407 142
5901 142 9519 1547 9376 9253
5902 142 3197 191 3218 5127 2553
5903 142 8638 4745 5249 7281 3229 2840 10954 2318 2954 861 5137 1270 4805 2326 196 1277 1572
5904 10194 142 143 792 2223
5905 142 5127 402 2516 143
5906 142 2853 10553 5643 10812 8611 746 5985 6866 10324 3546 7611
5907 6621 506 9646 142 27 3052
5908 142 3876 176 480 3093 4069
5909 5375 7594 4667 4809 142
5910 6805 1909 463 142 723 2444
5911 142 185 783 2565 4832
5912 80 82 5388 188 867 10955 4203 142 8611 6476 7430
5913 10189 1707 8073 7534 783 928 1583 728 1071 5480 316 5131 3148 2290 318 74 2874 4481 9507 4769 142 2877
5914 6325 1909 142 10956 497 22 1410
5915 2583 4746 9581 82 4565 2478 9019 507 8088 5338 2522 5739 4212 7598 8041 142
5916 133 5205 142 113 524
5917 142 658 2614 369 5495 4131
5918 7634 142 10727 8158 74 8153
5919 4242 142 318 2303 3035
5920 142 354 2516 143 8451
5921 142 7179 7363 4473 4471
5922 456 2392 4303 4217 5524 10309
5923 2837 10662 456 4217 6129
5924 4359 6830 456 5446 666 652
5925 2940 456 2545 7672 10414 10957 10958 8807
5926 456 7380 385 1700 5495
5927 618 456 9135 4217 640
5928 698 1410 456 5574 2590 573 3228 8134
5929 456 3737 385 7425 6677 10959
5930 1614 4471 456 5127 477 2474
5931 1895 465 456 4217 9722 3915
5932 5963 10960 456 6903 6681 6918
5933 8445 456 5125 1090 175
5934 456 477 10961 439 1034
5935 456 4217 174 9366 7820 6406
5936 3754 343 150 10962 10795 3035 5040 3641 7546 4511 7107 456 5113
5937 8760 385 5258 4245 456 179 174 7339
5938 456 3833 7506 10963 9582 8826
5939 6750 6570 3791 5832 5680 6184 5953 3315 456 3997 4217 3228 8160 2188 9190 368 26 236 2860 5525
5940 5089 7916 702 258 9088 10484 456 7785
5941 5829 456 8113 10964 8803 8804 8802 5616
5942 7996 10169 2241 3301 9169 2835 9875
5943 3701 7996 3534 9575 4244
5944 7996 8408 2245 5240 8157
5945 448 10408 7996 1302 3587 10626 480
5946 7957 8220 10965 4166 5270 4161 1522 3868 7996 7289 4527 8477 6505
5947 7996 8100 183 5037 7661 386 10151
5948 5412 2412 3845 2733 6116 8980 1436 10966 3500 6875 3041 7075 7228 10569 6872
5949 10967 10569 114 10968 10969 10970 5757 6274
5950 7126 449 6871 7230 9667 7222 4218 222 6976 5274 10569 6154
5951 10971 10972 2071 2072 10569 10227 10229 2090 10230 4969 10357 2092 7708 10721 7792 2091 10844 10105 10892 7051 2075 2073 7707 2088 6262 7704 9709 7647 7705
5952 10569 6932 6883 1511 8668 7097 6888
5953 9024 120 9411 10569 5622 1138 1054 5889
5954 9223 1447 335 5726 3427 4193 10973 3635
5955 8309 9564 5136 9732 9223
5956 112 4409 3365 9223 8387 8752 7957 3893
5957 9223 3178 206 3840 6664 2593 1845
5958 2301 9223 743 8372 6935 10156
5959 6717 10974 3437 5546 3536 10975 3508
5960 3437 10976 9314 6248 5746 2814
5961 2267 3886 3437 6844 740 2457
5962 4014 3437 7308 7604 3877 823 1060 1015 1569 911 1570 4644 1238 1325 1354 1004 5786 1773 250 6774 1362 1560 227 1035
5963 3437 30 2523 5283 2291
5964 5058 5178 7628 7247 8254
5965 4520 9972 115 5180 4535
5966 9597 9524 5180 10319 3668
5967 5180 4166 5242 8007 5888 1203
5968 5180 5007 911 10226 586 8208 2569 10878
5969 5180 1182 4646 2973 994 3909 3910 7029
5970 1504 831 10739 7961 5115
5971 1504 4369 8667 8222 1895 452 9034
5972 323 3276 10739 2300 1504 10543 10095 10464 6000
5973 1504 531 6327 448 825 10342 1649 10977 6978 10527 10978 5138
5974 1504 8547 10553 3591 8094 3250 10224
5975 4203 4816 234 7892 3305
5976 5959 2742 9103 4605 7518 7353 6439 3245 9891 1494 2567 10270 4203 3905 9938 5229 4435
5977 4203 7903 876 9313 1450
5978 4005 185 6499 8374 9648 3862 4508 4203 1096 7059 3142 7339 3481 7646 10099
5979 176 490 9503 7726 4203
5980 4203 9285 191 9286 7686 1607 4516 354 450 7685
5981 6648 802 3085 7843 9355 5697
5982 1340 10962 10358 3085 3335 1189 838 10636 8565
5983 5025 2339 5665 2612 3085
5984 2518 3085 7531 10556 196
5985 7092 3170 6899 3085 4383
5986 1969 1383 4166 3085 1472
5987 3206 191 8069 3431 186 6210 6200 178 3085
5988 3085 440 195 3391 3771 509 516 329 1829 555 2778
5989 10642 6416 3085 2245 4219 2821
5990 1887 1340 530 3085 7961 257 146 147 1816
5991 992 348 4451 1519 1067 1283 1622 851 3024 1646 1353 10979 1660 2006 2832 8988 4646 4599 755 1684 1112 5851 777 6417 424 1315 1592 4435
5992 1570 1368 856 1660 1036 1002 3 250 1373 2934 4628 1500 1323 2909 422 1704 777 1227
5993 3222 1248 7649 7602 1376 1062 992 1570 198 200 994 928 333 5875 1295 5622 1066 1002 4780 4589 1681 1660 958 3011 1017 1076 1286 818 1500 1390 4911 5018 5830 1224 3174
5994 553 932 1621 828 1394 1660 480 961 963 966 811 991
5995 10980 193 10981 718 6738 2648 1156 1157 3170 4573 333 10982 912 1740 4642 939 1550 1519 1353 1139 5882 1660 1036 155 5649 1554 1297 414 5888 1216 1313 1691 3039 1023 9663 4590 1749 1084 3297 4671 1086 1712 1564 1465 1179
5996 1028 193 1515 1124 992 1128 1368 5849 1660 4594 1400 5886 989
5997 688 23 1448 1192 338 1481 1425 1351 1132 732 826 1408 1715 724 1207 1660 1159 6737 1586 219 1041 738 4781 5888 974 2909 1437 1604 1592 984 1464 232
5998 1731 1451 1295 827 5742 1033 955 956 9288 1660 158 1044 225 762 1362 1560 656 2909 1291 1713
5999 1494 553 935 1295 1501 1064 1550 828 155 849 1616 1716 1660 1257 961 1107 5863 4350 1215 1655 1020 1109 838 7094 1085 1592 4911 2555 5865
6000 6371 8063 6114 2858 608 2593 2058 496 1324 1612 1365 805 849 950 1002 1105 1367 2906 1660 1210 1679 851 5680 853 2778 542 1006
6001 1449 920 1380 912 936 1521 1064 1688 1739 5742 849 2667 961 724 1660 1366 971 815 1080 812 814 1403 4671 1291 1176 9041 990
6002 932 1064 1739 1442 1443 855 1004 1660 4580 10527 1161 1363 2982 1500 152 818 10983 8650 10984 3297 1085 10920
6003 5879 1239 1594 2367 804 1069 1456 1659 3825 413 562 5741 3401 1660 1072 3827 1435 4555 1220 858 10985 1085 1416 4911
6004 5405 1268 1124 1505 348 938 1527 832 1103 1395 1647 1354 1004 1660 1045 5876 8317 1234 1323 1219 1747 1290 1512 1026 5018 5830 5865
6005 6770 196 2648 2057 1336 338 2858 5460 1612 1382 827 938 1320 849 413 2933 1395 1660 1006 964 1370 1586 1039 382 1044 1361 1234
6006 7572 1441 1452 5741 1354 1660 361
6007 5382 573 193 5055 868 112 3695 3228 8516 6731 9430 119 1051 4394 8772 9598 2925 1295 1064 1271 1053 1660 1210 1036 5051 1231 38 999 967 151 5888 8231 1460 422 1631 1011 225 9764 424 1074
6008 3851 1494 7345 6704 4639 1279 934 969 850 1321 938 942 1240 1328 1660 1432 6737 1159 1586 7206 1299 1220 838 1592 1656 1416 1713 1224 1257
6009 3194 4622 1271 1501 827 945 1053 832 1104 1660 4580 4626 966 1654 2059 1220 1058 1712 231 1464 1940
6010 4657 1381 1660 4579 1849 973 1810 1857 1333 1465
6011 1421 1731 1050 1406 10630 1351 936 1032 938 1064 1295 4619 2959 945 1456 4907 1069 2907 3825 562 1679 1660 4604 4593 1037 1443 855 964 3318 9293 810 5623 1017 415 418 969 2059 422 812 9398 1045 818 1323 1168 2830 257 3297 1174 4252
6012 1731 6498 4622 2858 918 938 6751 1002 1071 1660 755 1172 1489 1171
6013 1516 2057 1101 918 1450 930 128 1137 1068 1071 849 1707 954 1036 1660 4646 1151 4781 5542 5651 1560 818 1315
6014 8567 1237 409 1379 1032 936 1738 1660 6547 4626 2059 814 816 1059 1712
6015 718 4361 1237 348 928 826 912 936 1615 1738 1065 1195 2932 1660 1628 756 2394 5851 2552 1692 3095 1415 1438 1292 1317 1293 4681
6016 1348 6427 198 937 1595 1645 562 613 1660 2414 9497 5884 1372 223 222 6740 762 1391 4602 4643
6017 886 1731 1192 1265 937 2907 2932 832 1660 1210 2726 1212 1701 6319 1109 1746 5864 1121 1184 232 5865
6018 8018 472 6966 4905 8865 402 141 5402 1036 4758 6243 5771 10302 6924 656 7386 1660 10981
6019 4154 1424 2393 1295 832 562 1105 1660 1036 5863 8575 1390 1460 1710 1361 3249 1402 424
6020 1471 1095 1545 1191 1015 4644 920 1278 1194 4076 4780 1594 7702 1660 1128 4639 1526 1239 1233 738 2394 2060 1290 6761
6021 3432 8142 1047 1660 799 1726
6022 10875 1304 1481 2742 3336 1132 1050 1070 848 1441 961 1036 1072 1660 6737 1681 4626 1214 756 1216 162 167 3 1164 4574 1289 838 6318 974 3017 1712 1293 4602
6023 1158 1405 1050 2161 1381 804 5855 829 1660 957 1211 1555 1520 1285 2727 418 1080 1012 2550 1318
6024 4750 1660 5718 8837 374 4681
6025 6758 1660 1072 1699 1743 1689 1458 1359 1311 4908 973 229 1361 5651 227 2934 984
6026 6244 8074 5832 185 395 198 945 1740 1002 209 1195 2667 957 1660 1072 1432 3263 1054 964 218 1458 756 382 1360 164 1197 971 9730 1077 2982 4590 1703 1121 225 981 1592
6027 1542 1449 6743 1351 1050 2905 1381 5029 849 1742 1072 1660 961 1555 1159 964 1151 1310 1371 1654 1488 502 1171 167 5944 2730 977 838 225 231 983
6028 3876 10 4949 104 8428 3026 1782 10986 674 1495 9521 8749 936 827 937 562 480 1660 158 814
6029 1535 2562 2658 1454 4644 1032 948 601 1660 1139 1359 1385 1849 1121 1658 1318
6030 3367 5771 2449 6627 467 2100
6031 6656 6716 3367 26 176 541 608 3307 5123 1271 8440 275
6032 8405 10980 74 10714 8371 373 1173 900 3367
6033 3367 320 3110 1988 2795 3107 74 3108 720 1173 1079 164 5861 1292
6034 5802 2536 2742 4503 2483
6035 2483 3177 10361 435 7644
6036 2799 6100 2483 9444 8180 9872
6037 686 4204 8552 176 4359 1576 452 9450
6038 10727 4115 7187 4204 10987
6039 4204 2967 1761 5288 448 2577
6040 10988 4204 3309 50 539 9179 9181
6041 4204 6817 350 10989 8983
6042 472 4960 5641 3200 7277 4204 9560 3710 9763 465 10496 793 7352 548 10990 866 3217 10550 9864 10989
6043 1602 5543 6943 6953 6949 6107 4204 1511 3440
6044 3216 9506 4204 2835 7534
6045 4204 9630 261 586 4329 4330 4634 10532 7333
6046 9133 4204 10991 10992 468 10989
6047 1188 4204 601 9565 8680 6056 1320
6048 9177 4659 4204 9577 7702 1286
6049 4204 10993 256 7917 3101
6050 4204 3438 3091 3093 10301 8278 5231 3062
6051 4204 4017 3260 4275 1448
6052 4204 1082 1053 400 656 677
6053 4204 10170 7798 7898 5455 9626 1280 10994
6054 524 4204 7746 6246 6572 10115
6055 4204 7743 743 2663 4092 1000
6056 4204 3026 8690 7062 466 1123 10409
6057 4204 8860 7951 2003 944 6009 2211
6058 8641 1782 9617 10610 8643 4204 6503 4210 2546 10687 1287 265 522 9281
6059 4204 10995 2563 6328 1391 10996 2943 443 5521 10316 1450 8153 8789 4749 2498 8643 2580 3193 761 10616 10501 9149 9928 10997
6060 485 4407 3705 108 10248 4204 9000 3970 1182 9778 9782 9425
6061 4204 4131 19 9533 6135 2648
6062 4204 6769 3800 467 5238 3107 4684
6063 117 4043 10998 658 5274 4204
6064 4191 4205 7581 2230 2509 719 9204 4204
6065 2513 4204 355 7351 8988
6066 8569 117 2513 7744 4204
6067 5420 3301 451 5163 4204 2258 1740
6068 4204 10379 1450 2457 686
6069 4204 4069 4758 9932 10807
6070 7341 4204 1607 175 174
6071 7062 48 4204 3026 2515 8542
6072 111 3574 1355 867 4394 257 4204 601 6789 4517 2101 5891 176 658 2877
6073 2215 4204 2379 684 5698 361 4803 3864 7054 9751 350 5113 687
6074 467 4204 743 531 54 2927
6075 6306 3551 256 799 2667 3834 3835 6740 9635 4204 460 7348 796 2941
6076 4204 1607 3510 10724 3202 7149 460 10705 497 5419 7436
6077 3438 4204 4348 1931 1282
6078 6233 3154 10505 7932 1389 1441 1351 2905 1455 209 1032 1065 1003 127 2192 841 1007 2204 1315
6079 2617 1848 4710 7932 16
6080 10385 30 1182 10138 5143 10807
6081 10385 1253 1451 4781 8317
6082 10385 694 2267 10999 6410 10933
6083 3107 6030 1028 10385 5457 1725 4888 1610 1003 11000
6084 593 3770 10732 2787 3271 6391 5618 3267 8404 9431 477
6085 3565 5618 4000 3860 361
6086 8104 7857 9120 5618 8038 188 7911 3951 8610 4079 2813 8476
6087 480 544 462 5618 4181 9506 1213
6088 5618 6180 774 3955 8542
6089 721 5618 3876 595 10717 2231 756
6090 5618 8363 4367 522 8989 5200 236
6091 9450 5618 30 8487 8488
6092 364 2616 868 524 2646 5618 4949 7560 583
6093 205 487 5525 5618 5214
6094 4934 5618 2242 5746 34
6095 26 8427 5095 3219 5106 255 92 10315 5618 6090 905 8938 10725
6096 5618 191 3686 10726 662 189 9278
6097 3579 3570 2515 8583 2832 7421 5618 5 132 658
6098 5618 7048 408 4656 928 931 937 1738 969 1002 1741 962 963 1215 4417 219 1056 1039 2059 250 1558 1044 838 974 2909 2671 985 1656 1317 988 1466 1634
6099 10259 6137 5618 5445 871 794
6100 381 5202 9609 10418 4069 467 608 8785 5618 10537 44 3212
6101 5618 494 6903 9666 5644
6102 792 5618 4948 40 2513 2516 143 7613
6103 84 5068 5618 7367 4734
6104 5618 734 11001 11002 11003
6105 5618 718 3349 5837 4620 2562 333 4583 1406 1030 4259 935 1032 999 1456 1138 38 1678 1623 10044 5649 8237 1554 965 810 1075 1199 756 382 4254 1744 1360 813 4684 1078 3249 1560 818 1220 1184 8409 6183 980 1512 3297 819 1713 1656 984 5018 990 4724 1465 6759 1466 3338
6106 4948 7703 3876 5618 507 7559 3793
6107 475 434 9019 4746 8038 867
6108 8038 2582 8438 3502 866 5061
6109 11004 8984 188 869 874 8038 10862 6231 4094
6110 8038 1450 3242 4525 7516
6111 8038 6380 111 10211 9532
6112 3582 364 2926 5999 7297 1271 5257 1397 1398 1061 5840 10115 2814 1686 1712 1564
6113 506 5999 348 4077 4735 3177
6114 4243 9055 8907 2006 5999 5505
6115 8055 507 5999 943 1355 3207 5557 1033 10897
6116 3017 6885 550 3091 5999 5689
6117 1695 5999 3800 4502 3919 6469 275
6118 5999 5418 2189 21 3143
6119 3206 10866 10498 5054 5999 6097
6120 2371 1354 7720 2428 51
6121 6785 7572 2272 8574 1173 3361 3829 4551 5233
6122 3361 8102 1553 854 6548 645
6123 3361 7898 5239 6993 2479
6124 3361 2713 7883 1322 1555 5609 2060
6125 5156 4018 2 165 6129 3361
6126 5983 8445 7772 3361 6819 10088
6127 5845 3361 1473 1047 9680
6128 3361 3107 4373 11005 8672 11006
6129 2508 5383 3913 10560 3361
6130 9197 1183 9716 128 9216 3361 1090 2610 5236
6131 2522 3361 9504 11007 5257
6132 7968 2638 3628 3959 3679
6133 2356 7968 26 4048 4900
6134 7968 468 876 3620 2546
6135 3219 1913 210 4359 3142
6136 5428 3219 2834 2832 11008
6137 3219 6656 4983 4978 3858 3919 969 2546 5431 51 1182 46 961 5840
6138 3219 5075 10930 5480 6180
6139 589 3219 55 573 859 2635 10460
6140 5982 3615 9596 9608 3219 11009 93 11010 4364 8468 1123
6141 10028 3219 573 188 4239
6142 3219 1771 5890 8176 11011 3928 4836
6143 3219 798 454 4223 494
6144 3219 55 4746 255 4282 6643
6145 5 3219 577 495 10811 188 8732 892
6146 3219 5082 22 949 4230
6147 10858 9468 3219 2021 343
6148 3792 3219 1602 868 6172 562 813
6149 3219 2834 1407 5203 4903 4205 4210 48 255 6344 4137 888 5 8272 708 10661 9521 4393 9943 1307 210
6150 3219 4372 497 750 51
6151 3936 7919 1909 206 2427 3219 4565 308 3799
6152 3201 11012 870 9541 8201 464 10936 3037 4431 5976 3219 866
6153 3219 872 4863 1616 1257 3974 7887 3040 5195
6154 7397 340 354 6355 80 3205 5288 3038 3219 3876 866 27 5054 708
6155 4979 3219 308 3200 175
6156 80 485 698 3219 2241 404 9978 452 909 523 11013 778
6157 6704 468 255 446 7366 7364 3219 7237
6158 1530 3219 867 6816 4957 520
6159 318 6030 446 1909 3219
6160 8875 689 5418 262 259 120 8369 9795 3219 1328 9825 9813 4357 5839 6042 1961 5415 3770 7785 812 8588 11014 4720 9811 9855 9819 10906 929 10036
6161 3219 6216 524 8464 5957 10955 5478 1302 10795 3862 3204 4095 5125 3582 188 2991 638 9196 4665 7634
6162 3219 4495 3652 658 9715 7920 2834 6396 217
6163 80 2841 3219 4185 82 10407 876 2832 2473 4681
6164 4229 4282 7570 3219 5072 111 5493 4213 1081 464 9332
6165 26 8984 3219 10198 2834 2853 894
6166 1530 3219 7570 100 1355 3371
6167 10390 6631 7003 9016 10109 262 1961 308 3219 6420 1447 11015
6168 3219 5641 541 369 66 4656
6169 55 3219 82 104 865
6170 8558 5044 10688 3219 5950 1445 6996 2292 1607
6171 3219 519 1702 2834 1033 308 5240 5207 3813 4950 5166 6078 79 11016 7778
6172 3572 3900 868 872 600 2848 867 4746 9617 192 6263 477 3371 5399 5127 3264 5455 436 6717
6173 4380 4565 5399 5382 5367 5368 8037
6174 5399 4809 823 1239 1106 1645 4584 5887
6175 5178 1904 2262 7624 10856 3880
6176 8532 7062 144 6655 10622 9783
6177 2478 9783 55 8164 7259 3107 9519 11017 2996
6178 601 185 722 588 402 3152 11018 812 3107 74 7449 4736
6179 3107 3275 3454 1347 552 6194
6180 3107 1794 7271 3211 1960 148
6181 5783 255 4958 3166 10005 6601 3913 4686 3107 2742 205 2207
6182 3107 638 113 40 470 5474 9891
6183 5094 6321 6423 3107 6493
6184 4958 3107 9250 9245 5498 9257 3754 10443 8071 8532 6503 10699 541 10303 3565 3195 179 4821 4348 5496
6185 113 2065 6922 3107 5587 9575
6186 3107 3017 4207 4165 685 10471 2877 1550
6187 9373 4189 3107 6782 6912
6188 2812 9014 3107 5337 8231 1182 969
6189 8129 524 1675 3107 10142
6190 3107 5771 2877 4950 6650
6191 3107 523 7543 2565 95 2496 737 93
6192 5718 8363 8234 4010 189 3107 3103 1758 9724
6193 3882 3107 5268 601 4144 11019
6194 3107 4788 3177 1840 7410 10714 3781 6577 4088 51 2979
6195 3107 3110 2827 8843 5446
6196 3490 453 40 8527 7526 3107 2587
6197 6344 4014 472 7439 3107 3501 4024 674 6073 8358
6198 2884 3107 3755 7062 10540
6199 2358 3017 1047 3107 6536
6200 3218 3107 3197 345 472 477 662 354 3198 4051 3055 929
6201 10522 643 11020 10393 2318 3107 3391 115 30 7642 2485 507 3438 5234 2885 470 4758 6787 651 4750 482 975 2535 374 4734
6202 10935 5089 495 7495 507 11021
6203 5052 446 3083 507 621 9761 4784
6204 7278 417 10914 2630 5062 4948 507 5369 5898 5027
6205 507 457 7062 5940 6966 4550 7466 4206 7238
6206 9052 507 6178 3217 3602 7430 6629
6207 507 7062 2225 6546 7757
6208 507 2553 9120 531 5 9173 9769 4247 3673
6209 507 1447 2446 1695 995 1162 812 1704 980
6210 6927 507 193 1542 4622 1449 1483 1060 1450 1278 1381 939 940 1519 1382 1622 1550 1283 1354 4780 957 8596 414 793 10990 5888 1152 756 1385 1372 4581 421 1078 1011 1184 816 425 1174 4671
6211 507 11022 508 10356 5393
6212 433 7962 5105 4746 507 2850
6213 4095 3460 4950 389 793 507 1472 9058
6214 865 454 892 4509 8538 531 30 2653 574 6503 507
6215 9969 3264 477 507 1090 4383 1095
6216 4864 507 2649 8914 10940 129 8215 7766 3133
6217 7419 507 6152 350 9388 7062
6218 507 7091 8177 6432 6772
6219 507 3928 9293 4367 350 743 10301 10091
6220 7947 3089 6866 8163 507 1367
6221 656 507 587 7062 4949 2764 10993
6222 10598 507 6450 34 11023
6223 531 507 206 918 1526 855 2906 4579 4626 1561 1170 1374 1747 7831
6224 507 5007 7337 6229 3315 1599 2922 6791 1355 1469 2595 9216 1071
6225 5420 9668 1599 4508 507 10768 10955 1909
6226 507 5148 186 643 648 4050
6227 507 112 423 6966 4821 8198
6228 507 113 1762 1663 4821
6229 2849 923 507 4839 907 862 894 186 11024 8147 3153 3302 2292 10128 2163
6230 507 2840 4474 4471 921 4321
6231 9375 4615 3205 10305 4746 7962 5081 4407 1909 9759 3209 9230 52 2379 5957 8677 9690 4149 9571 507 531 519 3563
6232 639 80 465 507 664 515 8985
6233 3812 5620 10362 2066 112 4815 308 357 507 1767
6234 507 4066 2003 6966 1702 17 2756 9592
6235 5055 3026 3876 5126 507 369 5238 10488
6236 6257 508 507 1472 5953 233 30 5783
6237 5255 4328 54 483 405 507 1092 5121
6238 1557 5595 3613 1901 4015 6389 8845 11025 967
6239 11026 7653 4687 1557 10342 2425 10130 10316 9780 10295 3889 2988 10016 2509 335 4803 4915 4356
6240 3944 11027 3971 7729 4323 1557
6241 894 1741 8777 1557 11028 7546 3255
6242 233 4175 1557 5145 6389
6243 1557 6684 555 1426 10302
6244 4414 1557 5995 4512 1619 928 5131 1123 7737 7544 8875 3605 11029 10924 335 4806 1189 1447 318
6245 8487 7225 9390 7001 1557 6805 7979 10400
6246 1909 6180 4145 1557 1589
6247 8336 1557 8019 8729 6227 3868 10063
6248 4145 8512 26 5 7403 686 1557 11030 1872 7496
6249 6704 10301 1379 1238 855 5795 502 4628 1083 152 986 1658 6316 1557 6972 10254
6250 526 5680 51 6992 147 1557 3558
6251 1557 1727 6030 552 11031 4579 5595
6252 2638 7346 2004 5703 437
6253 4976 5153 9780 8144 7414 10950 4181 418 2638
6254 5 2638 10293 997 1107 1171 1223
6255 6 7884 2638 5 7784
6256 6093 5405 5371 8412 4648 9038
6257 9282 4998 6066 9029 4427 4297 10913 4270 3083 5503 9048 10798 9838 11032 10428
6258 6662 4298 9326 9282 7218 8403 8526
6259 9282 2569 10513 3218 4740
6260 8386 9282 8547 10556 8407 5393 4023
6261 2356 10201 9282 1599 5609 571
6262 10762 3356 1485 3565 10498 257 11033
6263 48 4081 8553 6790 5447 1485 9972 3960
6264 1485 4084 2239 5006 2874 123 3727 6545
6265 1485 132 937 10257 9683 253 7061
6266 1308 581 2451 1731 1485
6267 5096 9374 8456 9954 1462 8333 6775 9145 9611 3594 4110 10194 10352 7294 708 5680 6650
6268 5096 9738 2582 8926 2219 5517
6269 5096 8056 8016 654 2700 1322 2954
6270 6289 5096 6265 2882 7641
6271 5096 2628 5373 9125 4212 220 3363 8274 5054 4776 1622
6272 5368 26 4282 5453 82 5096 55 9629 4746
6273 5096 867 6065 2292 5444
6274 6673 2379 3755 8559 4313 5976 8652
6275 6673 8453 5332 4263 7034 3516
6276 6673 4247 80 684 6980 1572
6277 8363 6673 878 8074 1028 895 4592 6743 1425 7515 553 3963 2203 1327 951 1329 1285 4781 1008 1169 11000 1436 5861 1465
6278 6673 5383 26 11034 6488 4060 48 5626
6279 6673 8457 246 3438 248
6280 6254 2970 2282 74 8012 10882 1472 375 7200 9148 3177 10392 7830
6281 26 5895 2260 1302 3954 186 10249 5456 7393 6809 2923 3111 7200 2877 6266 1469
6282 7200 8334 52 284 813 10955 3330
6283 7200 5248 9333 9322 3833 10653 517 470 468
6284 8054 5126 4165 8733 4280
6285 8054 9188 55 2618 5186 3475 7440
6286 2055 8054 3371 624 5443 1101 1392 994 1135 410 945 1053 1067 947 930 1552 948 1622 829 1743 6319 2861 1009 1260 3249 223 2555 1225 1400
6287 9561 8054 80 175 8916 9701
6288 8054 55 3205 3901 6523 11035
6289 8137 74 865 7898 3770 8355 1606 7478 10719 185 5737 7583 730 2997 1615 601 3891 928 1620
6290 4667 4668 7840 5377 7598 1206 6710 6709 2741 5335
6291 4667 11036 4212 7598 7809
6292 1543 10468 7739 6271 4056 4667
6293 11036 10914 7634 4667 5375 9266 8354 10749 2435 6326
6294 2478 1904 867 4660 5794 4667 8031 4854 2655
6295 4668 8432 6712 4567 2060 1022 1749
6296 4668 8545 8458 893 3264 3153 343 10279 7565 2695
6297 4668 6666 5375 3026 80 55 8652 2239 6179
6298 5365 1270 7720 1117 1622 2192 246
6299 5365 5382 5367 5106 1206 5898 911 3694 3853 730 976
6300 8028 3258 10276 7421 4976
6301 8644 7277 9881 864 2713 30 9287 4002
6302 5127 662 189 4412 1340 2513 354 143 792 2486 2379 1235 4407 2713 2516
6303 446 2713 255 28 3083 15 3300 7979
6304 48 4735 1816 1908 519 4297 2713 8007 10369 11037 6810 51 4069 3909 1986 3400 7503
6305 2713 866 80 685 8351 1909 5053 8368 7873
6306 5445 3431 9105 5244 2713 5697 4903 6226 76
6307 7928 2713 3315 6786 7540 5689 2681 5924 6207
6308 423 2713 3848 1092 8142 1421
6309 2713 450 1447 3702 8343
6310 2713 5007 5445 3512 8958 5698 1123 2515 4547 7407 3375 4111 13 10469
6311 191 477 402 3218 2713 369 4077 5244
6312 2713 5460 7746 1501 2973 613 1215 7085 842 6412 2088
6313 8176 2713 1472 4023 4139
6314 2713 6557 4160 7883 6825
6315 2713 9601 7381 2448 310 10897 7730 477
6316 7525 2713 5729 7064 6252
6317 8427 9156 8429 6209 8039 9357 7857 2713 2601 6712 417 7169 861 1248 1028 1301 5544 1347 2645 1252 1544 1271 1516 1158 8657 5312 4154 1101 4074 8946 941 4339 1726 5875 1321 1104 958 8089 8595 1143 265 502 6022 1385 1214 2394 11038 1184 1437 314 4911 1712 1148 1658 1293 1750 1228
6318 2713 494 10423 4083 7541 9035 176 552 1511 9259 3525 1105 1679 10748 212 5649 5566
6319 2713 3848 1838 208 8873
6320 2713 2518 7785 9737 9794 9340
6321 2713 743 3725 1727 911 8235
6322 676 1225 1650 2713 9897
6323 2713 7062 1299 6422 5642 373 536
6324 2713 5007 658 7423 440 5502 9353
6325 1668 5383 2713 30 7644 3882 435 3584
6326 8676 30 2513 3300 423 519 3198 921 4303 309 440 2713 402 2841 477 3264 189 5915
6327 868 2713 8308 8052 4005
6328 2737 2713 2589 1780 8008 7755 4040
6329 2713 6305 152 1847 4590 1121 1436 1364 1318
6330 10129 2713 3166 1909 9536 5227 462
6331 3083 3371 11039 4984 5443 4095 4127 732 684 7916 2241 3309 11040 2713 1408 9435 1359 1145 1066 2863
6332 2713 82 3728 472 5 4705 492 6066 6426 9278 9460 10992 11041 3978 7453 6096
6333 11041 9600 3195 638 5624 6744 10156 382 1450 687 670 2912 364 11042 9228 4066 165 11043 2713
6334 2834 4348 3701 470 3876 9596
6335 2943 494 2292 1909 4709 3876
6336 3876 595 3195 524 4333 7571 10618 11044 3083 1307 4502 4219 3915 969
6337 3876 494 4958 11045 5784 3083
6338 5931 3876 3438 4803 2589
6339 3876 11046 9476 9002 2406 8854
6340 3876 6457 3228 2334 9875
6341 9350 8848 6251 3876 92 685 5456 9375 9274 881 5206 2924 6904 7980
6342 27 6625 10352 3876 4622 6362 1770 1709
6343 3876 4023 176 175 5258
6344 3876 6494 2261 8737 9524
6345 5972 9383 3876 8416 8271
6346 8568 540 694 8506 3876 8482
6347 9055 9495 822 3876 9641 838
6348 11047 1607 3876 185 6383
6349 2336 185 3876 457 9283 11048 96 108 4903
6350 3481 9605 3902 338 1351 804 3876 111 849 1208 1005 1497 856 1142 1233 1459 7178 1749 1847 1012 1085
6351 10539 466 339 10775 3876 6755
6352 3876 4904 1840 2764 6241
6353 3876 494 7375 5 9156 7923 927
6354 8256 5341 256 3876 9346 3307
6355 6787 7667 3315 7489 11049 3876 4217 6096
6356 3876 10811 11050 5246 4293
6357 11051 4962 10528 5280 4388 3876 8593 11052 10618 4919 9682 3701 11053 674 3083 1185 196 7490 4261
6358 3876 440 3898 4321 5519
6359 9034 494 4095 309 51 454 722 402 143 440 723
6360 494 40 8174 5054 4070 7789 2609 4074
6361 690 10410 3970 494 1909 460 6583 8157 5500 1182
6362 104 446 188 100 863 874 5069 4394 730 9349 10478 494 5445 9154 5051 693 6338 3327 7379 4024 519 3382 3300 812 7073 674 10326 16 11054 491
6363 10315 494 3206 1510 10192
6364 4095 363 4821 587 1909 554 28 494
6365 5133 4222 10979 494 1694 4949 309 5486 7664 8370 10568
6366 494 4948 4949 440 81 6180 497
6367 5060 4429 9363 27 494
6368 3513 888 1909 3270 910 6376 7608 494 8541 2931 7570 8653
6369 80 6056 34 1081 340 494 9966 108 562
6370 494 1090 137 1064 4727
6371 494 3326 3848 438 3661
6372 494 4565 4282 8713 1565 5081 6514 470 310 10897
6373 494 255 524 7179 421
6374 494 423 7466 4045 3983 4451
6375 494 10805 470 2303 4233 355 6076 9127 8787 361 10457
6376 4878 2391 5194 6155 7888 6919 494 440 309 5501 7869 2047 4192 8767 4164
6377 494 8327 5792 6397 8499
6378 454 3811 2843 2842 466 6546 8060 7415 3720 494 3220 3228
6379 494 884 8041 73 402 6546 3792 3038
6380 494 2548 9700 9929 4226
6381 6355 5062 494 309 437
6382 485 494 5095 11028 4815 4949
6383 115 6380 494 30 2294
6384 494 2258 7557 10 10643 5127 540 4948 2215 361 10793 7208 5154 1616 8273 3813 9943 6594 6406 4433 4180 11055 11056 318 7367 7820
6385 494 2256 4988 6216 1518 4243 8649
6386 4145 1506 6601 5494 28 2535 11057 536 3431 4646 2442 4511 333 766 4984 732 5154 6545 494 6904 4821 11020 859 4384 342 3197 693 4111 10208 4227 10286
6387 9974 3342 494 4815 5837 11058 5967 9596 4226 819
6388 494 318 505 1530 1904 85 4958 5007 4776 2829 2736 2863 581 2241 544 2219 6817 1341 7570 1477
6389 8396 494 5445 8569 6252 10207
6390 1995 11059 3486 189 5242 3320
6391 3486 6262 220 1969 3402
6392 8433 2854 8712 4654 11060 3486
6393 5778 3264 4005 74 8430 4360 3486
6394 3486 4727 9077 3932 11061 11062 8180 9872 7835 2952
6395 3486 11063 9144 11064 8742 235 5222 10951 1438
6396 1386 381 5490 1071 7744
6397 7744 3761 3922 10959 8523 6328
6398 5805 6572 1574 9495 7834 7744 3726 515 11065 11066
6399 7744 3920 2565 5805 7187 2567
6400 2602 10716 2615 5803 7744 10988
6401 1355 26 524 2961 10202 2508 5890 868 7744 10316 5420 8402 9503 2620
6402 7744 64 6182 4251 11067
6403 26 7744 4409 318 10271
6404 7744 3371 7604 7785 174
6405 7744 393 7845 10922 732
6406 2066 687 2019 2842 27
6407 2066 722 3593 4949 11068 6404 175 453 2513 4415
6408 4017 3438 7335 2841 2648 6790 2066 495 11069 10404 7241 1171 3081
6409 2066 48 3205 9525 3201
6410 2066 540 1376 3821 234 1060 740 706 253 1012 1323 656
6411 686 2066 5698 8279 1110
6412 2066 4958 4416 464 3201 4297 7207 8391 4580 9299
6413 2066 4934 7915 216 4005 5574 6308
6414 3812 2066 8546 8526 8717
6415 111 2066 6477 1709 81
6416 2066 454 3216 188 115
6417 5620 2066 5735 5488 741
6418 2066 2586 7310 4490 5771
6419 48 624 5057 8177 2066 4822 6436
6420 10097 89 2066 8404 1589 5020
6421 485 2066 10103 7490 8683
6422 2066 26 80 475 3468 5697 5501 4055
6423 2066 4565 4411 108 6055
6424 7822 51 5592 8212 1340 146 147 148
6425 1844 2428 146 7822 3074 794
6426 7822 4062 3565 7939 6178 3581
6427 7960 8372 5779 5234 8743 10743 3177
6428 5389 5073 7920 211 3177
6429 8219 11020 3177 9806 4167
6430 6787 1499 7180 3177 1840
6431 911 3177 1904 3055 5913 10714 4915 3881 531 176 10372 5970 10169 1420
6432 9243 3177 2774 8839 5780
6433 3177 674 381 127 5233
6434 5331 2254 26 5202 3607 587 5133 1904 1447 477 5131 4081 6132 7600 3177 5866
6435 3177 196 7958 7992 10023 7905 9935
6436 10354 3177 7662 9972 7412 2503 1354 10234 5885
6437 5070 5804 9195 9888 4432 5452 7430 8482 10645 174 7061 4369 658 916 5890 485 512 522 3177 5153 7415 10399
6438 3324 7684 8631 2932 8935 3942 3177 9681 6474 3150 11070 9710 9934
6439 6468 3694 3177 183 831 3315
6440 3751 3177 7308 2657 2955 3391 257 196 6329 1846 686 3184
6441 3177 8603 8853 812 11071 11072 7876 274 3137
6442 8303 1679 1096 7752 3177
6443 5762 3177 2575 381 257
6444 3177 7894 5747 9582 11073
6445 2741 787 6252 3177 941 6360 7243 1895
6446 1831 1891 11074 9566 11075 11076
6447 6173 6420 172 628 51 1969 2191 1933 1831 1951 8972
6448 5350 6134 9815 4108 10301 3004 1852 1891 6454 1828 3077 6699 2377 1806 2192 1810 1831 1437
6449 1831 2957 1805 1804 1828 1883 1812 1956 2007 287
6450 1831 7186 1794 5 11077 577
6451 1981 4539 4540 1831 3065 1805 1841
6452 1876 1128 1828 1831 1856
6453 1792 3075 2107 2196 1956 1831 2124 3146 1962 2105 1797 1941 2180 1922 1923
6454 1853 1787 3325 1821 2952 2067
6455 1823 1853 1933 51 1837
6456 1853 48 255 8506 5788 8751 888 9585
6457 1805 1852 1792 1853 1828
6458 3836 6190 1792 1853 3047
6459 257 1853 1784 1960 3233 2114 2095 1898 2207
6460 1853 340 11078 470 4814 430 6333 3690 4028 7179
6461 8697 1853 867 7468 6526 5643 1313 2877 933 892 3926
6462 6841 3388 2108 1865 1853 2963 2008
6463 8971 220 1354 1853 777 1744
6464 3017 2407 1800 1853 318
6465 2015 1853 1792 1957 1958 1912 1889 2155
6466 1853 5176 8504 7675 5594 6841 9784 3388 1787 1785 2887 9178 744 1271 2221 7942 3074 1368
6467 1853 1788 1804 1494 1278
6468 1853 2047 5481 2610 2059
6469 55 82 3206 7593 7507
6470 55 867 82 5065 7593 5375 2583 8438 8304
6471 5382 11079 9455 5219 9259
6472 8096 4565 5388 5072 5382 1205
6473 4809 8029 5382 1205 9380
6474 5382 8644 9385 26 6344 867 698
6475 5382 5367 7568 4170 2834
6476 5382 2478 2582 4746 7962 1364 1164
6477 5382 9577 3604 7105 1969
6478 2600 2478 5382 708 8130 8452 4567 5123 92 5801
6479 867 5382 8433 2605 4920 8065
6480 5382 8452 1904 2742 3903 11080
6481 5382 48 4416 2144 10845 1307 2765
6482 5382 4746 82 2656 1759
6483 5382 1158 5622 1138 755 2861 4909 1662 1332
6484 5382 4281 361 1908 2236
6485 5382 5841 5922 10999 2770 1544 1062 3364 5796 6758 1374 1744 818 1658
6486 4938 5382 9188 358 188 5789
6487 1204 5382 9738 2582 2583 5368 7277 7962
6488 5382 7863 8037 8029 4565
6489 7962 5382 4746 7277 9529 1204 7279
6490 5382 8096 7598 2708 55
6491 5382 8326 318 8296 6533 1665 11081 4831 2736 7741 11082 6030 10794 3521
6492 5367 8913 7898 6371 10981 9326
6493 5367 5369 2741 9354 8032 5377 6291 6265
6494 5367 1539 8741 10676 10787 2808
6495 5367 5929 3599 9012 4263
6496 8433 5367 6175 4746 10361
6497 5367 4853 5374 5375 5897 4938 9019 5388 82
6498 6658 7277 5367 1904 2741
6499 7286 2789 9312 4826 2690 4893 2818 3864 10038 305 7448
6500 1395 8113 8102 6804 7286 6849 9694
6501 2898 1255 732 1232 1573 409 1502 1476 2203 5622 562 1431 8596 2982 817 1656 4911 1116
6502 2898 5789 1844 3388 1805 2015 1874 1804 3146
6503 2477 7859 3483 3260 4264
6504 541 5089 5324 6845 3862
6505 1720 5324 8034 2601 5546
6506 2538 1047 4806 6741 4389 10233 1877 208
6507 6110 2538 7231 3796 3315 2457 5345 2694
6508 2538 7707 2092 10892 6969 7614
6509 9357 1206 2538 10626 2358
6510 2482 11083 11084 7093 6725 9860
6511 8395 2482 1722 2623 2356 2518
6512 6524 2482 10637 10780 6374 7774 7024 7025
6513 11065 2482 5794 11085 4088 4801 9057 631 2668
6514 1782 6666 9123 7962 8166 10491
6515 7278 7964 2623 5384 82 3467
6516 872 6963 26 6656 7278
6517 5338 1340 7278 7951 9116
6518 11086 426 4511 10947 123 5258
6519 10947 4332 5005 7859 126
6520 5574 10947 6675 7559 9236
6521 107 9986 10947 7559 8586 5266
6522 345 531 1725 1050 1525 1736 930 848 3911 2161 1207 1552 849 1072 2874 9069 945 1054 5900 8596 7778 1017 11087 5542 161 971 168 842 1744 1223 1749 4628 10055 1902 1177 989 1687 1202
6523 4000 2874 5913 3985 7788 6545 9999
6524 2874 8405 3217 2257 2238 3877
6525 4392 8756 8132 2874 3428 123 5895 3011 774 11088 717 6632 969 7879 6319 6648 498 4814
6526 80 30 8060 2874 9024 7559 107 403 2255
6527 4079 11089 2874 5284 9964 7475 1358
6528 5296 2 8768 10038 11090
6529 5296 8086 3610 2414 10371 3444 1978 1410 7874
6530 372 9285 6642 9508 3319
6531 9285 7353 9891 10304 1631 77 4708 8006 8229
6532 59 9285 3034 620 7417
6533 5328 6203 903 11091 7173
6534 864 9230 452 3309 4151 9732 2757 5328 8097 189 4145 5145 10301
6535 5328 1607 861 3275 2923 9164 6523
6536 7823 10097 4471 2515 6944 6871
6537 6892 10937 6955 1203 7823 8052 6944 6882
6538 7294 48 1909 4081 10293 10490 7823 6534 8168 1448 1306 8176 1351 1572 1503 1555 1006 1689 414 8072 1217 6629 425 5861 2546 4602 1227
6539 8883 7823 10144 4131 6514 10727 1282 4115 8698 7377 7535 601 7334 9461
6540 7823 2515 1664 30 8090
6541 8150 7823 5127 5045 792
6542 7823 4605 3218 2398 3862
6543 7823 9133 6155 11092 6401 2418 3270 10705 10360 1347 8333 8608 970
6544 3205 9568 11093 7823 6904
6545 9217 6078 7823 1617 10951 3872
6546 7823 7741 9243 5334 10668 11094 1326 7319 11095 6968 3862 1347 7529 4244 2339 7619 1763 711 1039
6547 4671 365 7823 7474 3083 1307 2907 8283
6548 7823 2081 4131 2065 93
6549 2508 5005 952 7823 3884 258
6550 2478 2584 7823 7584 216 8002 6327 10718 11096 4002 7414 1426 687 4347
6551 9578 7823 27 463 519 48 746
6552 9993 4190 3918 7823 6030
6553 7823 868 7397 11097 8867
6554 6712 6672 4834 2623 1618
6555 6712 11098 8250 3838 1906 6439 2742 10502 4995
6556 4609 6712 8032 8361 9354
6557 82 869 6712 3857 7892 3905 3918 1182 8597 502 3914 7071 4135 4136 1620
6558 2520 10654 5372 9026 6712 299 6269 2485 5172 5834 7231 2199 10823 6164 10834 11099 984 1713 4351 11100
6559 3498 6422 7574 6643 5238 2734 10328
6560 316 1649 8657 5604 4326 4065 10033 3498 111 11101 968 4626 1166
6561 10185 7943 446 4416 810 9992 3498
6562 3498 5805 10780 10696 11035
6563 5322 2520 2518 5794 8308 3800
6564 8393 7644 5455 7328 6561 4125 8450
6565 2478 3331 1341 2501 26
6566 1205 4072 573 9375 2478 2741 7598 9004
6567 2478 3862 6650 5505 9816
6568 2478 5558 4282 8706 1810
6569 2478 2442 3327 3225 3404
6570 2478 2356 2741 5384 1343 3740 4877
6571 2478 8164 2583 1204 5171
6572 5078 26 112 2478 867 10896 4802 58 4282 6525 10542 6628 3666 5194
6573 2478 9628 2583 9258 8991
6574 2478 8034 7485 9881 8625 886
6575 2478 5972 1205 8071 573 364 8984 3204 5933 7589 457 595 4313 5698 4002
6576 2478 5106 434 8067 11102 1
6577 4612 2478 8053 7696 8458
6578 5368 7860 2478 446 11103 1061 8115 5479 11104
6579 7277 2478 4746 55 1206 8039 7962 2522
6580 4659 2478 4747 7798 6272
6581 2478 3197 3225 3017 5768 2635 2215
6582 2478 1204 1904 176 10150 2369
6583 9517 5095 2628 7962 8164 10654 5326 2721 2623
6584 4387 9591 7407 4928 460 2511 28 687 720 710 2257 8200 8436 2264 9497 9829 9599 8512 8392 1508 9954 1586 4394 10896
6585 2239 7575 28 8436 4306
6586 8436 5292 3026 105 6530 28
6587 4368 8621 4224 9413 7378 2757 3984
6588 2757 5739 11105 34 9982 9762 9497
6589 2757 6672 1092 6197 8869 10283
6590 2757 6940 70 6879 5932
6591 6672 2348 7889 3605 2798 3897
6592 4958 9568 379 11106 7884 7440 7479 7060 8882 6173 4226 772 2592 6143 2368 6672 5666 3883 7024 6788 527 1607 8145 10224 7490
6593 10955 6672 1271 1517 2057 1303 1128 1130 912 992 4638 1135 930 5029 945 1016 601 7702 330 966 1435 1560 989
6594 6672 7813 941 3858 5978
6595 6672 7914 2182 9217 361
6596 2813 5643 3459 1576 4903 2974 2012 9497 496 8548 970 5925
6597 193 1271 2562 1476 2813
6598 9462 2972 3623 7308 2813
6599 5988 9045 2813 3323 8724
6600 7485 3371 4019 115 2241 4949
6601 364 40 4095 1909 495 7485 6137 9278
6602 2553 8351 9575 4407 7485 4411 588 5530
6603 662 10488 339 7485 9713 22
6604 7485 5209 27 1576 11089 3043 6532 4427
6605 350 307 7485 9939 1092 2444
6606 2292 4815 307 589 8744 1780 7152 7485 2832 7716 3375
6607 1757 4690 7485 7579 4138 6610 2606 7577 2607
6608 3567 4210 5109 10577 7485 5443 10178 258 587 14 6881 3800 4064 4101 2513 10217 4029 112 4408 783
6609 7485 400 10708 1066 3983
6610 10379 9275 2292 6478 4255
6611 393 2961 6478 9684 372
6612 2331 6478 3479 681 7709
6613 7553 1306 1032 5029 1501 938 1320 949 1552 6751 4780 969 1443 1432 961 5869 1555 1159 964 1358 1487 1285 1311 1385 2059 1313 1386 224 1299 974 1631 986 1713 987 2555 1226 1940 1116 2936
6614 466 7903 1386 7885 7626
6615 1386 1137 530 3799 9484
6616 6585 4214 2954 7650 1386
6617 4319 3175 326 2479 1386 2927 2877 797 4035 9319 3300 7967 6832 4293
6618 831 5240 1386 196 5643 1560
6619 1028 4655 9479 2564 7680 1386 2416 1525 1380 4608 997 5862 5880 1595 853 1195 2222 1848 6978 218 4350 1458 265 2730 1043 814 4602 1224 6703
6620 674 5740 4039 1386 5137 2232 2877 9712 8273 225 1083 2588
6621 1271 1494 5028 1572 1729 4579 2908 1386 2462 1374
6622 1386 7401 829 8333 6385
6623 2318 58 1838 74 8395 1386
6624 5457 992 848 1367 856 1010 1386 1403 1658 3505 5859 2936
6625 1386 3197 4040 6782 196 1064
6626 1840 1708 1075 810 2377 2908 1386 1077
6627 1028 1340 2144 910 1015 4656 2859 1001 1338 601 4780 8237 1386 4601 1226 1714
6628 7646 10246 3974 8265 7887 7715 6792 1386 9714
6629 5388 3203 1612 5742 1207 5862 1739 1142 1233 1654 2214 1386 1433 382 3039 167 1079 1161 1121 836 816 814
6630 7956 1588 8187 1386 8973
6631 4282 26 2063 867 10561 5501 2723 4150 8363 2427 5135 8460 2953 1386
6632 282 1386 11107 7848 3318 4356
6633 1386 923 4328 924 4337 6169 5481 5482
6634 1386 5740 5209 601 2855 7088 10882
6635 5631 4151 2199 5854 997 1207 3825 407 1367 333 1548 7702 1233 1022 1044
6636 5631 787 6299 5611 10845
6637 2703 1909 8414 969 3858 1182 460 9537 3968 363 9458 1 2048
6638 245 2703 6831 11108 968 6847 1394
6639 9863 2743 2703 3930 11109 378 869
6640 2703 9174 2787 10060 4661 7938 2303
6641 7860 2356 4746 2623 5098 7507 7582 8459 9167 9797 1252 329 1300
6642 9969 4939 2846 2356 6294 5621 2303
6643 2356 2724 11110 10436 3119
6644 2356 900 2542 10097 9815 385 7522
6645 8957 211 4022 4814 74
6646 10552 6249 718 2877 7781 2513 4069 74 1472
6647 6913 7820 9101 10769 640 1567 1061 8273 9814 10321 5297 9232 5300 9869 3725 1909 485 9186 4180 6580 11055 7354 9494 8274 11111 74 1581 9308 3198 7770 2230 4681 4847
6648 74 2877 1083 1149 11112
6649 4417 2973 969 74 5293 4496
6650 96 74 9388 684 79
6651 74 866 365 51 146 147
6652 74 943 795 2212 1620
6653 10857 524 4259 4996 1447 4570 3116 3026 27 3502 6143 4795 6128 8347 10910 11113 9693 1271 3931 308 273 4127 74 752 6274 9311 1618
6654 74 318 4088 372 7680 1969 1823
6655 5066 9621 1689 3730 3153 6054 7692 74
6656 1532 4628 8187 74 9759
6657 8055 5062 435 74 6677 9194 7443 6569
6658 74 3931 3140 3120 7867
6659 6328 2768 1842 8013 74 2578 4003
6660 1573 74 3391 196 483 7321 812 6197
6661 74 3814 3662 6885 5874 10529 8701 3371 8391 5575
6662 7798 1840 74 2622 3825 1683 7094 1147 4724
6663 74 506 381 5302 5740
6664 2624 374 74 373 631
6665 685 5567 26 6241 74 457 7545 462 544
6666 74 2390 8511 10711 11114 8554
6667 74 318 3103 3778 6698 601 3776 1000
6668 74 3490 4036 11115 3184
6669 307 6555 74 9761 780 6121
6670 868 74 5598 6516 4394 1969
6671 82 9384 3026 9125 1638 74
6672 74 7592 4758 4041 2279
6673 883 3651 3300 74 952 2347 7666 10028
6674 74 11116 8013 588 1643 7420 7215 5275
6675 7592 6396 8684 74 381 970 2492
6676 8531 74 573 111 6374 374 210
6677 11117 74 5882 10938 10515 6133 9130 4028 6532 3043 9356 5873 6425 3443 4489 318 954 4681 4504 4128
6678 3206 74 6429 9134 10376 11118 2058 7794 8878 1187
6679 7630 9966 4227 11119 8355 74 3095 321
6680 8958 368 74 10307 4175 4305 7339
6681 364 80 10775 8055 4618 4815 74 4503 812
6682 668 4804 74 11096 9473
6683 1208 3390 4154 1610 74 1064 6173 4439 2120 1072 5771 9428
6684 74 257 4088 6523 4264 9379 4860
6685 3228 74 5572 2291 3851 894 2310 7953 7430 10553
6686 74 3197 3179 196 287 3652
6687 74 4679 2762 6521 6189
6688 74 1341 897 8276 1271 9639 5223
6689 4242 5053 544 74 5
6690 74 9604 8555 1727 2595
6691 3998 920 199 4888 720 1282 1033 1208 858 3163 2204
6692 2720 3197 3264 3954 2334 10084
6693 3197 2508 350 6219 354 7516 3691 545 712 11111 10529 446 9686
6694 3197 9197 8019 625 11005 4069
6695 5127 402 3197 7686 185 8264
6696 3197 191 2054 3979 3981
6697 11120 3101 1846 8873 1421 3197 5127
6698 255 6796 8483 3197 402 185 532
6699 689 354 3197 662 5746 1588
6700 5720 526 354 466 5926 8553 3197 2398 129 3751
6701 189 378 3197 8989 3198 5120
6702 3197 3728 354 143 5471 638 747 5954 7210 458
6703 6919 2391 3197 2290 4025 10309
6704 3197 477 554 10686 11121
6705 3197 526 6179 10770 2873 10175 2870 7448 9342 9229
6706 3197 191 3264 2553 866 541 354 450 6904 4081 7337 1282 7351
6707 3197 16 186 189 539
6708 1876 8717 191 2239 3197 3961
6709 3264 9146 189 3197 7449 10463 7557
6710 3197 866 6219 7426 3198 884
6711 3197 3264 423 189 3153 2221
6712 7630 11122 6516 8631 9132 9141 3677 6352 10220 7675 372 3197 3952
6713 540 1047 10408 346 3197 189
6714 3660 8425 9626 3197 3510 3555 189 3857 1100
6715 3197 200 9770 50 80 866 5700
6716 6425 5914 10863 4745 2322 3197 4082 812 79 3730 7184 4739 10239 10070
6717 3197 5528 11123 2536 10057 6463
6718 573 621 3197 628 8745 6081 1494 4161
6719 3197 191 3954 477 40 512 5147 3153 7557 3888
6720 3197 191 3264 189 7754
6721 6639 8930 3482 10468 1347 3197 4063 7328 189 7557 8848 5383 923 10799 1090 5189 10609 3952 6904 5147 1274 7215 718 10443 195 3595 5213 8366 10005 10620 6439 924 2632 4336 2171 7403 688 693 1909 3857 943 3858 1590 5978 5763 2247 3149 5947 1494 3241 2742 3903 10638 7515 7083 3904 3999 7617 3905 7942 3245 3957 7769 7768 64
6722 9526 3197 5342 1995 1447 595 6540 2623
6723 3197 1607 6596 1340 680 257 2877 3198 5979 1062 6012 9111
6724 3197 4949 189 1472 2553 30 1081 108 1053
6725 417 6069 536 9711 2398 6070
6726 417 884 5739 423 4949 3819 648
6727 417 423 2843 508 4181
6728 417 1904 2292 315 4487 2241
6729 417 4949 8084 1532 4324
6730 417 2292 6493 489 2239 554
6731 417 3425 3765 3743 3740 6905 10390 2457
6732 5271 3201 8378 7207 1909 1508 8678 876 2320 5445 735 400 684 5923 7208 9762 545 5053 544 234 453 417
6733 417 339 2021 369 2239 3722
6734 4223 11124 417 10936 5976
6735 417 3657 4948 9695 8916 10473 3762 2864 3476 2004 508 9959 9958 4035 247 1589
6736 7598 1206 867 11036 5095 5369 5641 417 3167
6737 417 10449 866 467 9497 8490
6738 7384 1182 969 9782 3912 1137 3858 417
6739 798 3392 417 5698 23 5446 969 1182 5025
6740 6839 6506 11007 417 6177 5609 4060 6697 10949 4902 6814
6741 8860 10079 4368 1530 1752 2286 4088
6742 7880 3886 8860 2921 7442 446 1341 4931 3032 4958
6743 2283 7168 8860 3784 1035
6744 8125 11125 6847 5141 8801 6556 5891
6745 131 3038 8125 6503 4398 2081 11126 11127
6746 2969 8125 4544 446 8163
6747 2601 4592 1060 1505 2562 1484 996 848 1052 1072 330 415 1690 1372 2730
6748 1479 2601 3031 4166 184 2569
6749 8990 2601 7944 5173 1267 6767 1507 1494 1265 1406 198 253 994 1351 159 1007 1361 1528
6750 9023 8067 10956 9166 435 3650 6436 7457 3216 3264 10170 59 4213 5444 1801 357 9037 5287 8971
6751 8997 10695 3607 5256 4339
6752 3607 1048 83 5470 8191 508 4466
6753 3607 1028 1535 1695 6738 395 1568 1449 732 4575 1274 827 1408 1307 1615 1393 158 1654 1372 3920 811 1161 1165 1560 167 970 160 1122 656 1009 1169 163 1171 840 1313 162 161 836 837 4247 839 1079 165 166 1437 818 1463 1712 2061 1146 9220
6754 3607 531 519 467 7581 2230 10540
6755 10291 421 7369 703 7559 3353 175 233 4030
6756 3017 703 318 3110 8838 7779
6757 100 574 531 366 9592 5109 703 6200 2841 3392 4024 4145
6758 703 454 4958 2267 8675 4014 10379 8679 8655 2259 7414 8554
6759 3662 320 4344 5196 8062
6760 8425 8749 2260 1866 9205 6059 624 2832 320
6761 3922 5140 342 11128 8593 6307 4961 3681 3527
6762 4961 4782 11129 1469 2504 11130
6763 497 4961 7364 1067 8222
6764 10895 485 4961 1537 3201
6765 4961 485 1909 4979 1410 5126
6766 4460 5046 5562 6172 2130 5774
6767 5562 191 9607 491 1213 322
6768 11131 10859 1484 10223 1021 5562 2733 4170
6769 3254 6616 2817 506 2031 7348 5562 4791 10195 5603 4925 4576 2387 303
6770 5562 4806 506 2004 751 8062
6771 40 9591 5761 3094 304 5401 5575
6772 8433 5761 3276 1428 1326
6773 5761 4107 3820 10682 196 9145
6774 5329 3677 1961 4228 6078
6775 5329 7375 7634 8560 9715 4511
6776 5329 916 3189 6971 4309
6777 3267 6296 9800 8124 5579
6778 485 4934 339 6296 5731
6779 6296 5133 5623 5692 5693
6780 6296 10895 185 3755 539 596
6781 4213 1206 9032 4648 8903 6093 11132 9273
6782 7745 4769 8336 4040 204 373
6783 9591 3262 4019 7379 8720 4040
6784 4040 2562 4949 2764 1354
6785 4040 171 8478 3323 11133 11134
6786 4040 487 3695 869 8776 10010 4085
6787 273 4040 7471 11135 10352 10436 1334 2827 3116 10567 11136
6788 898 890 7497 4040 176 175 9482 5186 9471 467 2241 216
6789 4040 6280 5230 263 9872
6790 4040 2520 6458 2589 8408
6791 3631 4761 1891 2258 6621 5093 1469
6792 6621 8485 11137 10846 9457 3040 3850
6793 6621 4389 7050 5187 7707 2437 506 5686
6794 6537 6621 8091 2819 10038
6795 6446 553 6621 4280 4826 6725 4823 9887 2039 4458 6728 10847 4392 2493 8348
6796 2553 519 10634 11138 21 3431 6621
6797 2047 259 6621 3438 9327 8489
6798 831 2649 7924 10549 6621 10977
6799 6621 506 4637 465 423
6800 4368 11033 6621 10732 6971
6801 48 8674 345 3959 6621
6802 11139 329 6621 6606 5054 496 1683
6803 6621 2760 662 6433 9729 9611 477 11140
6804 9591 8637 7194 10193 6621 3652
6805 10603 5413 5459 4813 10621 6274 3605 9838
6806 10603 3745 9984 6499 4737
6807 4005 13 10603 7335 7613 14 5153 3724 3457 2562
6808 1081 8170 466 10764 5134 5121 3565
6809 3565 8778 1283 5161 5007
6810 3565 5476 549 497 6398 258
6811 3565 8914 10789 10183 361 9590 952
6812 1523 6119 2931 7610 8235 8182 5784 8431 9203 2742 1305 3565 6647 3915 9493 4293 2826 6473 5507
6813 10533 3565 4495 1508 11048 4753 1130 720
6814 4704 7328 3565 9712 11141 2801 6308 2804 8998 10737 4934 440 9366 11128 5621 6715 524 10045 10407 10507 9772 4345
6815 3426 4328 10489 3565 7589
6816 5299 8160 5298 5419 7483 3566 687 9819 7551 339 9687 440 2972 9606 3565 3352 6973 9862 6324
6817 340 10010 3565 5445 5951
6818 685 5103 603 3857 1182 11142 3565 487 2231
6819 3620 8529 1033 9362 3208 3706 6611 3565 6344 467 4079 9497 9530
6820 3565 4948 2241 309 9034 11143
6821 6313 3567 3565 111 8918
6822 3565 10727 9539 2832 8201 4213
6823 174 2513 4002 3218 1449 5142 4175 6068 11144 3565
6824 696 10683 3289 2658 2339 7077 1189 10302 1550 9806 2562 4341 5264 256 2855 1829 4044 1650 7105 3565
6825 2443 8455 3565 3649 27 2035 1585 11145 1518 7208 2255 88 9069 400 1082
6826 4745 2056 2719 4367 3565 8003
6827 3565 4605 2920 9090 48 2579
6828 5140 4536 413 3565 10617
6829 3565 4753 7771 1736 4459 6745
6830 3565 2047 7444 2219 80 6495 6252 2743
6831 1728 952 7864 11146 11147 3565 9062 2040 9102 6898 6849 10963 2041 5480 4753 9137 8807
6832 179 9104 10717 8967 176 174 9110 6378 2175 236 149 5486
6833 5486 3189 8697 1330 3366 4950
6834 11148 10107 2734 11149 9790 1488 8500
6835 2358 11148 3217 8513 4444 4537 5229 2939 11150 5805
6836 4746 5338 10762 11148 11151
6837 30 5895 5165 6100 11148 4951 8272
6838 11148 5739 6564 4247 2569 6396
6839 531 4745 9255 6805 398 11148 7190
6840 1727 9784 335 5520 6971 6802 8218 7174 2958 11148 7051
6841 11148 8584 3953 911 11152 3267 1354 2373 6731 2412 2817 2457 5605 4398 5415 9970
6842 11148 5463 5313 9153 3803
6843 5487 8478 6375 482 6920 4354
6844 698 3695 9695 5487 11029
6845 5487 6809 1471 17 1383
6846 5487 674 103 5720 4946 6557 452 404
6847 5487 1028 1267 1553 6758 1551 265 1288 2204
6848 5487 8591 5398 5848 1049 6188 506 2562
6849 5487 8869 11153 8159 7526 10284
6850 8992 433 1206 199 1740 8336 1574
6851 4746 5388 8992 9386 2583 2582 7962 1722 3572
6852 5161 84 11154 8560 26 80 48 4095 3749 5126 4210 4131 11155
6853 5161 3421 923 2733 1347 6708
6854 5522 5161 11156 7014 7270
6855 5161 5262 467 579 2527 8277 7985
6856 5049 5161 4369 3596 4088
6857 115 11157 7207 337 5161 722 5911 309 8243 10089 4144
6858 5161 413 449 1700 11158 27
6859 5161 2081 3648 8445 7804 7336 2691 6279
6860 6185 5287 8574 5161 5530 4138 2394
6861 5611 5161 115 310 10897 10989 11105 459
6862 1735 1480 2292 6662 1354 5161 710 6056 9591 5731 6903 9507 40 385 4132 191 4408 728
6863 7340 10720 5161 7615 1296 8243
6864 5161 1472 8401 495 83
6865 5680 3786 5161 4219 8658 5757
6866 5161 1061 2664 1137 1197 5864 222 5030
6867 176 6175 256 5161 53
6868 588 474 5575 5161 10362 2888 6040 5784
6869 5161 5007 2524 338 4260 7360
6870 5161 9766 146 147 148 149
6871 525 5161 1783 871 3083 732 626
6872 5161 7936 9661 3120 7188 9101 4793 11159
6873 4282 710 416 5161 10702
6874 540 10 1094 2754 4567 10714 2207
6875 4567 6360 9809 8657 10916
6876 4567 10261 8524 100 10249 7101 1969
6877 4567 5048 6209 5383 1904
6878 5964 540 10646 4228 4139 6248
6879 540 573 7294 446 5465 516 4293 11158 11160 3039
6880 5076 6445 5765 540 11041 3175
6881 540 10362 5127 8754 470 8196
6882 540 573 3205 28 257 4297 10258 4145
6883 5623 540 9310 9855 9821 11161
6884 6252 4665 337 2239 7445 3512 624 465 4646
6885 5401 326 715 916 3512 6493 1488
6886 236 3512 2248 9423 5640
6887 6308 8404 4223 1081 8537 9925 7415 7363 3512 722 3040 866 468 9302
6888 10318 6065 4364 70 8698 11162 8672 3512
6889 3512 9537 9415 9741 8935 2229
6890 8984 26 80 84 446 4214 2171 8447
6891 6367 2221 3358 84 2287 2010 1581 5411 6541 4954 430 1407 2973 2974 487 9111 2215
6892 8676 4175 84 8926 8343 6611
6893 84 5698 3315 4487 11163
6894 84 3264 8771 5698 6212 95 4537 10241
6895 84 5954 99 98 994
6896 5089 40 84 8559 9008
6897 258 11164 84 7281 2613 4783 361
6898 84 10628 9771 7330 9646 3749 2842 2843 5973 798 5976 892 7036 2379 7441 7773 5717 3228 4932
6899 8953 4297 793 4516 8174 545 712 5054 9345 1607 4950 460 4069 8154 11158 5404 4467 724 8949 11165 84 2564 352 4471 8693 8539 3749 6284 7529 8366 3986 17 3218 6140 1636 9170
6900 8861 904 84 4706 7132 586
6901 4313 8865 84 3292 5729 10774
6902 5567 84 4313 2077 10932 5404 307
6903 84 4815 4516 487 6279 10615 7348
6904 84 104 8560 5957 188 5140 9761 539 4530 5242
6905 10087 5660 84 1816 3318
6906 11064 84 3765 2499 9144
6907 4508 7437 2590 84 457
6908 348 5109 84 2613 663
6909 84 892 10986 6380 4431
6910 4802 8033 6371 3426 175 911 208 2366 1193 1612 5649 1211 1385 1197 6773 1184 1712
6911 6921 4503 7733 4214 9875 7873 5521
6912 6921 8159 6815 2744 385 751 7403 3289 8501
6913 3785 4546 4927 10093 430 6921
6914 8435 8254 530 9036 5528 6936 11166 8925
6915 8435 5443 308 5154 9992
6916 8435 4408 3811 6388 30 5960
6917 48 7058 369 2834 8337 656 8435 1576
6918 787 4330 8435 7742 204 613
6919 7395 541 364 865 3200 8435 8050 466 7592 4431 8684
6920 8435 55 6711 3264 9598 5922
6921 9430 8968 369 7671 6406 2684 8435 3385
6922 8454 1761 8435 308 7360
6923 433 7597 2631 10237 3851 8299 4213 2589 8921 1000 1476 1354 9714 1413 3517 11167 168 1436 5018 1224
6924 2741 4809 8433 5375 8037
6925 8433 357 8681 1904 9367 5803 4746
6926 8433 4853 10608 5360 1090 7649 7602 7327 923
6927 8433 1496 1192 2859 935 1397
6928 7595 2733 1695 1483 998 1614 1195 1562 1019 1023
6929 4829 3652 176 3431 4237 1092 7595 5272 8586
6930 1248 1028 5832 1334 897 4747 862 4748 7644 7969 6134 7379 1727 6543 11168 1335 1677 1503 2199 1626 159 1748 1148 2062
6931 1727 318 3439 6136 10801
6932 5165 6526 1727 5952 2911 3567
6933 5873 1727 5519 257 3963 4198 287 2119 6863
6934 1727 2913 1447 2376 6633 10284 7432 3191
6935 334 2332 3752 2468 10782 1727 2163 2927 4592
6936 10262 1199 9204 1727 866 4507 11169 11170 1356 5029 544 7407 3567 318 6136 151
6937 1727 2047 6464 6227 3080 6396
6938 1727 34 3276 5715 11171
6939 112 1727 3660 3261 799 5452 615
6940 1727 4200 2870 11172 2672 10430 2369 296 303
6941 1727 7085 2373 8237 917 6608 10203 2215
6942 6191 3319 10283 7695 1727
6943 3657 9150 6092 7718 1840 1727 4592 1481 1647 6758 1617 3866 1463 4671 5030
6944 1727 5749 5276 3000 6775 6346
6945 9134 6620 2457 1727 10170 10106 11109
6946 1727 1354 4166 4925 7348
6947 7125 493 4335 925 1727 822 3642 10785 1908 1184
6948 1727 9701 9737 6800 8398 10604 11053 5282 3354 5408 485 4185 5116 7536 4254
6949 1727 568 570 569 7105 1203 1511 1597 3976 6080 6960
6950 8547 1727 257 5873 6695
6951 2292 402 189 8375 7062 2613 7458 1727 3315 182 6029 8924 902 10280 1621
6952 5836 217 519 7267 2309 1727
6953 5972 7277 3218 485 1727 1767 4316 6577
6954 1727 361 2215 5434 5543 6697
6955 8482 5935 527 6397 11173 5921 1908 2303 5916 8730 1727 10850 271 5922 1995 361 2504
6956 10293 4776 11135 3140 8347 1727 7949 3931 7521
6957 4368 674 393 4723 1727 590
6958 1727 1032 832 5741 4542 1036 5888 221 1166 1083 1025 3297 1114 1416 782
6959 2752 9101 1727 7172 11174 1280 3315 7900
6960 1727 3559 7644 868 457 179 511 3266 3926 8789
6961 1727 4227 4408 4819 5231
6962 7917 1727 7635 1000 10029
6963 6633 5519 3372 1727 2424 3315 1093 7654 7619
6964 6928 1727 8946 6089 6346
6965 1607 3263 2373 3046 1727
6966 1727 11046 8601 8767 7105 2504 9145 361 10842 259 11175 5291
6967 1727 5648 692 1351 1609 1295 4920
6968 2656 1727 3438 7073 10631
6969 1727 4806 17 2971 11176
6970 3154 2325 1727 996 1119 1462 1299 4685
6971 6833 1763 348 6136 44 1727
6972 7752 1727 5762 11056 7080
6973 1727 3800 1679 111 4661 6396 4120 2463
6974 1727 2424 6599 375 4107
6975 1727 10393 5655 4866 4280
6976 1727 589 2351 257 2804
6977 11177 5735 2321 10171 1727
6978 7801 1727 11054 151 9731 5925
6979 1727 2663 1801 3927 3169 2417 6995 5797
6980 5930 9703 8741 10683 2369 7563 396 6844 4543 1727 1909
6981 4496 1727 4166 10127 9728
6982 11178 1727 1354 802 3502 8663
6983 1727 1354 6221 7265 2764
6984 1727 3166 7473 7537 7474 3818
6985 360 10628 2464 1727 4227 3080 6786 7741
6986 9318 5007 8690 562 4144
6987 9469 5783 3612 4831 5007 4211 1066 1122 858
6988 6377 6237 5007 3043 647 2580 3218 4247 4241 544 969 11179
6989 5007 1599 2922 1762 10441 448 869
6990 5007 7783 3157 2424 6786 6593 2369 11180 2106 7490
6991 5194 1283 5007 506 3371 2338
6992 236 5007 4438 413 9711
6993 5007 3841 1 3915 11181
6994 5007 5584 5196 1648 4700
6995 5007 4948 2521 4411 8777
6996 7030 4396 440 8161 8754 5895 2245 4734 8718 6572 8597 5007 3534 9613
6997 5007 1576 4167 5699 3446
6998 5007 11182 255 3371 873 191 3264 4994 3845
6999 2648 5007 8577 7848 9243 1602 3300 10614 2999 2188 205 4217
7000 5007 8260 9169 2221 4468
7001 5735 7512 5007 3472 10484 9088 4490 3323
7002 8689 5007 440 5268 1173 8007 4293
7003 6442 5007 519 875 4292 4440 3763
7004 5007 40 2853 10904 1243 7353 7483
7005 5643 5007 1472 884 2219 1965
7006 30 5007 5783 20 3062
7007 5007 11183 3995 5425 4264 1728 11184 4712
7008 23 7330 5126 5007 1355
7009 6099 5007 4217 1123 9542
7010 5007 3438 6180 2876 497 2670
7011 5007 112 1092 4987 54 2231 519
7012 189 5720 5007 5127 143 6821
7013 26 9208 490 5007 3858 3857 5872 9265
7014 5007 191 3954 2513 189
7015 6847 9341 5007 196 3857 2154
7016 5007 11185 1629 34 4117 2736 6229 5743 3315 973 8934
7017 2353 6861 5140 5007 34 3473
7018 5007 539 596 10869 7127 11186 9510
7019 5007 9666 4079 584 70 8878 465
7020 3592 11187 4223 5007 3346
7021 5007 5 6 8767 6405 3588 630 3093
7022 4646 5007 4948 7404 7192 1271
7023 5007 40 218 9478 756
7024 5007 1420 346 9487 9769
7025 531 7491 1472 8073 5229 3862 5007
7026 688 685 5007 3400 51 10614 311 3753
7027 3461 8163 34 48 4081 1307 176
7028 7483 2269 4293 470 3461 440 4023 4233
7029 1048 1031 3289 6510 10335 3897 1286 10966 2492 3461 1602 137
7030 9381 6546 3188 3461 9239 11188 11189
7031 1506 2310 9779 1447 531
7032 9386 1506 17 530 1810
7033 3122 1506 5945 3596 917 7389
7034 1506 2535 512 1792 1957 1958 2196 1320 1048 7388
7035 56 4074 1162 1506 2310
7036 1506 2921 352 1599 2922
7037 10894 1997 686 1506 307
7038 3710 6842 2940 7976 9991 1506 179 9642
7039 1506 8521 7490 10260 116
7040 1506 2310 2312 353 4800 511 3257 909 8956 6589 908 11190 8274 1220
7041 5105 2522 8715 2920 4462 1896 1506 5710
7042 82 4095 80 541 1506 2256 3189 4657
7043 684 1506 9453 1493 10774 5693 5005 4862 5824 2834 969
7044 5127 2513 2535 3303 3540 3670 5978 5907
7045 5462 8305 2867 8306 5155 7847 2292 11191
7046 55 3206 4233 7847 5155
7047 5155 3856 1050 9687 10041 11192
7048 5155 96 5284 4307 70 8694 3989 5285 6545
7049 5155 393 85 7847 2653 11193 9495 2834 9497 6080 326 372 112 506
7050 8326 787 8993 7860 1204
7051 5348 2773 8695 743 918 128 9706 5238 968 11194 5528 3049 127 594 4760 970
7052 5348 1003 5836 1802 2192 5875 2202
7053 4418 109 7559 5445 5131 7494 284 4824 4219
7054 7253 923 1347 5284 3342 6545
7055 8053 573 11154 1090 1197
7056 4381 5059 2854 6766 4346 6615 11195 10911
7057 5641 3755 6714 3216 100 6881 888
7058 5641 5383 9552 9384 11132
7059 3448 1673 1347 119 5641
7060 5641 8097 6259 3861 6300 5745 10003 451 4970 791 4798
7061 7962 5641 4746 5094 55 8164 9263 2741 2021 511
7062 5106 5641 82 2630 477 7962
7063 285 7785 4217 4019 257 4739
7064 3673 2273 7187 285 4245
7065 7777 5956 9333 5981 6396
7066 5956 531 3959 7364 5291
7067 4515 2221 5956 513 175 9333 11196 5354
7068 2089 4323 440 1471 5956
7069 2351 6550 3831 2163 4579 8431
7070 3831 10882 6913 5823 8274
7071 7544 1061 3831 2110 3999 7071
7072 3831 1447 1322 5727 9820 415 748 7189
7073 7780 8528 9815 8496 1340 1354 601 5933
7074 8679 7393 7780 5798 9395
7075 624 11197 10954 11198 1582 534 2840 92 7725
7076 534 179 174 491 3115 3866
7077 4210 6252 5118 534 179 383 10124 9696 7763 2515 2744 10287
7078 10766 810 793 4255 3
7079 4746 4146 9440 4255 5943 813
7080 2021 2988 2402 5113 4255 8484 7884 3191 687
7081 6178 751 4778 5040 4255 7920 5916 4431 6897 6605 6135 6910 1492
7082 4019 6746 3857 3151 5978 4255
7083 3166 112 8712 10005 6970 2656 4255 3571 1480 2860 8968 9706 601 8382 5198 2939
7084 9272 2520 4132 7945 6135 6284 1248 7651 503 524 2133 685 6684 6904 6477 4255 10353 1492
7085 4255 2733 8612 473 11199
7086 2422 2733 1725 1561 4255 6781 3442
7087 443 6545 11200 4012 4255 2649 8223
7088 3934 4255 7532 8581 8834 246 11201
7089 4255 10616 9928 10997 6276 2864 992 7850 275
7090 5910 4348 522 4217 7207
7091 5910 5127 527 462 49
7092 5910 8971 522 2370 11202 8223 6550 6202
7093 5910 9982 6894 4776 8312 693 730 3790 9076
7094 3673 10992 1244 112 308 9487 5119 5910
7095 1602 9016 6318 4626 1511 5046 5910 1455 5658 4250 10648 5137 5345 6116 9731
7096 7180 369 5910 9484 3857
7097 4089 8531 9412 3096 9971 8492 185 2239 10667 5802 10681 5452 9189 4233 7356 7930 6045 7498 10339 9249 5910 8131 11203 9942 2466
7098 5910 464 8841 1370 8187
7099 5988 2198 9823 8277 185 108 5910 6235 7545 5812 9498 11109 8267 1123 4226
7100 868 2037 2969 11204 4019 40 5910 4144
7101 9625 3643 871 5910 3300
7102 10194 1492 8134 8287 5910
7103 5963 524 3742 2870 9608
7104 5963 9938 10245 3424 2650 10419 4741 519 141 7554 1731 7490 4737 1127 5945 4883
7105 5963 4316 8174 8720 545 465
7106 5963 870 4348 3922 28
7107 4427 4394 2241 4008 5963 8594
7108 364 82 574 3392 698 872
7109 1844 872 9630 10757 1123
7110 872 8234 573 3205 794 5103
7111 872 4565 364 446 7466 11205 6180
7112 7520 81 872 688 3968 48
7113 892 4223 872 9802 6843 11087
7114 872 7287 3201 115 369 236
7115 872 9383 5338 4168 1376 5648 6205 4077 3293 946 1016 1209 849 1210 219 5884 1261 842 3819 1226
7116 872 6369 9109 7476 11206 10797 329 10985 9
7117 872 6502 8847 724 1161
7118 9759 872 10079 8426 5490 9792
7119 872 865 5084 3567 10110 8065 2623 1028 1334 10325 1270 9320 1154 2926 852 1718 1731 1725 1336 692 1051 338 1132 1723 1724 1611 2905 1279 996 1381 1018 936 5029 410 1001 946 969 1320 949 829 953 5839 38 2203 1328 1118 1272 961 24 2548 1215 1488 1654 1311 5857 1162 3039 1166 1685 2934 6732 3921 842 1414 1445 982 1656 1400 1318 1178
7120 872 3791 5078 736 7956
7121 4233 3198 1123 687 4886 11207
7122 11208 8732 4233 2508 9972 685 6505
7123 4703 9702 629 606 5642 657 4233 4481 11209
7124 7511 4233 9666 3761 3745 11066 4474 9876 8576 4399 4468 7352 8209 4238 4139
7125 10848 10712 4233 11210 553 6353 6171 6394 2766 89 6433 2529 8292 6115 4880 4279 467 8342 878 8478 2054 151
7126 1380 1295 5858 10209 4233 7149 1714
7127 9666 4233 3761 2524 3315 7461 9210 1511 7889 1492 5746 6029
7128 4233 5492 11211 720 455 3475
7129 6455 5282 9701 4233 11114
7130 4233 1048 3466 4440 10111
7131 9775 8576 4233 4224 9413 8142 5802 718 8888
7132 9492 11212 9701 4233 3550 3335 6355
7133 6066 7576 1518 6531 6455 350 1840 381 4758 8390 2999 4233 2355 93 5591 4023
7134 601 4233 5463 9666 10025 11213 9701 5313 3745 2468 824 3949
7135 4233 3585 11175 10850 1129 10982
7136 6235 10224 5028 2725 5463 4027
7137 5463 7872 3017 2933 2267 8735 3927 5530 6956
7138 7170 5463 10195 7544 7406
7139 5287 5492 5463 5313 10713
7140 5463 6455 7175 9656 3745
7141 9977 10025 87 5463 2171 7569 90 6455 2451
7142 2756 603 1203 5463 3761 5313 5286 11214 11215
7143 11139 5463 11171 11216 381 812
7144 5140 3324 2437 7331 5116 646 5463
7145 1451 6524 5463 1324 5969 6415 1450 11217 5710
7146 30 8199 8527 3983 916 1662 6571 5463 4703 5982 338 261 8490 10194 1044 401 4140 424 4228 4139 7634
7147 87 2171 1767 5750 4795
7148 3805 928 674 2414 4492 1767 2267 5049
7149 1767 6674 7620 7421 93
7150 10665 4746 10305 1767 6487 8359
7151 1767 9167 637 8100 1600
7152 1909 5531 1767 3501 1189 258
7153 4853 9357 7598 1904 8394 2741 1341 1808
7154 466 1472 307 8223 7486
7155 1472 8431 2779 11218 4426
7156 5445 5261 4205 4348 1472 3670 9209
7157 3804 7513 2106 117 9355 9036 1472 10153 4757 342
7158 1472 3964 5207 11069 10278 799 7191 941 4393 3198 2292 8160 501 969 2231 502 6860
7159 1472 2454 552 9185 10857 4426
7160 1472 531 1094 1096 8789
7161 1364 4308 248 1472 108
7162 4370 11219 3149 1472 8175 8281
7163 619 82 722 1472 694 4127 261 1707 8286 7065 656
7164 9096 1472 477 11177 1347
7165 1537 9488 119 4153 3950 1472 506 423 3457 3534 581 1731 8843 4333
7166 5246 5134 2736 1380 1472
7167 10562 7545 9531 1472 4079
7168 8466 1472 191 531 59 4181 423
7169 1472 601 34 1095 1092 2241
7170 2269 1472 3566 531 5976 7452 1341 9365 664 13
7171 2812 82 3095 11159 9145 1472 4653
7172 1472 8225 5334 1806 7105 4841 10028
7173 624 4949 1352 11220 1472 2256 2259
7174 2829 1472 2508 5 1865 354
7175 9471 477 3555 5242 1472 7482 9018
7176 6750 2634 115 3216 1472 3755 11221 8560 7386 8999 2010 6376 5240 2444 2311 9580 7503
7177 785 11149 4812 11222 1472 866
7178 595 1472 10 9526 523
7179 1840 1472 5293 2886 322 5773 1507
7180 1472 4223 4095 475 4210 1410
7181 2532 2547 1472 423 7403 3857 6463 8572 512 3198 7685 4047 7071 7755 3979 4403 4159 8439 10113 5944
7182 1472 8116 4937 3070 3064 5004 11223
7183 531 1472 4247 929 3135 10578
7184 7008 7446 6226 4944 9366 1604 4744 7909 56 1472
7185 2536 199 6886 1472 7337 7768 1321 10014 7632 5034 5949 5700 8945
7186 1472 5445 866 27 921
7187 1472 5945 1471 88 1383
7188 1472 5205 3888 4814 3018 6483
7189 2613 30 8581 467 3189 1472 4223 6965 1407 1271 545 128
7190 1472 531 423 3122 9885
7191 4390 4336 5502 1472 4170 7709
7192 1472 1182 531 3257 3858 2231
7193 11224 9576 5608 1472 7410
7194 10914 3045 3954 5835 1000 275
7195 8705 4948 2851 10914 4940 1547 8219 9206 3582 5455 2991 8113 2408 6804 8811 5010 6836 8828 5196 8815 11002 7633 11003
7196 4829 7687 515 3153 6646 2669 4732
7197 4829 4394 10340 5005 2863 2853 402 8782 3198 4530 7407 4531 1383 2866
7198 11154 1123 4829 2442 453 2853 30 5127 799 9711 6070 7726
7199 7446 4109 7150 4829 1094 492
7200 2843 4829 10 2853 705 6258 3686 6306 3038 4519
7201 4829 5127 44 6461 4750 3003
7202 4109 3925 4316 5338 423 3555 450 4829 1096 452 4368
7203 8591 4829 1095 2847 336
7204 80 5173 866 470 4829 10467
7205 4829 51 9892 9524 8737 10047
7206 4829 7951 4217 9665 685
7207 4829 2435 3856 423 7947 8270 8108 5534 5413 1322
7208 10125 8522 7615 2419 4829
7209 423 58 27 117 4829 1096 7062 901
7210 4829 4529 93 5502 4956 4006 1222
7211 4829 3303 6556 2198 9642 4600
7212 1725 1548 1192 1351 1644 720 6757 2202 438 413 1033 158 1709 965 4646 755 4600 1161 250 858 1847 1025 1704 2204 814 4829 4601 1400 1318 10140
7213 255 4297 4829 4073 3755 454 4647 492 5966
7214 3166 5957 255 5697 453 8560 4829
7215 8916 4829 866 5136 4217 465
7216 865 4829 346 1095 1094 2565 7919 544
7217 4829 8869 94 179 10162 8594 8564 7027
7218 10950 9310 1761 4829 797
7219 2513 310 5821 4829 9671
7220 4210 869 11225 4829 8426
7221 453 2257 4948 4829 179 477 28 284
7222 4948 3147 871 508 8557 755 4829
7223 191 5127 3538 10970 10259
7224 191 1092 2875 179 40 3693
7225 191 662 6966 13 5165 470 4268
7226 191 213 9154 3879 674 7473 4240 8367 4254 7965 618 6633 2077 2576 8247 3855 8323
7227 5473 6132 5619 595 4152 191 2334 1092 8330 3309
7228 1328 89 191 4825 6379 7943
7229 191 5127 402 465 9500
7230 5834 10538 8 3629 191
7231 8402 4019 10079 191 7788
7232 191 530 3947 10219 8122
7233 6170 1645 191 5127 503
7234 191 3264 3954 11226 1118 11185 4835 8440 8988
7235 1328 698 3983 1282 3231 5120 11227 3039 7352 440 815 6022 1588 11228 1589 191 9811 11229 9834 7552
7236 662 402 354 5242 191 5127
7237 2291 1094 191 706 8201 8485 79
7238 10159 1066 125 1071 34 7474 969 4974 4428 4083 1182 191 3858 5913 866 921 54
7239 191 402 143 404 5721
7240 191 10247 354 189 792 8332 5915
7241 191 4282 3278 5415 5417 264 3030
7242 10391 7589 7474 191 4942
7243 3870 532 3888 191 3954
7244 191 662 189 10386 7338 3730
7245 191 477 189 792 2853 5404 2513 7316 5483 470 921 4293
7246 191 5698 189 2567 7916 2832 10270 792 48
7247 3293 191 662 189 477
7248 191 6503 6843 662 2239 6393 999 717 7470
7249 8675 191 5978 9226 9127
7250 2733 1909 3091 8856 191 5198
7251 191 2553 8299 2502 4903 2661
7252 191 472 662 5242 3945 2832 4051
7253 1995 3264 6457 3925 1498 3902 191 8339 1487 4646 1372 2728 843
7254 191 3264 5445 662 402 354 129
7255 191 44 8842 5718 711
7256 3196 55 5098 477 1252 2647 1272 1280 7553 1132 201 10259 848 2860 947 1688 1195 5855 2203 1118 961 1651 1107 6756 6702 1120 1109 1683 1218 5864 168 1085 983 265 1605 987
7257 5377 5371 1206 8361 3196 4611 8903 7326
7258 1784 3233 1817 3969 1921 149
7259 3650 7337 1599 342 7339 7936
7260 7337 23 6493 4318 11230
7261 104 7337 2536 9044 7980
7262 7337 1188 2742 6571 3904 4712
7263 4095 5477 8698 8374 8201 8794 7337 5082 5257 4745
7264 7569 7337 5505 467 3596 4121
7265 9462 3527 7337 1599 11231 9452
7266 7337 2920 1599 2922 1513 6594 3981 775 6078 8062 3
7267 4348 1909 2223 7337 415
7268 3345 7337 10555 10884 9990
7269 10605 11074 3621 11118 10944 6763 9184 9189 11232 7337
7270 4376 4050 4069 7337 8062
7271 80 9826 5489 5145 7337 6514
7272 4835 7994 5974 8261 27 10611 4638 5500 1092 11233 7337 5113 2233 6573
7273 11234 10424 5586 7978 7337 4919 8366 5493 4661 1518 1 1648
7274 1909 7337 5157 793 1589
7275 9662 1599 2922 6283 11235 10160 7337 5043 2569
7276 7337 4447 1599 2922 9721
7277 8892 11236 11237 11238 11239 11240 8897 8900 11241 8904 8906 11242 11243 4610 11244 8912 11245 11246
7278 8904 11247 11248 11242 11249 11250 8898 8892 8896 8900 8906 11251 11252 11253 11245 8912
7279 11247 8904 8891 8892 11249 11248 8896 8064 8905 11241 8900 11252 11253 11240
7280 11244 8911 9040 11243 8904 11240 11239 8908 4610 11246
7281 4609 5244 4244 3888 7473 3034 4017 7898 2347 752 6532 1407 2877 10096
7282 1904 4609 5370 1206 4854 5330 5391
7283 4809 5338 55 6241 9810 11254 10231
7284 4809 2582 55 7859 2542 3479
7285 10674 3996 6023 6024 10136 2166
7286 3996 9651 2853 48 6183 4326 8251 5571
7287 3996 787 506 5718 4367 2515
7288 3205 369 3996 5501 5
7289 4132 5148 7039 3048 174 446 1271 11255 3996 1492
7290 6667 10288 2292 9334 730
7291 5377 8412 7326 4611 9038 8682 10354 6671 5375 1206 9258 4854 8458 4853 7696 6267
7292 4658 6497 6809 8016 8448 1426 2734 2424
7293 5368 4213 5453 7277 2522
7294 5368 7277 868 8254 176
7295 9263 9123 10361 7801 1018
7296 5374 5088 2741 3213 9014
7297 5375 1494 5862 1215 1373 755 1160 1488 4594 1810 229 226
7298 2582 5375 9780 2644 1828
7299 4660 11256 2590 4166 11019 5519 2046 250 3031 6396 5236
7300 55 868 4660 92 10924 9005
7301 11036 4697 2827 10437 6308 624
7302 11036 7444 5499 3214 9650 6896
7303 11036 5127 4839 5 6 40 354 450 2516 143 8264
7304 4284 11036 748 3079 284 6572 8952 2668 4498 11257
7305 5531 115 730 11036 4949 4074 497 8717 3593 11258 713 2860 6408 7009 4054 776
7306 48 10956 81 787 3968 2241
7307 3026 787 867 4493 8368
7308 787 3218 5715 6323 929 7449 4061 5066 30 81
7309 445 7341 787 4308 9407 9408 9885 5143 9424
7310 6805 7451 787 11259 3865
7311 485 83 787 4095 337
7312 787 7389 6367 279 686
7313 1123 7523 8631 2789 787 8285 4894 6309
7314 5502 5519 6108 787 6900
7315 787 460 9168 2389 467 8594
7316 787 503 2742 941 2021 7842 502 5856
7317 787 4394 2959 400 30
7318 4934 9559 7364 787 4407 2876
7319 4565 732 10528 66 787 4979
7320 8552 787 256 601 3372
7321 8030 8780 361 9392 4992 6573
7322 5167 897 3612 3808 3618 10251
7323 3808 4412 8075 9555 467 1761 8280 11260 868 524 10351 3308 4438 6897
7324 3808 7205 4174 2829 3687 4193 4858
7325 5896 2755 10512 2045 3808 7608 659
7326 3445 247 1117 1503 1441 1030 804 1365 1408 5875 1526 1368 1207 684 5741 1036 1142 3808 4590 1362 1561 2934 1360 1323 842 1847 1299 814 2204 1223
7327 867 10475 5503 3547 3808 115
7328 9849 11261 5568 3808 6874
7329 3808 10340 214 10063 4000
7330 5048 9019 4746 7277 8217 5701
7331 5048 4146 10587 952 8442 3685
7332 9572 544 5048 4205 10264 3216 732 3300 8154 509 3175 488
7333 10546 9818 4305 6640 302 196
7334 9610 2239 11262 9961 7697 670 5014 8833 3221 10105 11263
7335 3093 4654 11210 518 326 92 10705 4958 10781 7697 10973 556 6187 670 222
7336 7697 4903 11264 7421 4210 4500 93 22 10296 3649
7337 2582 7277 5072 7697 4565 1206 8913 531 7662
7338 9738 861 9156 9385 5069 2320 518 7697 23 1100 912 1548 1238 1231 1032 935 1740 1368 1384 1005 829 5029 1520 1214 756 1039 4600 1692 1299 2982 6732 1114 1227 1224
7339 7697 7951 4288 868 3614 11153 509 717 487 495
7340 7697 2539 1602 9759 6986 937
7341 458 112 55 1138 8598
7342 55 3384 8425 2714 6715
7343 55 10955 92 3653 4242
7344 55 3326 4168 5075 2484 323
7345 4282 8674 5088 55 5471 10315 5574 3431 3216 1061 1130 1101 1306 1642 921 1277 1134 8445 3911 1501 2543 1207 949 4662 1678 1432 11265 11266 9949 963 967 968 4626 966 1076 2059 969 1361 971 1077 437 4909 10115 2909 1121 1315 1402 5018 987
7346 2522 55 4565 188 8591 1341 10247 7517 6692 1336
7347 55 308 1341 486 10939
7348 1904 55 477 2056 3153
7349 5095 55 3203 2954 11260
7350 1696 55 9081 9287 4150 9541 9756 4190 460 1451 7364
7351 55 7738 3662 9163 7526
7352 55 82 1248 1028 1340 5083 6990 3886 1271 2968 1516 1275 11267 10740 407 1548 911 3802 1101 4153 4882 3221 1450 7554 1568 2755 1451 1494 10166 1736 1380 1525 1381 939 1429 1550 4642 945 1526 942 949 807 158 6751 8999 3318 810 968 1364 5888 1143 1460 969 1175 1165 1315 167 166 970 1313 160 1167 1057 1173 163 1171 1170 839 1019 841 811 164 1161 165 1079 1152 1259 161 162 836 814 3297 1713 2061 983 1059
7353 8063 4213 55 3431 5658
7354 3302 55 6312 324 6336 6340
7355 55 8644 8217 2584 192
7356 55 2583 1205 573 8547
7357 55 92 8327 541 318
7358 865 55 8425 8464 20 6099 868 8772 861 2742 9825 4876 5616
7359 2848 55 189 11180 3138
7360 55 8432 9019 8238 11268
7361 55 433 2522 4282 2634
7362 4655 674 55 2358 8654
7363 80 55 4746 3218 5828
7364 55 6298 10762 11269 7285 4493 3938
7365 55 423 7563 1908 6924
7366 55 865 5204 446 688 3887
7367 4242 8644 55 11116 2528
7368 55 7719 9993 2971 9042 8309 361
7369 5371 2600 55 26 2656 4264
7370 55 10305 9525 752 7449
7371 1696 55 10799 7522 11270
7372 26 55 433 4282 3277
7373 9770 55 5092 3200 255 3719 1448
7374 8254 8402 358 59 5106 2584 1347 55 435 7944 6187 8520 6766 3905 5802 6551 51
7375 55 2522 26 6656 7269
7376 4565 26 5099 868 55 4032
7377 55 10492 9117 6561 820
7378 55 5082 193 1494 941 4077 199 1100 994 848 1382 829 9200 961 7767 1257 6737 2548 964 1271 4350 1396 756 1216 1459 1562 1172 5864 1200 3 7979 3866 6740 227 226 11269 5914 2973 1592 1656 3241 987 4602 1293 232 675 9181 3835
7379 55 5728 8127 7612 5238 8627
7380 8164 2522 10350 7612 5383 8034 7800 55
7381 6542 192 2615 7628 7231 6390 55 1995 57 5185 9027 3890 1301 1302 1130 684
7382 1909 55 8559 143 11045 9620 11271 3114
7383 2623 8087 6200 55 2988
7384 82 55 8088 188 2584 5360 435 176 3851
7385 55 8638 2021 3454 9334
7386 2520 10468 5590 1123 9938 591 7104 467 9162 11272 941 9489 9673 7931 4603 1307 10013 6723 5207 2864 2840 9582 1282 11165 739 4482 8841 4267 11273 11274 1317
7387 2520 2741 4746 2881 1904
7388 2520 2519 5264 8437 2623 5360
7389 2520 6927 2657 256 361
7390 2520 176 6320 1619 725 11275 6580
7391 5044 7589 10647 477 50 8055 3153 4436 5144 9998 11034
7392 8055 1341 7101 6540 7842
7393 8055 4008 85 5812 5895 8444 6523
7394 4998 5 8055 132 8549 4022
7395 7753 740 10103 470 9340 11276
7396 4185 6312 8543 9571 3473 5788 7753
7397 7753 402 1131 1123 5227
7398 326 5783 2416 6511 4450 7753 8422
7399 7753 1123 4508 11277 8721
7400 7753 52 10194 4303 7364
7401 3804 11278 4404 10239 7753 3893 632
7402 8560 8378 2390 4328 1699 9666 9656 4031 2832 7753 457 5940 9737 5857
7403 4401 6435 7753 2390 2242 1173 6555
7404 512 516 7753 2257 4570 15 4714
7405 3596 6922 7753 6183 11279
7406 5971 1543 2247 943 10620 8413 5250 5764 261 4177 3976 7419 2870 10119
7407 7993 7523 10659 9918 8143 5971
7408 10328 4358 5971 87 2110
7409 644 5971 6180 4322 535 2834 4603 9265 7470 3183
7410 3275 5971 185 11280 520
7411 531 6710 6750 9013 8578 7564 5971 6401
7412 8908 11281 5371 4610 8905 11243 8912 11245 11282 11241 8900
7413 5432 2168 11042 6786 2993
7414 2168 4696 4210 6325 400 4144 813 1703
7415 9649 6226 6825 2168 257 9607 9536 4389 5557
7416 685 3720 11283 381 440 6632 2168 1173
7417 1237 2168 464 10110 7695
7418 5976 606 927 704 652 7774 1473 9335
7419 4454 2241 1473 8614 6981
7420 2835 3695 7105 4661 5034 1358
7421 2863 10655 792 6572 2835 3997 4417 531 6444 810 8189 7070
7422 2835 4019 4428 3997 676
7423 2835 8743 10206 8998 8576
7424 2835 2292 5454 629 3366
7425 2835 3217 595 1092 7149
7426 2835 4834 6817 9483 9676 5227 7684 5419
7427 10827 2144 2835 2829 3158 11174 4859 6924 1550
7428 3695 2835 9278 9418 4355 93
7429 9039 2835 4428 6935 6121
7430 7434 5 2835 884 866 9497 496
7431 9236 5893 1739 8191 4786 1715 9955 7787 2835 7237 1518
7432 2487 2835 51 1933 3315
7433 2835 6493 7844 9097 11013 4570 4957 4012
7434 2835 722 9153 4488 10989
7435 1346 2835 7218 3472 11122
7436 7669 3260 318 2219 4566 440 2835 5255 257 2790
7437 7437 2590 9450 732 2835 2827 6169 1709 4317 5940
7438 2835 2256 3275 4168 2484
7439 2835 1281 6819 3987 2413
7440 5590 7850 3307 6114 2835
7441 2584 5098 3997 2313 441 8819 4523
7442 545 341 9763 8174 7365 2833 3997 4054 5140 629 868 7484 10940 4051 14 5244 5965 526 400 870 9470 10144 2521 453 1081 1762 4946 4009 8405 2253 1779
7443 11284 5241 3997 2973 7788
7444 1095 685 343 2590 3026 3997 7179 10131 8975 176 4244
7445 3997 7175 1347 9645 904 3444
7446 10263 3997 1607 2212 1285
7447 8372 2100 607 3997 3754
7448 5372 10250 5352 3023 7334
7449 4213 10159 1838 1494 2562 938 1104 6761
7450 48 4832 8150 7374 9399 7382 4213
7451 4213 255 402 480 3218 1719 4244 3961
7452 4213 2796 6919 8329 3438 11285
7453 9772 1016 6184 4008 4213 2241
7454 2292 4213 3726 7179 7930 9782 3793 7610 10399 1443 1442 7400
7455 4213 3690 11286 3916 2248 3406 968
7456 11287 6848 5311 4061 197 8707 4118 6834 4213 2230 10128 1671 1673 7497 289 1674 895 1587
7457 4213 8147 9763 744 799 5623 545
7458 4213 1123 4418 7687 5238 10409 9176 6966 342 4247
7459 10875 5558 4213 3471 6529
7460 4213 4384 5792 2047 3787 2648 3379 1000
7461 115 6572 465 7123 4580 4213 4359 969 10243 2260 4547 3299
7462 5106 7860 3026 1606 10305 2590 969 363 4213
7463 4213 4412 8513 452 7179
7464 4213 4503 7743 1028 2618 2326 2742 1494 1523 1191 1425 1117 9222 1134 931 1429 1551 4391 942 1742 1195 6454 1214 3868 1228
7465 82 8173 10950 7039 4213 4359 3026
7466 4213 10808 2661 9247 10330 5049 256
7467 4213 10537 5271 9701 4934 3766 8019 10757 7321 8478 6073 9498 10639
7468 4213 9719 5149 4824 1065
7469 4213 8349 3047 9733 3707 119 4504 3912 969 8808 11288 6836
7470 4213 1909 949 9172 1112 3981 10784 3
7471 88 440 4213 8563 4064 868 3615 8480
7472 3404 4213 204 2996 5700
7473 4213 453 5690 8484 11289
7474 10343 10481 748 5162 5109 8363 3686 467 9665 3305
7475 8363 7703 54 3693 10444
7476 8363 1188 9640 2841 7442 9315 11290 11134 5977 3052 10555 87 176 2807 9576 2369 6316 6018 7636
7477 364 468 8363 2292 956
7478 112 11124 56 104 9646 26 4408 8363 7036 602 1081 369 366
7479 4074 6704 1031 1238 1572 5622 562 1743 8363 1234 1145 986 1247
7480 8363 433 867 2198 235 7319 11291 8875 6437 3220
7481 8363 176 8428 4526 5502 5845 441 6768 11292 7359 1173 1285 6916 529 381 533
7482 8363 10975 378 10855 11030 9073 6598
7483 8363 5 6325 3210 8773 5906 6541 5802 10882 11293 6194 4047
7484 8363 9458 7123 11257 11112
7485 8363 923 8837 9167 2954 2532 5047 10279 3806 8121
7486 8234 7172 321 4785 2595
7487 8401 40 8234 7860 4142 10144
7488 5788 4834 595 34 5720
7489 279 2039 4823 4834 6692 2163 999 246
7490 2100 7186 9647 4855 5352 5699 6576 2232 7389 8477 595 9450 4834
7491 4834 2971 3999 93 7738 4501 11294 838
7492 7949 10020 10018 4834 6203 2241 9928
7493 4834 6359 308 440 5300 8614
7494 5132 4834 3614 5890 6255 8918 10759 4371 11295
7495 7951 868 722 3615 4367 5117 2511 9551
7496 8208 11123 7951 6187 11296 8382 9145
7497 10716 7951 5186 6382 4605 2586 7354 1773
7498 283 8646 6625 257 3717 10156 2569 7951 303
7499 7951 6312 2266 9351 10178 11297
7500 7951 1410 4209 7848 10755
7501 7951 506 3507 3266 1101 9643
7502 7951 3792 4413 369 309
7503 9519 493 7951 8909 7712 7644 11298 7328
7504 7951 10171 4228 4832 6376 666
7505 3814 7951 9868 400 9318
7506 10657 4112 6344 7951 692 687 7064 48 5737 22 30 1909 11039 11204 9498 8513 10746 4746 9785 364 9400 3220 1067 11299 7731
7507 7951 868 7355 716 34 3477
7508 7951 11300 10855 529 6471 6860 4593 952 3939 628 5674 5686 4981 6961 7690 4059
7509 3692 4788 4088 1448 975 7105
7510 4788 5997 6221 9840 2731
7511 6993 5054 4795 4788 8350 581
7512 3055 3094 7788 7791 2075
7513 4126 3055 5262 3724 913
7514 3055 53 9588 2387 4088
7515 5804 677 6105 9344 9921 3055
7516 457 6363 7962 736 706 5247 3521 10221 1706 8177 735 5943 9544 3025 1024 10529
7517 7062 4137 797 457 5976
7518 457 6533 7062 1094 470 3909 994
7519 7819 6590 457 10637 10765
7520 7271 457 10121 9869 11301
7521 457 8916 1094 7555 4339 9857
7522 457 2267 2733 48 10209
7523 7285 457 916 3754 1698
7524 315 4942 10192 10614 3596 7748 9682 4217 2961 3457 5445 8159 2392 6497 8516 369 2925 96 4303 108 457 3862 6241 3690 8402 5895 455 866 6 5 2265 619 318 1625 10904 4243 9251
7525 9104 3035 664 457 3300 470
7526 527 682 5480 457 132 8587
7527 457 595 2379 3755 3749
7528 457 1092 6989 7419 584 3858
7529 457 6533 5 40 11020
7530 457 4191 233 8199 11272 941 3857
7531 11302 11303 523 457 866 687
7532 874 3521 5280 3615 8444 2845 457 9823 9676 1582
7533 4050 7451 3945 361 901 9875 2291 11016 3464 457 10997
7534 457 5088 82 7381 5 6903 5255
7535 2565 465 10562 5839 457
7536 601 2379 457 458 188 4958 9384 4142 3913 10294 9994 1909 2686 128 3905 115 4564 2245 11050
7537 457 1188 101 8197 5784 7566 1408
7538 5832 457 4186 10499 1033 5040 318
7539 3792 9002 7389 710 866 457 399 8189 414 8648 686
7540 457 6785 2613 468 3471 7465
7541 457 8978 5145 3686 10607 6328 4393 4569 6150 2865
7542 3668 457 866 5379 10522 9869 6247
7543 2513 6683 6325 5203 9996 457 866 101 307
7544 792 457 866 2842 8553 775
7545 4407 11304 7950 457 4205 3833 5143 6405 8062 9562
7546 795 457 11305 1602 647
7547 11267 11306 8431 4446 7285 11307 5424 457 5698 11010
7548 457 3755 5954 4313 8848 2565 2649 7813 9083 8510 7811 8161
7549 48 2291 10618 9761 457 7820
7550 8031 11004 4830 7634 6420 2613 480 1602 481 8448 8320 2733 9053 9597 2509 904 6239 7815 82
7551 600 2877 318 2065 2262
7552 318 6990 11196 2586 2654
7553 318 334 6663 3582 9366 5930 3625 1185
7554 318 4095 1443 4161 4160 5082 11308 11309
7555 318 9651 1447 452 7490 89 3444
7556 2988 2783 4776 318 1447
7557 3768 318 5293 4012 2303 2875
7558 318 2219 9080 3438 5263
7559 318 6089 51 2322 129
7560 10927 4417 438 318 3868
7561 1301 3904 4417 4731 2908 6171 50 7921 318
7562 112 48 4858 318 9522
7563 10281 318 5945 5519 9940
7564 5436 776 318 5783 10439 9030 6079 7064 7875 419 11308 11309
7565 318 2267 9940 7024 7149 5914
7566 2774 11310 3605 9535 2373 318 4175 7764 5603 11311
7567 318 1995 8655 8731 3181
7568 1545 1157 348 4656 1306 1381 3008 4398 939 318 953 5839 1338 4665 1432 1074 2424 1586 414 4594 1024 2909 1560 858 1437
7569 318 5343 8786 8655 6920 6774
7570 318 475 5349 2267 1445 524 5997 2886
7571 4088 318 6257 4340 7166 10813 7449 51 812
7572 318 6298 601 34 46 9513
7573 5359 6734 669 318 1049 5276
7574 318 4165 7796 3857 5657 8382
7575 318 573 48 491 3207 1031 1716
7576 901 9577 5249 4335 318
7577 2875 318 7679 5710 54 4771 7959 11312 7465
7578 6894 11313 6753 911 318 938 1719 1207 1004 1354 5884 1528 1461 812 1362 1012 1221 989
7579 318 2457 3829 5561 4894
7580 318 8832 3149 5995 8152
7581 9896 318 87 54 4878 5143 4890 6227
7582 4614 7743 8954 7186 6541 318
7583 7341 1275 1354 2500 5610 318
7584 4246 318 2037 3048 500 857 5020 3002
7585 318 3563 3091 2215 10434
7586 3184 318 2736 2764 6633 10571
7587 318 7101 3862 2764 8731 6622
7588 2248 5392 318 5762 1182
7589 11044 3093 10595 5748 318 7630 9374
7590 318 5789 3009 10529 8850
7591 318 8418 7372 4729 11294 1159 5519
7592 7812 7374 6862 318 3657 5293 11024 11022 7813
7593 2522 26 3206 318 6337 330
7594 11314 11315 318 573 7679 2931 337 3009 4060
7595 5643 8307 2163 9883 318
7596 3652 2658 236 318 633 2303 631 4139
7597 3101 5194 4027 318 2413
7598 318 3315 6180 83 4740
7599 1028 193 318 6314 4573 850 1007 1148 3339
7600 318 8748 6506 54 4828
7601 52 318 423 445 8223
7602 10167 318 2424 506 11000
7603 4003 318 3956 9064 10012 11316 11317 10284
7604 318 754 743 34 5666
7605 601 318 935 11318 3668 5555 6646 275 1602 1000 2814 1398 10251 5609 9895
7606 318 34 7320 5144 6438 10220 11319 3052
7607 318 5768 460 7215 4368 2624
7608 7423 6843 318 9935 9374
7609 5069 3415 4638 318 1358
7610 7383 3602 11320 318 5668 3489 2303 1410 5769 3446
7611 11229 2073 2088 7792 10016 8466 4117 2041 8804 5196 318 257 6723 7632
7612 318 1995 6993 4476 10694 257 11321 812
7613 6266 2385 318 2402 2487 6917 2825
7614 4750 11094 2280 318 37
7615 318 2870 2457 3677 10039 4921
7616 334 854 4081 318 4826
7617 3650 4244 6966 175 318 4934 6308 3001
7618 318 10682 7025 6629 9576 3259 9012 4170 3058 4219 1149 942 2641 2736 1503 5852
7619 3203 318 4458 7679 2369 3062 8457
7620 10150 1419 318 8708 1671 1840 3742 6232 2267 9307 1633
7621 1305 3497 5390 346 1586
7622 204 4295 6584 1499 8338 8135 10457 2778 6651 10117 2215
7623 1499 6150 638 3175 7124 11322 7188 1285 5795 1654
7624 2741 4134 8750 2988 26 5450 9866 1499 851 455 1648
7625 529 11292 1499 1909 5768 487 9134 9852 8115 206 3976 9677 11060 3150 5570 6572
7626 1499 8299 2622 2621 6561
7627 7300 1874 1790 1891 2128 1804 2879 1840
7628 7300 1276 4572 994 2200 1207 1623 1360 1122 6740 6773 991
7629 2518 1607 7250 9116 8056 5832 6187
7630 68 3786 7758 4397 2768 2518 2347 6920 1650 10847 3046 2692 3845 3052 2560 11056 9392 6649 9374 6961
7631 8098 10648 8354 2518 907 7272
7632 2518 5802 741 6464 4006
7633 1205 7798 7858 2518 531 2562 6185 6769 6746
7634 7279 2518 5071 7999 6429 8254 10267
7635 2047 4188 3714 3684 10155 6684 2045 2357 6679 3795 7391 10033 2044 10801
7636 5634 5403 3535 4452 10875 9547
7637 6667 7709 3018 8287 4808
7638 1904 6667 7279 4093 10654 8438
7639 6667 6546 7474 2567 3952
7640 3428 868 5373 6244 4137 8219
7641 3371 3328 8562 9245 4919 3083 11005 5373 3151 91 361
7642 8504 5373 188 3213 364 878 680 7506 9144
7643 8893 5373 7612 435 3851 2622
7644 5373 11137 4973 4318 4995 11210
7645 5105 9357 6344 186 1906 2539 2235
7646 9357 3861 10128 1911 4954 5517 11039 9164 3725 4502 1182 3919 969
7647 5332 6677 2003 7850 3781 8320
7648 5383 2584 2743 7186 8869 2303 3418
7649 5383 7507 5734 4022 3093 677
7650 1606 5383 1407 3393 1782
7651 5383 5538 6216 1340 943 923 352 2246 8888
7652 5383 4906 1449 4132 4621 5750 1542 261 1550 265
7653 5388 4565 92 5383 5456 256 3111 11323
7654 5383 5457 932 1240 222
7655 5383 9973 192 2243 4089 4154
7656 6493 9035 9957 121 7445 5383 4498
7657 5383 8510 10550 2248 9903 10639 4642 967 5291 9340 5501
7658 7797 5505 4088 483 10587 8707 5343 8750 287 6178 6115
7659 7797 5168 2720 9150 2623
7660 7570 4095 497 1307 4646 5095 446 495 9022 1162 3213 871 4908
7661 5095 3877 184 4835 1047 1496 1280 1454 3268 9053 1279 2365 3825 851 2666 3318 221 6740 7979 2552 7094 5861
7662 26 5095 4746 5106 8219
7663 8644 5095 5088 7194 8231 361
7664 2602 5095 9375 2522 7717
7665 4410 8552 3558 4057 405
7666 10845 2905 7655 9401 9405 10103 8552 7763 9970 4925 7348
7667 454 4958 4209 9635 466 8552 427
7668 8552 2292 3745 8184 799 723 2845
7669 9800 8552 8195 5040 4350
7670 6330 7891 8552 7975 6812
7671 8552 9334 515 467 1048 3300 3090 2743 10855 4272 176
7672 110 123 4227 8163 1182
7673 423 2399 7173 3292 110 8406 2003 3198 7688 6303 662 372 6302 4319 930 453 6632
7674 532 110 8086 2770 1673 1271 10542 10690 9328 7510
7675 866 110 7340 10857 4448
7676 10024 7844 8650 70 9088 72 8694 7368 110 4011 9640 4551 6719 9315 7445 10734 11013
7677 1421 1498 1128 333 1129 1451 409 10120 110 519 6675 2794 1455 1380 1295 1256 10513 945 1408 1644 4927 684 807 562 4780 1431 301 552 2270 8595 4880 2727 1360 2730 818 2870 5233 2668 10431
7678 1837 1783 51 146 147 148
7679 1783 1870 1785 5594 6103
7680 5689 8134 10108 1783 6841 10848 2964
7681 1783 1804 5594 3388 3380 2122
7682 1783 1878 1800 1823 1790 1887 1842 3102 1912 51 1610
7683 3546 2161 1783 1787 1003 1804 2126 2192 2202 1208 4589 2008 4676 1684 978 1011 5651 152 1112 1178 2062 1333
7684 2879 48 80 3195 8200 9302
7685 1787 3882 1806 1800 3076 3075 4088 1843 1899 2106 1823 2095
7686 1787 2119 1800 1956 1882
7687 1787 1677 363 1151 7178 1173 812 6664 3
7688 1787 2446 1865 1828 7263 8551
7689 1787 2342 3341 7896 361
7690 5592 1790 2132 5238 3153 3152 2474 7500 11324 1874 1804
7691 10980 3507 1874 5156 1812
7692 1874 4088 5175 6297 7040
7693 8541 4081 495 1874 1870 9762 8962 341 8007
7694 1874 3792 3968 722 9261 8958 3566 4431
7695 1874 2748 1638 9498 5199
7696 2123 812 1790 1805 1874
7697 1340 7134 841 160 1152 1874 1025 51 814 1292
7698 1843 2106 1957 10366 1874 1856
7699 1874 2111 2117 11325 1203
7700 1874 3065 1830 1912 4308 1957
7701 1794 1828 6692 1874 307
7702 808 1620 1874 1788 1912
7703 1912 3008 1889 2155 2918 1788
7704 1788 1804 51 1912 1886 148
7705 1788 2956 1517 1306 1003 805 1456 2192 1320 1160 1041 4594 1312 1299 2934 1403 4601 1292 4911 1687 3174
7706 1788 2325 4607 4074 1132 4578 1067 1053 562 1040 810 1017 415 7178 975 818 1121 813 656 981 424 9220
7707 1870 1610 2120 3077 4676 808 2126 1926 1788 1952 1858
7708 5662 8672 5560 4674 1788 2117 1912 1931 3256
7709 1788 2107 1912 3363 2120 1805
7710 9657 2829 8503 871 2292 5254
7711 326 2292 2840 3370 2372 524
7712 1701 2292 9626 3302 7998 10924 7562 3184
7713 2292 5133 866 2842 1182
7714 2292 1784 402 512 1912
7715 2292 440 3091 9312 2412
7716 2292 8050 7014 2101 8958 8252
7717 4367 10562 5287 2292 117
7718 3166 2292 3044 8344 3029 401 969 3336 648 448 894 466 3587 4223 2733 293 506 4469 685 4468 868 934 3026 7407 10138 7236 234 11116 1285 11326
7719 485 4143 1779 4913 2448 440 7613 4064 2292 8861 10655 6701 1476 5497 10047
7720 4750 2292 11154 1607 2954 4390 4491 10019 9349 3829 4862 2457
7721 8612 9773 8554 440 10644 734 2292
7722 2292 6493 5739 3686 119 2441
7723 3862 2292 7776 5153 1823
7724 10716 590 1543 1538 7739 10314 2292
7725 5593 2292 4697 1048 10888 4832 9753 11327
7726 2292 9124 7709 4794 11328 2923 30 88 7497 5254 5208 6206
7727 2292 5975 10972 2056 9287 3929
7728 2292 1366 10427 3858 5423
7729 2634 2292 6297 8252 3353 3507 5722
7730 2292 4463 5493 11329 1066
7731 1909 9058 4181 2292 3773 1271
7732 2847 211 4339 7550 16 2292 9687 1616 1034
7733 726 10742 10763 4900 10634 8668 3201 36 22 309 7037 7026 3679 4101 7566 5493 5633 4137 1518 2292
7734 2292 5739 3195 4050 1011
7735 10030 2292 3019 6819 4198
7736 2913 2686 6497 1909 2526 2292 10502 1739
7737 4297 2292 1995 5873 483 2012 11330
7738 48 6219 4297 6122 185 7466 10628 6583 2292
7739 11331 4231 11332 4752 5312 2292 5479 5227
7740 10717 4236 2292 3183 2863
7741 10661 10266 2292 1328 349
7742 2292 904 2863 402 1383 9796 4866
7743 2292 6429 3942 5528 1477 3227 10873 768
7744 3805 2292 4737 381 3905 969 9540 16 257
7745 2292 6198 9074 3390 257 5623
7746 1762 2292 531 423 4177
7747 2292 5907 5313 3766 607 381 5394 5265 1589
7748 1511 1602 1203 2292 8041
7749 2691 8244 4427 2292 5034 3409
7750 5919 11191 2292 6546 3163
7751 10197 8960 9576 833 2292 524
7752 6030 6753 5893 2292 952 176 802 3933
7753 2292 3804 7900 10721 1447 4697 7708 288
7754 2760 5352 1447 7105 2303 4088 2382 2641
7755 5232 3778 9145 2760 170 7717 3009
7756 2760 10642 4581 1144 11333 9872 685 1840 10204
7757 6278 8560 5076 4815 3756
7758 6278 2866 4012 11013 7846
7759 8567 6278 7277 8637 5127 6476 870 3078
7760 694 6278 3749 8425 5620
7761 3034 9938 999 994 1753 189 7061 10280 1082 6278 381 5427 5282
7762 6180 8690 6278 8200 27 2241 10746 2755
7763 6278 2649 8712 795 1068
7764 8568 5731 6278 526 3558 5145 9034 350 452 2065
7765 6278 3371 4411 4832 799
7766 802 7803 7476 681 1551 1034 4032 11172 257
7767 5037 681 4460 11334 11335
7768 5061 1421 2647 1275 4573 1452 1278 2365 2303 1103 950 958 1308 681 1225 3684 8135 1849 1331 1330 1360 2982 1810 11038 1220 1299 1436 6185 1291 5886 1333
7769 681 4653 1859 6023 6024 1914 6014 8761 10300 4630 4631
7770 994 681 1380 1325 1742 329 5886
7771 1255 200 2562 201 681 1032 2200 1688 1067 1239 418 3039 222 6588
7772 9265 5942 3527 4404 681 462 914
7773 255 6148 8197 459 7916 732 9893 497 1782
7774 5765 2336 112 100 81 11012 3616 1782 5447
7775 477 3947 9127 1782 8097 2515
7776 9495 3211 8191 1782 685
7777 1782 7310 10852 3903 941 665 6178 4450 3150 9065 275
7778 6185 4986 7452 1283 7476 8721 414 28 5145 1782 8485
7779 4612 7696 6710 5898 1782 11281 10988
7780 1451 9129 688 410 11336 1352 720 337 1320 155 1678 413 6141 1782 4709 5127 868 967 1586 1041 1162 1044 975 166 1152 841 164 858 1082 836 1169 1561 167 1259 1079 1562 1165 228 1145 1463 1176 4601 4201 1618 9220 5859 1087
7781 4520 9464 1782 5481 5482
7782 1721 2619 6265 1782 4746 3026
7783 2649 799 1782 1322 310 8502 2567
7784 5377 6092 8166 1722 9038 9032
7785 5377 9272 8412 9038 6291 6713
7786 11337 5377 5359 8412 10898 1371 11338
7787 5162 11339 11340 4938 9786 4597 2719 10248 5518 8536
7788 4938 82 6639 8130 433 8540
7789 286 1404 9060 906 3093 279 4938 8644 8087
7790 143 3810 311 384 7070 3116
7791 384 3690 523 2267 7465 4508 9399
7792 937 951 1200 384 8019 1202
7793 6557 625 8774 1497 4023 6252 11341 601 7535 384 1576
7794 4022 384 9956 4701 3027
7795 384 8019 2716 5239 6297 3868
7796 3766 384 1061 1172 3183
7797 384 7281 243 207 6860 1745 3868
7798 11086 2945 8129 11190 5249 7810 91 1230 2082
7799 2242 9108 11086 381 5429
7800 11086 11182 9149 10997 2865
7801 5462 1776 10517 11086 117 4019 6971
7802 9969 7598 4854 5867 10988
7803 6415 5805 3217 34 4246 348 1373 1311 658
7804 6415 3116 4993 3135 10427 6202 11342 10502 6574
7805 9873 743 357 34 7459 6415 334
7806 5127 3217 11138 5805 2513 10273 6415 326 1761
7807 180 4805 6415 6588 217
7808 6415 8749 6434 9852 9676 9521 8272 9863
7809 7598 4618 5720 8097 7600 3558 2516 5478 8967 10429 5474 6828 8113 4867
7810 2522 5088 5065 7598 7277
7811 2600 7598 1904 2583 2582 7277 5898
7812 1206 7598 9123 10149 7187 2882 1248 1334 1626 6046
7813 573 81 4359 11220 2228 1909 7578 1206 5575 7477
7814 1206 2628 3391 590 3781 3786 8745 7617 7626
7815 475 80 454 115 1206 3218
7816 1206 5338 82 9757 2221
7817 15 4388 3264 11343 5508
7818 3264 8174 693 10271 7557 532 1542
7819 92 573 3561 3264 5274
7820 3264 5127 1462 449 1020
7821 5720 143 4880 5882 5462 3264 5127
7822 10144 413 546 3264 3153
7823 189 7835 3264 3175 2877
7824 2619 9027 3264 8060 3748
7825 3264 5721 792 5242 2258 6546 189 354 3952 2513 662 477 531 5127 4949 6219 2853 5718 8689 4925
7826 2649 4282 1448 4095 22 874 363 11008 10998 3264 512 211 799 8999 9718
7827 2628 9681 3264 353 1901 1225 4041 8110 5564 8162 11344 8514
7828 334 1363 738 3264 1287
7829 3264 2920 1599 10999 7720 1442
7830 3264 9276 897 2646 204 584 7 1455 3783 2669 2841 4842 10285 64
7831 3438 601 9930 44 3264
7832 3264 4503 446 5101 10871 27 4082 2613 11326 8851 10031
7833 5 3264 30 1095 6966 4703 265 1746 775 4047
7834 3264 2764 3829 1347 1050
7835 92 1090 30 440 3153 3264 17 11345 9482
7836 7532 493 7986 4591 1715 2612
7837 524 8428 4102 11346 7532 7665
7838 4941 7532 1030 1380 1188 2861
7839 911 10028 7864 3114 1583 1358 361
7840 5968 5522 5422 937 11347 9712 10421 47 10511 8113 5010 11348 9780 283 2415 7517 10633 7864
7841 10273 2004 10054 3993 3354
7842 11349 10273 10107 8146 5392
7843 9169 7605 10273 5228 1196 3032 6084 4640 5888 1632
7844 7494 2563 10273 9248 4993 4435 659 4178
7845 9634 6940 10273 5028 4638 6623
7846 11004 7860 113 6233 4437 33
7847 9375 477 9123 5976 2347
7848 9123 1097 1098 1100 1393 418 1558 4628 223 1112
7849 5873 51 11312 3052 9123 1904 867 4746 6442 8987
7850 4073 3307 10708 7899 4085
7851 5420 10562 4073 6587 72
7852 1340 1334 4073 1515 1375 333 4578 992 851 6774 4581 1021 1172 1746 1024 1560 1025 1148
7853 4473 4472 1582 414 4471 7474 474 8361 11198 4984 4964 7477
7854 8141 3573 98 941 10925
7855 6355 3423 8141 869 522 11350
7856 8141 531 346 1643 8066 6771 2687
7857 4367 348 3957 8141 5543
7858 4790 4005 1342 4750 10495 445 3444 4365 7613 487 4369 4371 5128 5113 855 11351
7859 1311 5496 4369 4343 8196
7860 4369 513 189 2388 259
7861 4369 480 6966 3276 1326
7862 4369 2108 27 5357 2020
7863 4369 884 5717 13 1740 4513
7864 5817 7375 3094 7502 4369 7634 8133
7865 4369 952 4916 10932 4326
7866 3220 440 8920 4369 4890
7867 1912 4369 513 523 4289 4069 799
7868 1784 3395 10079 8767 5687 1856 1859 4369 2940 11352 1914
7869 4369 40 5480 4828 471 10421
7870 7324 3318 4310 4369 5061 1510 3650 584 4907
7871 4369 5075 3153 7557 174 9531 477 11353 7965 220 522 465
7872 2347 8744 5244 11300 4369 7634 3438 8402 326 316 9758 730 2388
7873 6677 1539 4335 4263 2562 2309 10768 553 5312
7874 1539 6709 8623 4295 361
7875 2951 5665 1180 1235 3814 1606 3755 10558
7876 1123 58 9354 2924 9022
7877 1904 9230 8147 865 6359 3457 8416 5277 1315
7878 92 1702 9291 600 1904 5920 7716
7879 92 867 460 3195 1904
7880 1904 7315 6041 867 5976 4094 7132
7881 1904 5966 467 2198 2742 5145 22 465 9829 949 6151
7882 10918 1904 1354 10416 2546 11354 6376
7883 1904 1341 625 4535 10704 1422 9961 6845
7884 4181 10 1095 174 1904 4367 10473 5277
7885 1904 4948 255 6966 467 531
7886 1904 10478 6618 11259 1306
7887 481 7969 1904 8545 4410
7888 1904 3587 9162 9979 8287
7889 619 1904 10184 3372 3444 4326
7890 10170 1904 1341 9006 10864
7891 8567 8097 188 1477 1904 475 8705 8268 6548
7892 8429 1904 9581 9558 860 3657 7850 6458 9217
7893 861 943 897 4168 1904 11107
7894 1904 624 3371 4019 30
7895 9116 1904 4495 137 3379 6437
7896 26 1904 28 3201 460 698 81 692 7364 467 9415 8531 8474 5472 10531 10532
7897 240 11355 1904 85 600 3756 3579 3948 3955 1033
7898 1904 3967 6065 1516 1271 1569 4075 912 1573 5029 1326 1354 1072 4665 1647 1086
7899 1904 8676 6344 524 7627 7437 5127 5954 2379 2230 8172 395 1097 2199 5813 913 10519 6498 10719 247 1723 4088 11068 3911 848 1064 3893 601 832 1679 1210 6757 948 1072 6326 5530 8237 4579 1432 8595 849 1520 2435 967 1655 2727 502 1322 1169 1562 1332 6786 1080 974 3163 11354 9465 4823 11356 240 3701 425 1176 1712 5861 5830 1247 990 1714
7900 1904 1909 460 1407 9762 6618 4337 341
7901 1904 8471 10164 128 6574
7902 1904 868 2851 100 595 2241
7903 1904 5420 11304 11357 5919
7904 1904 10237 6583 2737 32 5005
7905 26 7570 6426 1904 868 3900 674 7933 10216 600
7906 1904 1669 11358 11226 1688 1067 11359
7907 1904 8991 2021 873 536 10715 2723 7844 4044 5131 11339
7908 1904 143 9611 2508 9196
7909 4958 1282 1904 685 3044 7351 9196 255 8455 8789
7910 354 4934 9482 10280 1904 870 3606
7911 1904 2723 6045 1639 7997 596 3805 3922
7912 1904 3751 4515 3753 2613 5404 6966 4023 10230 2649 7522 1761 2416 3806 8672
7913 867 1904 26 10278 10797 2081 3942 50 11310 3954 596 8237 5462 7534
7914 4242 1421 1904 1029 1154 11334 9444 992 6595 9940 1050
7915 1904 685 436 4224 3951
7916 1904 5070 11360 11361 11307
7917 8056 1904 7643 725 7603
7918 10945 8114 2374 6224 2276 10360
7919 11362 6224 1607 6323 8243 5429 1756
7920 1597 6224 3094 6083 929 6323
7921 4794 2089 3588 6224 1432 7888
7922 3438 11363 1276 2340 6224 4520 7889 1235 1280 6995 2787 1427 2803 11364
7923 7277 8427 2741 9003 10170 10849 9626 10235 467 6231 4614 2622 10994 10374 7931 9806 8335 1511 9933 5871 7001 9831 1492 10581
7924 2741 5742 1707 1037 157 1486
7925 7801 2741 7859 6793 5653 9472 1533 6469
7926 2741 5072 5106 5081 6244 8728 1028 1542 1448 1452 1424 1231 720 1622 413 1144 1489 1322 1111 167 818 160 1152 1170 9041
7927 2741 1341 1347 2953 1734 2424 5264
7928 56 2687 2320 4481 7058
7929 7411 5832 5338 5545 2562 8351 10523
7930 7411 6877 6080 6949 6107 1511
7931 6709 356 9006 7739 7411 6394 9836 953 6398
7932 3959 7411 3430 2733 3524 3533 2232 1225 4918
7933 7062 4002 6324 3622 7411
7934 7411 8789 1988 8377 9480 381
7935 6475 3362 115 204 1496 51 700 350 470 147 40 3001 3882 146 8750
7936 3362 2037 1130 1203 209 8735 1460
7937 2449 9781 445 603 4066 601
7938 470 4166 4066 5232 5197 5785 7040
7939 6862 4066 4489 3951 5238 7897 2871
7940 271 5935 5419 4066 2610 2734 10349 1385
7941 10232 4495 2576 4803 2291 4066 4256
7942 4066 2623 5720 354 189 450 8264 7686 3558 526 2087 5837 3778 3888 1544
7943 6860 7931 4166 4480 799 4066 11023 4929 4757 4069 3032 8613 7382 275
7944 7635 4066 4489 6905 11365
7945 4066 3518 3787 8655 3965 2339 2764 1016 8218 7092 1354 6847
7946 6864 4066 9445 6221 2346 360
7947 7712 8032 7640 6987 10849
7948 83 602 3312 901 4211 7570 748
7949 2441 3312 6494 8797 8978 6305
7950 3312 8584 3800 10543 7876 4993
7951 1479 8407 3312 10756 2557
7952 26 10003 3312 2439 5479 5804 3372
7953 588 4413 9715 3312 34
7954 11366 1447 3438 3312 8323 11254
7955 4417 1321 3868 1845 5228
7956 4417 6117 2647 3886 287 4735
7957 3491 5432 8332 7818 1355 2851 4417
7958 4417 2627 8725 7179 11183 4862
7959 9521 4417 9 4778 7608 3948 1187
7960 4417 4188 2591 5600 303 2234
7961 4417 27 7497 257 10690 11367 719
7962 353 4417 6090 4370 4914 937 2877 7567 11368
7963 2618 4417 3820 9011 11014
7964 8591 601 10999 4417 2793
7965 1028 1340 1515 1235 198 200 1265 1068 1032 1006 4417 1373 418 1021 2551
7966 862 3901 8142 3886 6221 4417 1731 4622 7972 2557 1452 3837 995 1739 851 1354 955 1470 5797 1709 756 2059 221 1017 1221 1560 814 6664 2934 816 980 4764 10781 3184 1712 3174 1465
7967 5922 11052 2651 4417 9616
7968 8384 2973 2974 3180 4254 4417 11369 11370 842
7969 8445 5810 1183 7534 3150 11371 8247 2012 5749
7970 8247 3652 3166 9657 5205 4178 8973 3225 968
7971 8296 7273 8613 8167 11372
7972 5140 477 9199 4095 10305 185 10437 8296
7973 624 11268 8484 639 3210 4564 7331 3187 2169 8023 5229 7298 2562
7974 8484 3549 1349 3226 7072 7382
7975 8484 176 175 3796 1173
7976 3685 8484 7186 601 1779 9987 812 7284
7977 4743 719 261 7030 222 8484 1118 10275 522
7978 307 9468 423 7375 658 2861 4329
7979 7375 7634 11355 366 3813
7980 7375 7062 30 8072 9544
7981 5085 80 112 10334 7375 2495 9525
7982 6449 2886 6180 2778 440
7983 2563 3670 2877 9209 10710 9860
7984 6627 4408 2563 5722 7150 4844 7473
7985 6352 8301 6340 8002 2567 6327 448 11373 10173 7924 687 5188 5735 6266 9845 5802 242 10299 2286 7334 4110 11374 4408 10578 10708 965 595 755 2565 2563
7986 941 2563 10383 3634 7760 437 10752 6306
7987 2563 4622 4508 2515 581 1731 8195 9183 10615
7988 2969 7703 6694 7141 11375
7989 8501 11376 2198 8277 2969
7990 2969 883 555 10055 664
7991 3755 2969 455 8789 14 7207
7992 556 2969 5282 813 1845 2542
7993 6030 3379 196 1494 6455 2969 10025 875 8507
7994 7604 7550 1328 2969 7975
7995 2347 3227 3927 5145 2969
7996 2969 3764 9701 5313 10604 10712
7997 2019 10792 10054 2969 3766
7998 677 1027 6448 6541 3116 273 7984 5154
7999 6903 677 1471 3198 5242
8000 677 5873 9643 2303 10113 6664
8001 677 185 4993 8709 8739
8002 11363 1237 3426 8367 990 3174
8003 3426 3393 81 3228 10416 446 4399 10427
8004 3426 1545 11377 1441 1570 932 855 1430 601 2906 1296 1233 1385 1039 6774 1744 231
8005 6401 6073 5530 6326 505 7893 8387 3019
8006 7636 5769 6401 6899 9667 5345
8007 5279 1542 3638 7613 7583 1776 2877 6401 2416 4930
8008 6401 2913 5722 10873 2120
8009 3319 6401 523 1775 7465 2449 4088
8010 6401 4408 446 5720 2832 8123 4050 7100 5252 5055 308 3202 497 1166
8011 1447 1734 6401 4123 9336
8012 8698 4146 6401 5445 3673 5873
8013 6401 11378 8061 11288 8803 10430 8815 8048 8819 6804 8811 11379
8014 6401 1285 1487 3406 2062
8015 2230 2241 4235 9159 6401 7466 4892
8016 1756 1354 2339 3054 6401 361
8017 8675 2832 5720 792 7856 4195 6401
8018 4064 8754 6401 3599 3594 9053 279
8019 6966 8637 3523 4051 10940 3805 722 3558 10686 129 4942 93 6401 3919 5294 1697 2253 4069 5159 9998 7642 1607
8020 1149 5203 6401 2173 4125 8450 5983 8333
8021 1510 4794 5720 7709 3153
8022 10099 7024 4794 2248 1450
8023 271 4007 4794 6143 10086
8024 5945 4794 7441 7539 7856
8025 4794 10099 8273 11111 2569 2609
8026 4794 5845 441 176 6903 6080 4521
8027 4794 5845 7709 4289 441 6073 11077 8397
8028 2529 657 4794 4806 2048 10099 4900 10634 10511 7766
8029 4794 513 2089 6327 4832 2567 9741
8030 4948 8454 5062 4806 10545 5186 4158 8604 6776 10228 111 2569
8031 4806 175 5845 7920 176 7414 1130 6022
8032 4806 3217 8133 2847 2841 2565 10177 7376 8614 6388 9 3620 234
8033 4806 8251 4912 5688 6648 2270 4197 3176
8034 5493 4806 7466 8678 2840
8035 4806 17 4470 1648 5767
8036 4806 5429 3391 8880 5740 2589 5768 2792
8037 3596 4806 3481 4319 1602 6932
8038 4806 3858 2389 46 3983 265 838
8039 4723 1164 2913 4806 381 279 7268
8040 5503 11029 4806 2358 513 4880 440 93 10176 10584 2241 8216
8041 4806 1908 2828 361 3184 10207 6169
8042 11380 2035 4806 7458 2840 10254
8043 11381 40 10848 6259 3690 4806 6326 440 4319 8561 3686 11104 685 1615
8044 9195 3353 3689 2226 5710 718 3172
8045 3474 3628 9315 3720 8610
8046 1549 8610 6874 4711 1849
8047 8610 4150 10561 608 5267 1843 4702
8048 8610 9097 2866 8650 8694 10715 9999
8049 9154 4431 6486 361 10247
8050 1447 10247 10703 4254 5519 128 127 6518
8051 1518 7820 4179 10915 10247
8052 10247 5075 7627 5289 684 6860 10428 962
8053 9756 1347 10247 6525 4079 1421 4449 6412 2245 4976 6611 7509 7389 1182 11382 3919 11383 6996 2332 528 7092 4969 8344 1753
8054 10247 9248 8849 7150 4201
8055 5462 8526 448 8002 10247
8056 528 8195 9839 10247 3746 7149 470 4628 10287
8057 10247 477 662 2273 261
8058 5082 6147 440 1203 10247
8059 8371 1618 9233 8138 10247
8060 7965 2885 322 2305 11384 4841 631 376 4739 4165
8061 3026 9480 5242 4758 381 1173 2747 11115 2305
8062 3608 7158 2305 11384 6558
8063 4682 2305 10353 6048 2492
8064 8648 2829 4776 1421 9502 6588 10465 5747 4166
8065 8648 8690 3218 3769 379
8066 3201 3204 2265 2390 9400 8648 3444 7210 432 8235 7918
8067 8648 6441 1779 3690 3083
8068 6441 601 34 3679 28 5575
8069 6441 5465 8191 497 7960 491
8070 3959 7566 9533 80 3686 6441 9103 10640
8071 3690 6441 6903 4550 385 2241
8072 745 9366 6441 27 5356 4957 739
8073 6441 5333 175 6966 5258 470
8074 1445 6441 4191 342 3737 423 2399 7499 774 9899
8075 28 6587 15 3309 712 6792 4730 4297 7745 3225 915 1978 446 3205 489 10852 1728 1633 586 261 4247 4997 2598 2210 7132 4624 6924
8076 8641 8878 2003 8355 952 3175 751 11385 2598
8077 9070 3153 2598 6442 6961
8078 2598 8697 4958 48 3205 3226 5044 22 956
8079 2334 2598 196 4769 329 593 8952 11386 1625
8080 10316 4368 2199 918 1481 1138 720 1036 932 1119 1245 5884 415 1372 1044 1219 1500 656 1184 1445 1317
8081 4935 10415 9472 9443 7908 7715 10565 7587 7903 10316
8082 6482 1223 11387 10316 8995 9366 9555
8083 10316 183 7237 8677 3838 4288 5784 4240 1518 1137 7567 2562 8457
8084 8553 5249 7955 1130 8160 7316 5140 6133 10316 2081 3981
8085 2632 176 7516 4959 10316 3091
8086 2764 257 4448 4038 10316 552
8087 87 27 4415 1488 1654 9196 9934 10316
8088 8050 4746 587 3673 2428 4998 8558 1761 6252 5110 343 3848 480
8089 3843 8728 8050 354 2513 5127 5462 5519 5287 9205 730 6111 3770 1354 460 11388 6318
8090 8050 7439 3390 6160 10630 2057 4607 1097 5779 5205 2877 5239 692 200 1100 732 5778 6809 11389 10591 1140 912 4154 8574 3986 4069 10260 4693 2859 5151 3150 5866 9317 5460 1612 1032 7353 7032 969 1470 7738 581 1352 1194 6830 5029 1071 9216 7842 613 9391 8447 1002 1138 1313 4490 1648 9712 5780 6547 10321 8382 2182 10672 959 1139 721 2556 1328 11390 857 5869 961 1631 5863 963 4161 11391 11392 2407 1159 6454 2861 1164 1458 219 1433 1314 5556 4120 502 1849 1044 250 437 222 1746 2463 1711 227 974 977 1197 5623 7217 10751 5018 983 986 1316 9855 9821 11161 5843 4672 5859 1465
8091 8050 6457 3593 9292 10456
8092 8050 9929 6072 3672 9246 9798
8093 8050 1157 1677 1496 1548 1367 1002
8094 8050 5220 470 4053 1448 132
8095 8050 4818 3948 3955 11393 3941
8096 101 9368 10498 8050 2925 10391 284 8124 4981 2012
8097 92 8050 176 1422 4239 8372 6504
8098 4021 2019 685 3612 8782 753 8884 5943
8099 5528 6158 2019 9463 4131
8100 9458 497 4565 115 4095 27 587 4223 485 2019 3026 89
8101 2019 520 1511 322 1307 5926 2907 8197 1310
8102 8079 5574 1599 10978 2019 4422 4421 6319 6573 6135
8103 2019 732 5113 4951 5821 11394 9918
8104 2019 30 5127 6102 5488 8698
8105 2019 625 111 3216 4303 2082
8106 6785 9766 2019 1341 7721 11053 10445
8107 2019 5142 2260 2256 3027
8108 1448 496 2019 27 9060
8109 2019 8274 6969 11395 554 4399 1307 6502 81 687 5301 6501 4205 1298 3737 364 464 2021 8464 4607 3838 6907 3405 10376 3083 8846 2226 2448 11396
8110 2019 4368 34 10478 8174 8147 9306 4944 28 744 4130 3857
8111 148 2508 3709 1330 10164 3058 147 8746 3739 11300
8112 11105 9360 8720 712 4411 2841 9982 9763 1575 497 697 4145 549 8512 2508 6180 5259 544 8197 8558 527 4175 6794 5080
8113 8157 5726 10044 3101 9444 11175 4448 4158 2508 6853 10695 9228 1828 4088
8114 2508 1282 11397 167 571
8115 2508 3678 4966 937 1622
8116 10988 860 427 5287 2508 5040
8117 7355 1405 4478 255 2941 8274 176 2508 5145
8118 2508 8843 3528 4776 7407 10110
8119 119 5838 2508 326 2641 278 11398 6576 10805 6526 3438 3440 3315 2457 497
8120 2508 7583 2576 6212 1672 51 146 4953 5040 5198 4088 3245
8121 57 48 2508 608 8273 128 7842 1033 11310 7855
8122 9543 7151 3968 1307 4843 2389 1182 3919 2508 6319
8123 2627 7318 4355 2508 4268
8124 2508 101 9351 51 4303 108
8125 2508 176 5283 658 5966 6800 1980 10054 4993 488
8126 6180 497 9318 9458 308 3505 1888 2508 2489 350 3515 2043 179 7845 4217
8127 3270 2279 2508 6366 7610
8128 4191 216 11399 4115 9718
8129 2198 8277 7452 8505 4191
8130 2254 5271 2243 7646 8554 7791 5722 2075 4968 2073 10721 10893 2088 432 1020
8131 95 8204 2254 5092 7484 4303 11400 3242
8132 2254 11047 9133 6466 1249 6433
8133 5972 385 10981 2340 3677
8134 3558 9804 3657 9101 506
8135 3657 10608 1343 6713 10597
8136 5168 5169 3657 276 8437 1345
8137 3657 5170 5169 2623 9877
8138 6579 8175 3657 5519 8621 8047
8139 10503 2003 3657 3307 11401 11402 3123
8140 3692 7215 5168 8584 658 5890 5502
8141 11024 2720 2519 1347 676 5168 10334 5421 10364 6650 5404 9022
8142 2611 6065 1449 4179 3315 8676 9596
8143 2553 1709 5864 2611 7529 10576 774 9820 3039
8144 2611 30 7919 454 3204 8000
8145 8059 4044 5167 7572 2198 5169 5723 11024 4168 1347 3315 2923 6571 6677
8146 5167 9150 5170 2519 1720 5169 2623 5360
8147 2628 2623 2720 5264 9039 1343
8148 2720 4336 10620 5250 11287
8149 2720 8172 4607 4622 1193 968 6773
8150 2720 3045 262 6603 3829 2938
8151 2720 3692 8437 1347 9958 9976 9612
8152 5988 9045 2720 5300 7550 1328
8153 6970 11279 4470 3992 2720 2953 4420 9164 8976 10283 7343
8154 9959 9150 5277 6180 4145 1347
8155 9150 5277 30 7420 1673
8156 3277 9150 503 2623 923 3282
8157 9150 4000 3479 8593 6830 9480 3372
8158 2623 9150 2519 9038 4817
8159 11211 11221 8686 7471 595 2719
8160 11403 7492 7925 5249 9120 4313 7471 2843
8161 8052 9400 8733 7471 6468 11222
8162 10979 7471 4333 4936 8283
8163 11404 8292 7471 916 1174 8877
8164 8071 11030 8544 7471 5218
8165 7471 2169 467 2886 4088 11174 7213 8556 3183 7080
8166 7471 4333 10341 10615 10878
8167 10643 3780 9121 4264 7116
8168 5563 2864 4415 3020 4184
8169 2764 9500 1511 5563 3213
8170 7473 4963 10518 5563 8838 3909 3908 9109 3192 8921 711 8000 2654 8585 10738 11163
8171 2946 193 4592 1425 1131 724 827 939 155 1033 2008 1297 1152
8172 8504 462 2358 3217 520 11166 3124
8173 189 5053 3176 2358 7866 8225
8174 8528 1126 2358 11146 7709 3481 10910 4264
8175 10445 11351 2035 4505 2358 8256 4405 8216 3149 3586 11140 165
8176 7762 2358 10346 2349 5626
8177 5056 6325 5738 4185 4384
8178 4185 573 48 6571 1902
8179 8647 4185 8197 10103 487 658 11138 8958 117
8180 4185 909 3977 5127 8988 7299
8181 8574 4844 4185 774 5222
8182 4185 8843 11405 5145 4054
8183 4185 111 2514 480 5429
8184 4185 307 4131 539 2832
8185 7499 9431 9233 6059 3175 1620 5658 645 4185 400
8186 6176 2736 5145 711 23 9238 10989 6249 11297 8514 767 10495 2268 7613 498 1366
8187 7312 2553 6538 5478 6534 9075 9366 4746 6303 4943 7313 8097 9535 658 448 2513 6176 7818 5075 736 6071 9146 3502 211 2528 994 3303 7686 9326 11018 1572 8729 54 11406 6746 10447 9309 6913 5207 5718 783 8958 4970 3979 4520 6180 6632 9685 10975 4264 7984 1593
8188 112 1344 9090 6176 2869
8189 6176 3117 6798 9692 3136 8082 1308 1490 3137 1822 1921
8190 9046 687 4146 6176 2081
8191 7634 462 3852 497 9835 3968 495 9363 480 5698 40 2584 1161 80 7062 624 10955 48 4297 6307 573
8192 1694 1909 2840 941 5468 8698 1471 1408 7634
8193 4219 7634 904 4502 4216
8194 10159 7634 11385 2394 2267 10054 11407 6317 4025
8195 6768 7634 2553 8196 2277 8124 6737
8196 4074 7634 3807 40 544 3833
8197 9666 6455 10054 5658 10287
8198 9666 3378 10498 544 427 3982 4265 11408 1064
8199 11285 7541 9666 9656 3761 5313 62 2913 994 348 5875 7492 3091
8200 3379 5988 799 4132 310 1589
8201 5903 2725 2303 4132 3457
8202 10684 10073 9697 4132 10334 8858 4983 5588
8203 689 5257 624 8751 4132 3217
8204 4132 4815 8144 5154 80 9120
8205 4002 10693 10948 10930 4414 4132 7361
8206 4359 4132 723 5214 5530 80 10665
8207 722 764 4132 5140 10693 4751
8208 4029 4132 10 4628 11409
8209 5148 345 9854 11389 7353 5151 1011 10738 4516 7179 4115 4132
8210 4132 1599 7847 5256 2922 189 3153 5645 1810
8211 4132 7062 2613 4821 9796 11410
8212 8060 682 4701 4132 5148
8213 4132 5718 11041 5720 662 1315
8214 4132 6860 6650 7080 470 6175
8215 4132 3195 1471 423 6036 3198 9827 9052 4730 10021 4004
8216 339 9060 1740 4438 2834 8720 2592 487 11184 4132
8217 4132 6904 2515 10341 11165
8218 7353 8585 10948 723 9317 5781 5575 4132
8219 7365 1718 5148 11291 10443 4512 7660 1619 283 693 9550 10852 10646 498 10436 7982 5820 4464 5816 10139 5872 9250 1723 5000 5534 7632 112 5804 9164 10415 9031 5779 11411 11184 8109 8107 1394 11412 6828 1716 10411 11413
8220 5148 176 175 446 9022
8221 5148 112 352 1599 446 355
8222 9519 8291 5148 10319 11414 10031 11342
8223 82 5148 9854 10712 3942
8224 9316 345 2590 3086 4480
8225 345 185 8962 6327 10880 9702 8196
8226 2320 5102 8079 10089 50 3728 472 689 3686 5872 2511 9997 2580 345 8451 7353 5757
8227 345 2429 506 4172 4088
8228 345 7686 5854 3944 3858
8229 345 4050 8585 736 11234
8230 7353 8451 345 764 9226 2608 7357
8231 4811 5109 4932 2565 4431 255 892 2834 9987 5954 11144 8159 11179 637 345 624 4054 474 7018 7503 8402
8232 345 98 3229 11415 11416 3733 789 11417 11418 4473 8936 2834 1066 5406
8233 174 4217 11087 2329 6049 2328 603 345
8234 3056 345 10322 2994 2649 693 2927 4836 2241
8235 345 48 11369 4970 764 8608 4847
8236 345 2266 783 1407 1681 1683
8237 3669 2590 6306 11128 9034 345
8238 6514 2310 5193 11359 345 1913 1073
8239 4962 11410 9278 1096 345 3756 3954 6556 6484
8240 345 4516 9715 9036 3821 10304
8241 539 663 7710 6355 674 3553 1828 2184 656 9602 4091 2004 9716 9961 2863
8242 674 2736 11018 10304 1869 3540 4057 8007
8243 863 674 11330 10642 9290
8244 674 9576 8231 10056 2814 7727
8245 674 658 7423 490 9329 10974
8246 26 3962 868 7732 400 5445 674
8247 674 3558 8675 6539 526 4248 11418
8248 674 11189 8442 2959 9721 6573 307
8249 1092 3729 674 339 6636 8502
8250 674 503 467 5497 10329
8251 8836 674 8530 9880 5519 3037 10871 9034
8252 674 9743 2243 10792 10713 10688
8253 674 16 3725 6121 8514
8254 4175 8749 2198 11296 11419 674 7466
8255 10727 2543 953 3026 674 11420
8256 5141 1307 674 8362 1182 11421
8257 674 552 2203 1354 257 2160 3933 275
8258 3769 9100 674 123 9963
8259 4055 5277 674 352 1599 1602 2412 6054
8260 7566 4101 3984 674 7987 2433
8261 8063 3953 674 7229 5460 209
8262 7294 9797 357 6 674
8263 6396 7082 3905 3999 919 4742 217 4514 7908 1068 3058 4863 4593 211 3019 1326 2779 183 6847 8107 10014 5864 1214 1725 196 4813 674 51
8264 674 3754 9875 3922 4247 5505 10866 2221 10409
8265 2938 674 9355 411 9062 8122
8266 4209 3729 8283 674 5787
8267 5902 5478 10795 10591 5474 10242 674 6646 9196
8268 467 674 2388 696 3858 3857
8269 674 595 3201 1066 3039
8270 674 3728 8529 6787 1588 6573 7404
8271 1448 258 9460 223 674
8272 26 48 10936 674 5502
8273 674 3999 3905 3585 7881 10234 4160 921
8274 794 8 11422 7535 674 7062 7179 5502 10028
8275 674 11298 520 8750 7770 11423
8276 674 436 2840 7513 8890
8277 3245 674 132 8223 8850 10759
8278 4368 8126 674 460 11234 11018
8279 866 4045 3858 3857 7384 2389 969 674 10452
8280 117 334 5726 326 1576 1628 674 54 381
8281 4530 4531 674 8578 11363
8282 1574 674 4934 5380 6308
8283 1358 674 2416 7132 6924 6078 5543 9586 8185
8284 4874 7418 11424 1235 6399 6775 2997 6724 6725 4198 3829 3705
8285 11372 4067 640 684 27 5288 603 339 7207 73 11158 6175 4438 720 5289 5480 470 663 545 9360
8286 11010 7364 6175 1576 9474 4260 2514 6404 5287 3695
8287 6225 8913 5288 6175 6587 2453 7021 8579 9570
8288 6175 9074 5175 4583 4582
8289 6175 289 6499 7025 8004
8290 6175 8679 4511 7458 369
8291 5943 6175 603 4431 624
8292 10720 2553 9036 340 9389
8293 2553 6817 5895 11103 14 9100 6805 9047 165
8294 80 9668 2553 10362 4288 7771
8295 2553 573 4055 9173 4908
8296 7409 6198 2553 5445 5913 9418 8454 7378 843 4894
8297 4952 511 9173 5722 5496 2553 6966 9695
8298 2553 1840 894 1025 9750
8299 11159 8627 2553 11330 257 3157 2592 4227 1560 4459
8300 7101 3198 11393 2553 8013 5445 921
8301 7636 2931 10310 2553 10138
8302 2553 11146 6562 139 3225
8303 8205 4144 2553 4411 34
8304 1320 2553 470 6328 4415
8305 5075 2553 3024 1090 5074 3885 5587 7274 1068 8500 8454 9174
8306 6457 9133 465 2553 467 9497
8307 2553 1758 5764 586 7514 7450
8308 1909 4743 3944 7960 796 3038 4776 2553
8309 2553 6436 3431 9129 9292
8310 4354 5241 5082 11216 6754 2553 11381
8311 7721 3513 6477 11425 2553 2827 9801
8312 1784 2553 8454 8387 1447
8313 8550 3953 7937 6467 5798 796 3038 2463 2553 7803 8407 7517 4861
8314 8177 414 4908 2553 4565 8558 6252 3968 3039
8315 2553 6325 8177 732 6069 7771 686 48 5690 80 9711 8557
8316 4487 2553 10362 8197 4536
8317 3807 3567 2553 2931 497
8318 820 8075 2553 5276 11016
8319 2553 8454 1551 2649 4090 10790 361 7762 11426 1213 6227 1492 9728 9374 11427 11064 4285 7105 9144 8921 2417 4804 1164 7648 4519 3868 4750 5160 5247
8320 10107 2553 4174 6846 5054 1901 3567
8321 2553 2689 601 1731 9302 7317 7290 4711
8322 2553 10243 993 9985 6396 9580
8323 742 7636 2553 1471 3309 4079 5930
8324 7699 3161 6389 2553 4455 4951 2734 506 11033
8325 2553 9651 7437 5767 1349 7014 2832 10814 10818
8326 7632 5534 2553 5536 6565 6603 3169 10035 10770 5196 10210
8327 4133 8024 10954 3229 4474 4473 2553
8328 2553 6457 3925 3953 2676 6494 7122 4044
8329 4409 1753 1351 3909 3908 994 2553 9174 7669 6794
8330 1204 10393 10485 2875 2627
8331 1205 1204 5388 5094 5338
8332 4223 619 4565 9985 8583
8333 619 2267 4745 8509 10393
8334 485 619 454 4696 1355 694 115 651
8335 619 423 3307 2239 7057 5268 2541 4292
8336 619 10658 4210 4303 5236 966
8337 5111 619 694 636 5961
8338 6258 4222 8000 1694 10607 619 466 458 10451 8922 3705
8339 10956 619 11124 8981 497
8340 4242 619 580 11126 8310
8341 40 619 3026 9951 470 646 178 8986
8342 619 9448 81 5431 11054 10710 9860
8343 3559 3968 9599 6718 5731 9998
8344 3559 7465 30 4949 1762
8345 1081 5134 4934 3559 8101 405
8346 587 4934 3559 338 80
8347 3559 4368 6750 1123 5965 8515 11341 5006
8348 3443 3559 367 6367 8372 10814 1068 5379 536 7825 6203 111 6912
8349 3559 10144 5311 7969 5254
8350 2649 3770 5163 3559 369
8351 103 9841 3941 3955 5127 402 477 3431 9886 601 10283 7901 10754 5507
8352 5203 338 7459 3231 323 9466 4019
8353 7923 4019 3345 1431 1271 3041 945 4481 6616 4340
8354 4019 3751 423 9073 1443
8355 4019 3404 27 4243 4342 211 603 509 1716 5343 4231 4752 9654 1913
8356 4019 531 1354 11428 265
8357 930 932 1066 3825 38 562 856 1579 7473 4019
8358 3502 4019 7895 794 8150 7101 629
8359 4439 4019 6499 606 10272
8360 4025 4019 1909 11306 11307
8361 4019 6450 3371 5913 901 774 2727
8362 3755 5445 4019 921 6972
8363 10505 6770 4019 363 1383 381
8364 4597 6917 4016 10070 7568
8365 4935 8065 2047 3404 1095 4511
8366 8065 4303 6325 96 6148 10252 119 1342 6307 1872 1123 1442 10872
8367 2877 8065 1442 112 3157
8368 8065 8569 868 4946 8174 1618 7560 3195 823 3911 939 999 1002 1678 967 1143 1039 221 811 5542 4590 1259 816 1171 656 818 1293
8369 8065 1593 7481 8355 10287 3147
8370 5697 8065 485 175 8126
8371 8065 10305 9471 4435 4081
8372 9347 8065 326 10310 5108 10564 7730
8373 1337 2365 8065 1385 1216
8374 11388 10524 11152 6026 4395 11426
8375 6428 4395 9429 10490 7361
8376 149 8350 146 147 148
8377 6030 2086 8350 3963 2339
8378 10221 602 11429 6981 2771 8350 6298 590 11430 6456
8379 6927 8350 407 2377 1528 1294
8380 8350 3471 10703 3409 1492 5222
8381 6919 11431 11151 2011 3032
8382 7621 2634 10159 5480 10587
8383 5759 4228 4139 7065 2444 1770 947 10159 6100
8384 10159 3438 11432 544 6578 3001 6055 4907 8270 1108
8385 7460 2416 657 2256 256 8280 10159 1988 812
8386 4049 8197 8503 5240 5881
8387 6644 3917 7352 2907 4049 11433
8388 3732 3348 9302 4049 2442
8389 4049 969 1092 8277 3920 3912
8390 1230 1595 1715 6705 1596
8391 2365 1594 1230 1365 1231 1595 1596 6705 5849 809
8392 1230 2366 1596 1276 265
8393 1230 1365 1595 1001 1384 4584 809 1163
8394 1501 1230 5880 6499 9648 1476 855 3764 10712 3354 955 5240 1055 1460 6591 1940
8395 11434 193 2696 2365 1232 1231 1230 6454 1008 1563 2982 10116 989 4351 1940
8396 862 1515 1271 5312 1230 1256 5862 1001 5849 1596 1219
8397 2325 1256 5849 1596 1230 809
8398 4392 2352 11435 1239 2365 1241 2366 1595 1230 1365 1527 1066 828 1001 4584 155 5849 1209 6768 562 2373 1972 11436 6454 809 1359 1563 1122 10029 1176
8399 2664 1230 6751 2982 1333 1465
8400 1230 827 1034 1024 5824
8401 2689 1535 407 1503 1521 2362 2366 4639 1339 1230 1596 1384 154 2377 159
8402 3154 1348 2651 6731 1337 941 6736 2362 1338 1230 827 4584 1596 5849 8935 1395 330 4780 1708 5883 809 3897 1433 1744 1849 1563 1021 1299 1220 2061 1059 1058 5886 1226 2062
8403 2365 1231 1230 1209 809 1142 1403
8404 1695 1157 1050 921 1255 1032 1230 1484 853 1509 1066 1232 1476 1208 562 945 1526 2860 1395 809 1709 1233 738 966 5888 793 6772 418 5556 1017 4628 6086 1332 6732 7984 655 1084 424 1400 1178 9220 1466
8405 1156 1378 1517 1157 1676 1532 1351 1380 1295 1365 720 8614 3596 6042 8555 9888 3805 1066 1456 1230 747 1443 810 968 416 502 415 1082 974 4432 9808 6972 4672
8406 4888 1365 1230 5880 6705
8407 10538 9714 3651 7527 1230
8408 1503 4608 1240 1256 1230 1384 809
8409 718 3891 1239 1230 997 720 1595 1382 1307 1688 4639 212 5900 8595 1384 3897 1286 2727 5856 3 1061 1361 2728 3297 819 1224
8410 1421 1376 1274 2325 1060 1015 408 409 912 1595 1502 1231 1230 5882 8575 2491
8411 4592 5879 4656 1481 363 4608 997 1339 1231 337 6757 6694 855 856 154 1215 1396 3406 1216 250 2908 1684 1685 4628 5824 1177 1656
8412 1503 941 1426 4339 826 932 154 10086 964 2861 2982 1012 1234 1026
8413 3424 1453 154 1368 1284 8863 813 1703
8414 1049 1736 2905 2664 995 4584 6705 154 809 1120 1487 8317 9884
8415 407 1408 853 1018 1281 1527 154 1368 1339 4584 955 1214 1011 1112 9663 1704 777 1713
8416 1195 932 411 154 1683 1558 1246 1656
8417 804 154 809 1220 2982 1810 1512 1085
8418 1840 2779 692 732 1501 1383 1707 9136 856 4679 7524 154 1384 4646 1528 221 1314 1363 1445 9424 4606
8419 1736 1030 1191 1376 1425 1380 1239 1429 4642 1193 1066 1738 1070 1715 1104 154 1140 1054 7178 437 167 1710 5852 1165 1152 1079 840 1313 837 1173 165 836 2728 3869 814 1714
8420 2365 1594 804 154 809 1233 1142 6654 777
8421 154 155 1310 1162 1433 382 1163 1259 811 164 1009 1167 1171 1152 1169 165 1166 166 841 1703 1045 1178 1059
8422 1339 1503 3825 154 1476 6705 8220
8423 4637 998 1232 1572 1708 154 2727 1041 1360 1749
8424 997 154 166 3163 1234
8425 11107 1061 206 2395 1621 1382 154 1327 1151 1311 2552 5824 1146
8426 4608 1338 1339 1001 1240 154 1309 10539 809 1522
8427 6731 1235 154 4584 1462 1220
8428 1191 363 6169 2047 1408 4665 1448 1284 9292 154 449 8553 1257 7516 732 158 5009 4435 793 8699 1112 8791 1260 1145 984 1404 11437 843 9212 6011 6005 1202 3338
8429 193 821 1527 1209 154 809 1233 1142 841 1079 1292 1059
8430 11438 3902 1725 3002 6475 2367 930 6860 1659 1001 154 6096 152 3108 4643 2062
8431 1028 1334 8063 1052 1240 154 157 2551 1057 1259 1314
8432 1028 193 6266 9636 1124 1129 1455 4859 1429 1408 1739 684 154 1054 967 4781 1162 4908 1166 1163 1058 1316
8433 9167 3448 7947 10898 11000
8434 8871 11439 2086 3341 11000
8435 11000 10141 1447 56 6040
8436 10375 11440 11441 11000 7154
8437 9797 5767 5496 11369 560
8438 5432 406 9936 8718 10759 2877 5938
8439 5432 2286 4523 11108 7536
8440 7709 8606 10889 5432 6629 309
8441 9688 1519 2580 4880 165 7150 397 5432
8442 5432 6596 6397 2660 11442
8443 5432 4412 11443 1271 9676 6768 1182
8444 5432 8831 6535 5718 3041 11121 2820
8445 4544 4408 4088 3319 372 4811 5432 3563 3635 3539 8553 4916 11302 6860 10021
8446 1958 2196 5432 4579 7435
8447 3043 1643 10704 4189 7848 5118 7069 5432 3497 2229 718 1188 3211 5278 536 2932 6596 6397 6076 11444
8448 2198 9521 9862 797 5432 5979
8449 5432 6596 628 1034 943 4123 1413 8180 10058 51 146 4528
8450 8312 11445 5432 361 271 5979 2823 3184 7779
8451 3570 4293 8132 18 1039
8452 3166 5495 7703 10153 6297 8245 684 3570 20
8453 6335 8627 5695 642 11353 11421 3570 4113 10017
8454 3570 8659 7661 8727 1394 1621 1619
8455 3093 2734 3570 5585 6574
8456 3567 3570 1248 10849 10235 3516 1028 2326 5256 2658 361
8457 3570 5759 4228 4139 2444 7065 6337 9920 4622 3309 9183 1040 4140 6122
8458 9151 9275 9177 7582 1248 1028 1340 3420 5544 1475 1337 2562 1018 995 7702 1645 4589 7896 3897 1007 1528 1461 1148
8459 585 9275 6963 9652 9931 7825
8460 9275 8271 7416 2803 902
8461 5106 9383 7612 8674 10045
8462 2596 4565 10079 3260 824 11446
8463 2596 6748 6410 487 2509 11351 3978
8464 9287 9042 5127 402 189 4696 275 2596
8465 2596 6679 7953 2890 3562 4457 5687 1424 10312 10224 8627 10706 572 6805
8466 7342 9404 4045 10853 8116 2596 3038 948
8467 7742 5175 4174 2782 2677
8468 5457 5175 2395 1133 1146
8469 506 9425 8598 5888 4600 5175 496
8470 2822 3430 10475 2286 9843 11078 5175 3889 9198 3047
8471 326 8770 5175 261 10072 6316 2339
8472 5248 5175 1237 1242 1245
8473 9553 6502 5127 477 2832
8474 5127 11447 453 10469 7237 2241 9472 1508 10473
8475 4143 5985 5127 4832 8890
8476 2973 10002 5127 520 11448
8477 9365 5127 9938 2612 8134 3295 9787
8478 2506 5127 3749 108 6277
8479 3052 571 402 11435 463 5127 10794
8480 5127 477 402 2111 9111 8935
8481 5127 9146 5462 3497 8698
8482 643 508 8953 9042 5127 9119
8483 233 5127 531 450 185 446 539 596 4051 10940 11160
8484 5127 2634 5071 1649 3694
8485 9027 3555 5127 402 608
8486 11444 5278 7429 7431 9200 9721 5127
8487 7819 5127 2513 5144 7361 4934
8488 3642 498 4352 4797 8660 1876 112 5991 10351 1340 1394 2004 3372 1283 6134 5127 143 2516 526 7021 3356 3569 3221 3371 6677
8489 2837 143 5127 9046 9335 10107 10384 14 9169 6357 7389
8490 255 718 5127 10198 2379 5954 40 2528 4145 8316 1599 8972 477 8201 4293
8491 4029 10153 9885 5127 477 8695 7856
8492 524 5127 5166 3558 1092 5488 9796 7755
8493 5127 573 402 539 3198 3947 3945
8494 5127 7518 334 477 40 6556 396 1649 3153 6327
8495 1909 11449 5127 7848 10653 5488 7683 9337 9492
8496 8333 5 5127 6503 189 9467
8497 4247 346 3669 8843 30 7952 595 4023 5127 952 477 5736
8498 5488 4051 5127 343 7061 129
8499 798 698 2834 22 497 613 6398 5127 189 7361
8500 2216 3315 2816 6213 2160 7835
8501 4290 3728 4805 5238 8620 4543 9731 2413
8502 4290 6080 4778 5040 2047 7242
8503 4290 1447 7892 1354 2303
8504 4290 8041 7105 3636 9259
8505 4290 10105 10721 10891 7793
8506 6907 1255 552 6016 6677
8507 3937 6550 2781 3145 8851 2252 2801 6677 5996
8508 11450 8841 10562 6677 5505
8509 2558 6961 7690 6677 4438
8510 6677 5907 1710 842 1164 4684
8511 6677 3026 1123 467 1707
8512 7518 3711 7973 10526 6677
8513 6677 6656 342 9779 3695
8514 6677 1508 256 7179 4117
8515 5300 2590 4396 5839 6677 4705 4326 1683
8516 6956 10110 2840 3575 10687 4963
8517 10110 11024 6963 1347 1909 2887
8518 4009 10110 4446 4438 6072 5283 1166
8519 335 2286 10110 5352 6786 6246 6949 7038
8520 4487 383 6903 10110 10 11066 7604 5028 1451 1426 4657 942 1502 5622 949 38 562 4144 945 1432 963 966 265 6772 2861 1810 1012 1748 818 974 1174
8521 3195 10110 4459 3984 6078 4279
8522 10110 11164 6 5287 9142 1497 10143 7062 6785 4408 2565 2834 10162 602 601 7334
8523 10110 3438 2442 111 256 11451 1123 10143 8720 5737 6994 1203
8524 11188 10110 2513 7888 6203
8525 7186 10110 1978 4463 2239 6059 788 3686 6785 1096 685 2065 5165 2210 5406
8526 10110 2588 3920 340 11452
8527 10110 5140 5125 1576 5528 10403 7605
8528 8037 5106 139 1347 7909 8413 9071 11426 9072 11167
8529 2583 26 4866 2233 7062 544 4431
8530 2583 485 176 1762 743 5355 10985 544 5724 381
8531 6215 7517 10352 4966 2557 2488 6316 5749
8532 8063 2722 6215 4383 5520 9649 3546 4285
8533 4539 6215 10312 8021 2270
8534 6215 6117 2047 2056 875 259 4338 4927 1016 4161
8535 4282 8559 11213 2742 8386 8463
8536 8386 6535 5234 185 1576 5247 2913 9368
8537 9272 2600 5330 434 8080 1598 6548
8538 10525 8638 5133 1376 6733 874 1156 1378 1154 1157 4074 732 1676 5738 1136 828 1552 1554 1358 275 1311 1114 1177 1224 1293 1148
8539 10525 2509 207 275 9057
8540 6674 3660 5238 765 1525
8541 11453 9782 10320 3398 6674 234 37 5143 5160 93 8228 477 7928 8998
8542 6675 3584 10181 3345 6575 10763 8852 10779 4234
8543 6675 6719 2769 6676 2798
8544 9024 3502 2243 107 3315 6440
8545 5488 6257 10813 8406 421 9024 9423
8546 1205 1334 9369 193 2856 1515 196 6782 2173 3242 992 5312 5598 1101 1450 1452 4638 1135 930 5029 1368 1645 3825 1006 6957 4580 6694 1358 1199 1849 3828 3868 3869 1364 1058 3174 6703
8547 5331 196 3824 9141 6349 4593 1648 7172
8548 5331 475 2336 1530 6602
8549 8990 1207 7019 89 5680 381
8550 8990 820 7443 1047 6304
8551 433 10746 182 1322 8853
8552 433 7335 2063 8974 870 7848 8986 11227 4786 939
8553 433 9230 9004 6542 3513 3613
8554 7277 6656 433 3166 8074 5440
8555 433 5445 337 5960 462
8556 433 4565 1565 993 6494 2245 11454 5795
8557 433 4999 1188 6119 3692
8558 9272 2519 4912 2429 10929 851
8559 9272 11455 11456 2940 7976 8943 4254 8457
8560 10125 10218 4512 919 1097 5812 3669
8561 193 2075 2073 3569 10125 3416 1009 1332
8562 5123 9117 3228 7644 188 4747 862 185 3857 941
8563 5123 143 193 3466 6388 941 2459 23 1099 6736 7437 3502 942 7873 1574 9264 11457 3318
8564 5123 4443 5660 9504 5713 5708
8565 5123 92 1421 196 2647 5028 1406 6100 1427 2200 937 1429 4642 1193 330 5741 1682 10122 11117 4927 259 1286 382 1312 3249 167 226 9731 1167 2369 1292 10032 4004 1291 10729 6022 8180 2494 1658 5859
8566 4210 8310 8278 8572 8958
8567 4987 452 8958 490 3043 9547
8568 453 10905 3633 799 8958 7566 234
8569 8958 573 698 7731 11356 10269 5574
8570 10858 352 8958 651 5734 6966 3833 8253 459 9483 3977 6237 4206 395 4179
8571 9786 448 3211 7124 8958 3693 7474 5278 7429 7431 343 2515 4003 7091 5567 2291
8572 6943 50 8958 1576 3398
8573 8958 7360 1447 9633 1146
8574 585 11458 1679 6808 1094 7010 599 9377
8575 6808 882 5595 51 4344
8576 6808 1475 5457 1379 1133 2192 1193
8577 5338 2634 9963 1978 8409 8089 1039
8578 5338 2983 3323 5512 2256
8579 5338 10610 4367 4535 7179
8580 5338 4603 2793 10030 2054
8581 9085 8124 467 9239 5166 7493
8582 9239 861 1354 2339 3271 6559 3170 11174
8583 5203 698 4229 7494 4837 3228 1355 5234 406
8584 4837 5976 307 3713 10869 10119 8517
8585 800 308 520 414 5575 8717 9131
8586 800 4361 3228 40 626
8587 480 9766 800 3430 495 460 3083
8588 3593 800 94 346 9808 7446 741 7761
8589 5289 800 486 90 5690
8590 1090 5075 9873 4946 6556
8591 3811 7062 2613 9873 6785
8592 6791 9641 8672 1616 8382
8593 9641 3796 6576 941 3857 8477 128 4026 1033 10564 949
8594 2458 10322 9641 4786 8619 3981 5864 3835 7979 10899
8595 5940 9953 9946 743 4703
8596 11255 743 2267 3922 5746
8597 40 480 6252 8385 5496 3084 401 400 8689 7993 7334 743 34 3036 3255 5886
8598 117 743 3503 335 7430 1702 945 1077
8599 743 3404 9301 5835 9366 54 2457 11459 4866
8600 743 7414 2516 143 3198 22 309
8601 423 4487 3811 3507 743 711 9537 2853 709 73 645
8602 743 4106 8405 206 6301 5773
8603 743 7468 6493 8859 5739 118 4429 34 91
8604 743 8372 5739 3573 1271 1620
8605 4126 10707 2255 905 743 6411 595 1094
8606 2756 743 7410 3093 5460
8607 941 7726 4131 743 6323 918
8608 3884 743 7464 2660 2496
8609 743 34 10438 9605 30 239 10693 4711
8610 743 1607 1447 4570 3175 3221 649 4431
8611 743 10396 3031 4166 4970 11307 265
8612 2519 6790 9332 4756 4955 9876 8784 3915
8613 2519 943 5277 2230 7497 6394 10151 8439 950
8614 7644 2519 469 467 698 6657 9732 7626
8615 2519 2913 2424 8464 1875 408 3354
8616 1734 11460 2519 7062 5737 309
8617 2519 3905 2389 1182 969 10979
8618 11461 2519 8725 5704 6793 9452 11462 6644
8619 6109 4350 1373 1122 222 227
8620 1646 6109 5829 10012 1629 10958
8621 9634 1389 1235 3902 337 1179
8622 3858 3857 5978 3621 9634
8623 9634 356 6089 2774 10508 5040
8624 9512 3857 949 838 7353
8625 9512 170 601 7296 2370 10254 5267 8768
8626 9512 26 48 7946 115 112 80 4960
8627 2577 9512 2527 7207 4082
8628 446 6609 4819 9543 9512 10768
8629 10924 4146 1123 9512 2607 7579 5575 4905 9906 9914 9910 11463 5907 6414 4623 6811 6072 7299 3702 8159 4661 4626 1040
8630 6344 1720 601 4394 6343
8631 5689 2688 1720 4520 205 6743 969 3356
8632 7964 1720 2623 8787 1248 2524 6519 193 2651 823 1135 1455 2362 853 4391 1612 1622 38 2369 1075 1259 1169 5830 6813 4664 3339
8633 10753 10296 1480 11372 4394
8634 4394 8201 3815 7738 54 4186 89
8635 3195 4394 1480 2291 9822 5984 5985 11044 3858
8636 688 4456 9974 10484 11203 1559 4394 1908
8637 1505 155 485 613 82 1162 5651 4394
8638 3690 210 4394 6065 6068 10959 755 1285
8639 10452 5574 4394 3026 5160
8640 7211 8555 4394 3026 7693
8641 10481 8376 4394 2442 739
8642 541 5280 6922 2241 40 9844 279 11464 10161 11465 8360 3800 792 4876 6159 3635 6376 4263 5930 4778 1123 52 7726 4394
8643 4206 4394 4529 8305 1872 9347 3558 11080 9822 4064 4913
8644 9591 2068 7509 3983 4394
8645 4394 1840 3276 2762 3384
8646 81 6180 497 799 11128 4394 3791 8646 10808 9611 3300 509
8647 9402 9411 11466 1040 4394
8648 4089 4394 943 2925 3720 4713 1385 2390
8649 3623 3862 11467 4394 8354 132 3048 7534 612 6179 1683
8650 9108 7546 4394 11158 8482
8651 4394 26 10305 854 10670
8652 1153 1483 1050 938 1527 945 1004 1105 1208 1210 1458 2727 3406 1164 418 2730 1043 4351 4394 1940 1116 1115 2236
8653 9530 4394 8838 6496 7512 72 4362 1703
8654 4394 6596 4166 1413 8221
8655 1565 132 4394 7269 1705 4298 4958 80 9230 2063 894 436 9108 11260 8726
8656 4535 2220 10275 8286 4394 1895
8657 3477 4394 10759 132 10985
8658 1344 1840 4394 8019 251
8659 4394 2732 1275 2403 11306 5193 4570 9077 922 5623
8660 4394 48 11433 5911 3724
8661 485 4394 4950 3968 7201 1011
8662 4303 350 8721 7477 414 7578 4394 4138 3398
8663 1978 740 3277 6485 9826 4394
8664 1180 1338 1295 10285 132 1750 4394
8665 6293 4742 512 1776 7281 6090 905 275
8666 9199 7092 7053 2137 2776 5873 4396 9444 6694 4400
8667 9108 7752 8213 3519 4966 5938 11468 4400 7222
8668 4565 112 188 3650 4821 9129 7542 10748
8669 4565 48 794 1739 4228
8670 364 865 4565 82 48
8671 4565 2834 1128 8008 221
8672 2584 1 4565 687 1149 3026 3201 3037
8673 326 8 11447 4565 4665 339 6180
8674 4565 885 2700 4851 358
8675 413 4565 81 22 783 9523 755 537 638 7356 4818 2511
8676 4565 5072 5057 3153 6592
8677 4229 48 4565 188 80 3922 480 6966 4756
8678 541 9190 80 4565 698 1448 10381
8679 460 4903 4565 1410 8075
8680 4565 82 6656 4282 2848 5592 6139 685 467 3802 1354 10323
8681 4565 8270 854 8273 4843 6469 10424
8682 4368 4565 11284 352 4978 1307 4843 4180
8683 4612 4565 9258 276 9277 4282 10363
8684 9882 4565 2569 8693 6545
8685 4565 5739 6252 8252 8538 4934
8686 8642 9812 4064 3300 509 4565 4223 208 9560 1214 9562
8687 4935 4565 26 2834 4144 2959 342 11469
8688 4565 48 4665 3833 2876 3026
8689 4565 8193 7400 7427 2570 708
8690 4565 2241 1033 755 6431
8691 624 5288 414 1589 793 10846 4565 9523
8692 698 497 10565 7354 9472 4565 3567 1582 11055 8 1761 10139
8693 4565 363 1606 10979 7535 1509
8694 4565 592 3968 48 1354 9472 8362 5081 4179 7820 9943 10915 4180 8274 8273 7354 465 8222 4818 51 10107 489 11223 6406 10700 11470 11420 5158 647 1589 11471 4241 265 4047 838 5609 10044 9707 10696 4925 7348 294
8695 4565 4950 8391 10764 9108 3444
8696 8554 503 5845 441 4679 5922
8697 7312 6625 8700 11472 8332 3981
8698 11473 426 5337 3692 6458 4852
8699 10950 48 4242 7613 2262 426 5808 6746 4513 5969 1533
8700 426 2346 601 8675 2617 7748 2646 2468
8701 1909 9812 5968 11474 9954 573 10729
8702 452 4913 8126 4905 5968 189 9389 4955 3791 9815 4885 685 969 4232 2515 6344 310 5575 3742
8703 2567 9169 521 937 10640 10408 9472 7815 3867 10353 10427
8704 3867 271 5979 1223 10126
8705 6813 3867 11475 1597 11476 8270 4325 5010
8706 3867 3605 10698 6807 8046 1149 3941 3955 11477
8707 9785 726 4438 11211 11478 2211 6026 4579 4524 7568 5645 440 3604 364 80 2219 361 6584
8708 6910 1040 10452 9785 4803 2576 11479 5411 420
8709 6598 11480 9785 3932 10912 6997
8710 9785 10236 6924 1550 3850
8711 9785 34 11468 686 6252 8221
8712 9785 3288 7629 9202 3993 4624 7817 2734
8713 2723 3500 3041 9785 11481 9695 11097 6357
8714 1028 193 208 2416 7658 9161 1344 4856 200 4621 996 1470 4775 1002 1033 5849 613 11295 5829 11482 1109 6054 11483 5145 2982 223 1299 777 11447 1604 5009 9062 8618 1605 5030 2494 2778 2565 1228 4832
8715 9161 1253 4578 1397 1259
8716 9951 8496 4086 4087 11268 7712 3323 11484 9161 3103 2294
8717 9161 9669 348 6376 6098 3026 7830
8718 2485 4000 10443 397 4426 4161 4694 530 9613
8719 1646 5418 5232 4532 6428 8671 10924 7810
8720 3950 7120 6428 6337 4968 7298 5855 11485 1443 2782 6142 440 5993 18 6574 8355 4730 11486
8721 6428 11487 6431 10399 4292 7810
8722 8547 6428 480 723 5151
8723 9450 4570 6622 6428 495 1802 2065 1550 4438 1689 5231 10518 1040
8724 6428 3613 2686 1018 3618
8725 2899 3048 9631 1511 7668
8726 1973 2899 1844 1837 1912 1986 3379 1845 1941 4540
8727 5569 7974 6805 11259 10287
8728 11488 9431 6070 5569 7974
8729 2582 5051 8130 2942 92 2063 2486
8730 2582 7277 5832 1028 6235 9013 2616 185 1471 1375 2856 1495 937 1354 1034 161 1500 1292 1605 1465
8731 10965 1723 1061 10321 6178
8732 6178 2803 6805 10856 10790
8733 8012 6178 11347 7424 88 8489 4320 8062
8734 115 4223 794 3579 762 6178 9389 8274 11470 9471
8735 6396 11388 9459 1066 4156 9619 4160 2234 303 248 246 6178 6591
8736 4059 4826 5658 10109 6178
8737 6178 1674 1271 564 10060 5426
8738 6178 3747 8253 4591 5411 4319 11029
8739 10391 7613 6178 34 8584 10712
8740 10862 6178 3967 6782 3218
8741 11489 6178 7143 8664 6333 10108
8742 4474 4469 1569 4843 6178 6140 8144 3147 8
8743 3442 3705 6178 381 5116
8744 2424 506 5414 7287 4888
8745 3967 6065 9796 7287 442 8286
8746 11490 4017 3175 5302 2552 245
8747 4133 427 11490 8523 63
8748 11490 9059 9165 5291 6052
8749 8843 4017 11490 10012 844 2215 6650 9980
8750 2267 3666 11335 8659 10934 2569 1007 9011 7922 11491 7727 11490 9056 11492 2411 1413 4166 3031 628 3159 8457 2487 6177 11493
8751 7559 469 7064 9945 4364 8595
8752 7559 7458 11088 10934 4283 205 4415
8753 170 193 158 1586 1119 1311 4574 1711
8754 48 170 4134 935 6437 5343
8755 170 5022 4383 8760 1086
8756 6269 7326 170 10500 6927
8757 10718 11424 2339 7815 10647 8647
8758 10647 81 6180 343 6904 5144
8759 11010 600 4257 10647 128 6518
8760 10647 6646 9823 11376 9676 8272 3563 1702
8761 3967 8332 5206 8158 7703 881
8762 3967 6985 811 966 1077
8763 50 3967 7918 10048 10990
8764 3967 5805 10537 6065 6588 2433
8765 595 506 3967 11257 1352 11041 554 9299 2266 4407 6366 1066 2543
8766 7765 11494 3356 6932 3967 6956 7473
8767 3603 2681 4198 3967 468
8768 2108 1265 1725 4646 5917 1361 2982 818 2909 777 5586 3967 2433 6588 4952 1464 1178
8769 8281 9308 9389 3149 7018 5717 4486 3967 10917 4485
8770 5199 3967 6656 5976 6582
8771 485 3967 3730 4044 342
8772 8199 3967 6588 2433 10528 340 6155 6748
8773 3967 11495 6065 6588 4962
8774 3967 5921 4055 7444 11332 4538 4006
8775 3967 3398 10488 8698 4962 10528
8776 11495 1156 11200 3616 363 4784
8777 3696 2198 11495 6328 2863 5206 6726 9716
8778 11495 73 4303 7919 687
8779 5813 6805 11495 6392 8115
8780 5794 1602 1511 3606 550
8781 26 7570 4746 2063 5794 5475 894 340 8989 5257 8841
8782 1028 7250 26 2057 2531 1377 1725 8699 8649 10049 1739 8686 8501 7298 4792 5236 6340 4265 11307 8189 759 9572 5906 1655 5389 1615 11496 1421 7745 1324 3 1080 858 835 11222 977 1560 838 1084 1315 4601 1636 5652
8783 5384 9680 26 1454 8955 2845
8784 5384 10631 10953 675 10952
8785 8395 8095 2657 4958 3206 464 5054 460 2332 9096
8786 7962 8395 5800 8965 4996 5081
8787 9120 8395 7696 6267 8104 5588 2459 4768 4232
8788 2763 8437 8470 9086 4168
8789 2763 11475 3041 2774 6622 5507
8790 2513 2763 11013 3027 8583 1054
8791 8994 8927 2763 3238 5655 4088 2985 259 6911 10196 6550 5607 5656 206 1452 10195 387 2807 4638 5654 4398 2782 1052 2383 1278 4458 2200 996 2373 5029 1195 1367 1210 2398 10056 1607 2667 5143 5649 9937 1336 6454 1653 2821 1544 2861 1461 1434 812 4886 5852 1042 382 1299 1810 2728 1748 1290 228 3868 1085 1463 990 3872 989 1147 4724
8792 9503 4196 640 475 1589 1285
8793 475 5718 3993 2865 381 2877 326 10244 7463 10471 1723 11022
8794 475 455 10529 1408 2588
8795 475 4214 355 11497 9478
8796 6671 2708 9038 8130 2856
8797 6886 5142 4952 1188 99 98 1602 1678 10626 7535 34 9712 7958 4144
8798 4962 4866 1257 3093 10863 11128 5866 10590 4952
8799 5140 4952 10760 3805 9488
8800 8735 7831 1978 381 7900 3017
8801 4181 104 2267 8399 9229 8735
8802 8354 8522 6467 11498 4058
8803 11338 11499 736 9031 5989 3728 283 2173 4124 7670 8354 2408 5534 7632 11500 284 7659 6723 854 2571 8798 5196 2570 8819
8804 8354 8746 3062 9894 6388
8805 1405 338 1642 8354 1033 1579 1381 2511 966 1298 4043 777 8489 1292 3174
8806 334 8354 2982 1336 1280
8807 8354 5696 2373 3677 5679
8808 6446 5753 6575 8354 10313 4061 958 9968 4772
8809 8354 1405 6704 210 6758 3401 1037 962 219 6319 1120 1558 3 7094 9314 5030 1605 5843
8810 8250 2856 1274 1377 11159 6704 4622 1061 4303 994 2905 395 7037 10634 9619 4900 9550 8354 10313 1621 1394 1551 1053 4076 1742 4780 6726 4283 5260 1296 1432 4579 6737 1487 1396 1311 2861 1562 1218 1079 836 1490 3866 1112 162 1711 167 165 837 1165 1152 161 4925 1604 1592 985 1293 991 232 4351
8811 8354 1646 1648 4593 755 4555 1229
8812 8354 3371 1034 10552 5222 9224 5223 4139
8813 3593 6150 8133 694 11360 7446
8814 9645 2736 11501 7446 630 2649 257 7874 2860 9791
8815 26 7446 4905 722 2336 257
8816 7511 7446 662 4487 2232
8817 3894 7446 9622 3524 419
8818 7446 722 9260 4734 4693 11502
8819 186 2649 7446 6132 11453 143 112 1173 9721 2464
8820 7446 9451 799 5484 34 7483 1
8821 5140 10208 7446 5639 369
8822 10291 3558 9804 4051 5488 421 2863 956 6299 1041
8823 694 30 9804 539 6380 2832 6040 3558 367 10291 174 7062 2613 9889
8824 526 7263 497 421 10291 10922
8825 10291 2714 918 1071 2444 7065 5293 1507 10807
8826 6043 10291 9853 8718 8178
8827 10291 10939 452 894 2240 8293 11466
8828 8972 10291 539 596 1011
8829 722 369 3968 8546 5089 5140
8830 4209 8546 9153 3313 9585
8831 539 694 722 4942 3593 8406 6150 6300 3558 6554 6299 10268 9930 10614 6489 9352 4121 1961 2817
8832 888 146 6150 459 3858 3857 46 265 10163 5747 3255 5886
8833 4105 4330 4634 7333 2408 5977 8113 7150 9996 5517
8834 10026 2253 4832 4105 6203
8835 8678 9283 9153 4571 8076 10366 462 400 8689 2022 11503 1082 7578 8884 5575
8836 8481 10026 10280 6300 11182
8837 10026 8535 4531 7393 9769
8838 3819 4054 10026 3941 3948 3955
8839 2829 10019 10147 2469 4106
8840 5621 4106 3444 8303 6374
8841 4944 9286 346 4106 6431 11504
8842 618 3457 8687 8405 2241
8843 9558 8405 256 8 5795
8844 5202 3659 8405 2056 8460
8845 7062 8405 1723 8521 4256 9849 5521 4953 6464
8846 7709 8405 10377 7457 3926 8398 11484
8847 99 10903 3957 4009 7389
8848 8306 4942 8516 10192 176 2459
8849 2465 4108 8307 5422 10539 3822
8850 698 8614 10268 1591 8307 10501 9679 5128 7665 4836 7807 4515
8851 185 336 3198 904 4529 3605
8852 4529 11182 761 10501 9928 10997
8853 337 2516 143 5462 4529 8123 10616
8854 4529 513 10718 7105 11198
8855 4529 3768 3490 402 8549 3819 520
8856 4529 6305 6964 2587 9557 5919
8857 4815 8305 8291 10699 9044
8858 10526 10616 8305 4531 6056
8859 4244 2865 754 485 446
8860 754 1484 6935 1299 5609
8861 10509 754 11182 9679 7430 2867 599 799 7010 2865 3162
8862 1674 1671 897 11283 5807 11410 754 751 976 10850 9514 6860 2004 9867 3444 3372 4554 7877 4540 11344 5809 4523 6831 6775 812 4025 6193 6631 9099
8863 8523 115 3756 4223 2841 2961 3198 4138 1591 5143 5746 11158 9886
8864 8523 4339 7550 9842 10470 1326 5504 2338 2368 5104 2971 601 1655
8865 2600 1721 7711 7944 1541 7662 7327 7239 2690 4484
8866 6996 5342 2011 1581 150 6220 296 1161
8867 5952 6747 11505 5342 8779 2911
8868 5453 5293 5496 5739 4407
8869 5453 48 1301 6365 8003 8254
8870 5453 1364 943 4219 6651
8871 5453 5882 969 3438 111
8872 867 1123 366 7368 807
8873 867 8060 8678 8160 4531 10965 1776
8874 867 6963 4408 10202 3143
8875 867 5420 2221 3561 5140 423 643 3577 4249 8196 523 3175 4248 10643 799 2291
8876 4303 3697 495 115 240 867 4363 5101 792
8877 30 2960 813 867 859
8878 541 82 80 5102 308 867 10473 2565 657
8879 48 3202 80 188 10305 867 5639
8880 867 2047 3692 1447 257 2764 3225
8881 10308 867 3258 446 4408
8882 5140 867 1569 1591 1621 1067 1070 562 480 24 209 219 1152 1298 1171 152 1445 231 991 1224
8883 3222 26 7768 9104 867 698
8884 867 10 587 5292 9746
8885 40 1589 6636 4992 7118 867
8886 1192 111 867 4622 1569 7294 1381 1064 1621 724 1573 1716 1159 5623 3803 966 2861 981 2174 985
8887 4282 5388 7944 867 8837
8888 867 34 618 9891 901 5131 5236
8889 867 4979 36 4101 10089 3460 10530 764
8890 352 867 7999 2580 4415
8891 867 3833 10139 6965 1607 1600 3245 1619 928 1648 1321
8892 2521 10252 8190 867 803 921 6701 1594 4907 1104 250 838 225 3246 983
8893 867 3542 7561 4521 9053 131
8894 867 5566 5420 5236 3975
8895 867 48 82 22 6325
8896 1061 6904 2536 3770 822 5805 3300 1577 10661 8389 8935 9108 343 3026 7187 7909 829
8897 403 4735 5805 7187 1608 2565 3301 8017 2567 3391 5726
8898 5805 7187 4343 10854 5418 3000 3150 1553
8899 5805 9373 6055 6383 8608
8900 7522 512 9591 5805 685 4408 1909 448 4021
8901 5805 7187 3220 2834 10444
8902 5805 4143 7009 1679 11026
8903 8703 3204 2613 6395 508 4250 2348 7496 9451 1607 401 5424 11506 9551 2567 3195 6327 455 9316 2411 446 5805
8904 5805 5046 4966 2269 10355 5257
8905 3464 2636 5805 7426 1311
8906 5156 9608 7686 4298 5165 797 7294 2063 869 5109 3783 8517 10612 685 9998 7187 7466
8907 7187 11507 2286 8685 4842 2406 8854 8856 10285 10299
8908 9544 7187 4832 3155 451
8909 7187 7437 185 596 7061 4195
8910 8020 40 1567 261 7187 2183
8911 7187 1845 3095 465 2544
8912 11107 1553 7187 4235 5082 215 2789
8913 7187 4343 1599 6327 448
8914 8161 211 2221 7187 7848 470 509 4293
8915 8528 3944 7187 4857 176 175 7848 7092 3341 4269 7544
8916 7187 4946 2937 8621 7468 9413 5759 4225 8007 4139 7065 4921 10094 7900
8917 1510 1552 5144 2513 7187 354
8918 4468 7187 4765 4502 645
8919 11508 8891 11509 11247 10946 11510 11282
8920 11247 11250 11248 11249 8898 11242
8921 8905 8898 11247 11242 10851 8899 8911 8891
8922 11511 11247 11510 11248 8064
8923 11247 11248 10851 11242 8906 11243 8897 11240
8924 11511 8412 11508 11247 8891 11509 10946 11510 11250 8903
8925 11508 11510 11247 10946 8891 11509 11511
8926 9291 1761 497 9532 6260 339 10307
8927 1696 9291 48 5807 9108 478 9231 6195
8928 10107 1188 11427 3330 6088
8929 3722 2930 10107 7296 9721
8930 10107 7080 9456 3184 6897
8931 3491 10463 10912 10107 6310
8932 10107 1237 1242 10124 1245 6755 11512
8933 525 7547 8569 10107 1354
8934 10107 8774 2228 1625 5287
8935 3866 10107 273 7188 11513 2378
8936 10107 1679 2589 10147 572 4626 10404 10299
8937 8532 27 3309 6503 1663 3754 6843 4342 348 3833 9274
8938 8532 9034 22 2339 688 8060 5153 339 5057 6311 3807 5574 2584 116 5731 1873 4223 543
8939 8071 7465 4237 3228 9715
8940 4411 26 4815 8071 5976
8941 1995 6425 3612 5408 5747 2498
8942 6298 1995 3049 9070 830
8943 1123 4217 7580 2085 1995
8944 5954 2065 8881 8759 1995 680 1573 2562 6646 5757
8945 1995 8478 3730 6226 969 827
8946 5845 1995 5520 260 10124 1845
8947 1995 3789 1356 11102 2683
8948 3879 6395 5269 11514 1995 4166 6633 6240 3183
8949 1995 6636 4792 4245 8919
8950 1048 9975 1868 1869 1995
8951 1995 2184 8344 8339 4175 6775 6961 8814 3184 5337 4791 211 5610 11468 3517 3525
8952 1995 3503 4563 334 5031 3108 8333
8953 2423 2809 5174 1995 2827 6279
8954 1995 3147 4797 7936 9335
8955 1995 8957 1137 5519 5470 7938 1868
8956 6940 5630 1995 392 2778
8957 8528 1995 10668 3307 5643
8958 6426 9971 8833 4619 3221 1995 4348 381 10534 8134 11515 6456
8959 1995 477 1933 3052 11516
8960 115 9781 1995 531 6966 1092
8961 1995 8339 5845 2085 2086 4888
8962 7383 1995 353 175 8231
8963 3636 8843 5357 6142 8623
8964 8106 7805 6836 8802 3636
8965 4817 9201 3636 3632 6726 1062 831 326
8966 1607 5131 4077 5504 10557 11517
8967 10975 2997 3818 1588 10557 3151
8968 9333 10987 11226 4215 8184 10557
8969 10557 4540 196 3988 4390 4170 7440 11033 721 6329 542
8970 316 3890 8569 587 6314 10557 2565 1394
8971 2634 8174 9763 10439 257 4088 712
8972 2634 8520 5771 8482 8300
8973 5896 2634 255 2543 953 11518 2513 10605 5256 11408
8974 7255 2812 7437 3111 5444 6685 9394 8236 643 7374 7382
8975 6279 9424 9437 6493 8093
8976 5341 2892 4735 2988 111 497 6493 7064
8977 2036 8665 8746 6493 2037 1137 4499 6116
8978 6493 112 3421 10190 4466
8979 3166 454 453 3142 5109 8773 11154 684 6493 7510 233
8980 6493 454 916 343 1576 10221 4957 4467 684 7334
8981 6493 2803 9957 7064 8531 1740 9421 6179
8982 5240 608 1355 6493 876
8983 3204 6493 4477 658 7726
8984 6493 11113 10965 7771 6142
8985 2386 1180 6297 113 9595 5062 5698
8986 5062 2565 10987 4311 9360 2877 5757 9944
8987 5062 30 8743 9951 519
8988 2472 11519 3140 2962 11520
8989 7172 4303 463 11519 3931 8347 3125 8489 7334
8990 11519 4569 1035 2569 2412
8991 11519 11349 11342 6797 4321 3136 3134
8992 11519 8637 519 402 3952 2567 2877
8993 10623 10173 3931 8347 11519 6327
8994 541 8538 174 189 3149 11519
8995 6662 11324 343 8174 6073 448 1581 11521 6732 523 5698
8996 6662 6798 8680 7264 9341
8997 6662 8408 6817 811 10631 7856
8998 5622 5445 6030 2424 4921 4866
8999 6325 5445 3471 722 11393 6966 1034
9000 2428 2590 10305 3768 8219 5445 1355 1554
9001 5445 6457 7658 5412 10745 11522 2457 3138 3062 8352 2342
9002 339 1285 5445 511 5227
9003 5445 8951 1569 9416 9994
9004 5445 10362 921 8332 4069
9005 5445 2247 2661 1552 9489 7856 10412
9006 5445 9626 139 6685 7059 5760 7126
9007 8241 11258 8178 3040 4908 437 4001 5445
9008 5445 3026 2256 868 861 5975 10740 2378
9009 5445 11204 9389 8161 793
9010 5445 3166 2390 10792 2437
9011 5445 369 4145 680 9513
9012 10512 1447 6388 10207 676 1895 11390 7336 10470 5746 7701 4321 34 4121 5445 6339 5046 1650
9013 5765 1407 1110 7396 5445 5845 441 4367 4289 10214
9014 684 5445 2674 9330 11085 1331 968 4626
9015 7019 5445 506 5947 7636
9016 5445 9599 4317 11057 9434 9435 5857
9017 8637 3959 7748 85 5445 7009 7923 8953
9018 5445 440 5255 93 3005 2490 3378
9019 5445 34 603 11272 11260 9196
9020 640 547 5445 9309 261
9021 6599 8027 685 5445 2417 326
9022 3882 7269 700 662 2513 5445 1773 4247
9023 5445 3217 10877 2515 463
9024 7711 1547 7649 5584 3190
9025 2332 3153 1552 8522 1172
9026 9339 5234 9646 2982 3246 8522
9027 519 5663 8522 6661 1895 5257 5036 1816
9028 333 11506 1895 5609 8522 3314 3157
9029 7991 6127 3795 6202 4996
9030 9879 6127 3652 1027 3679 321 3091
9031 10201 3480 6127 5010 9229 7574
9032 8220 6611 8561 4389 5194 5304 2745 1829 6127
9033 6127 1663 3404 6660 3444 4513 2346
9034 9802 10952 2298 10953 6966 11523 10544 5840
9035 773 9970 2298 10736 2224
9036 624 1530 10 4223 5055 8676 3371 27 8984
9037 8540 3986 309 8676 512
9038 8676 3733 788 6531 789
9039 8676 82 4507 9747 10138 8782 9879
9040 1188 3843 10756 939 502
9041 9399 5145 234 8280 4269 1188
9042 1188 8252 2524 7550 7737 3153
9043 9746 4705 6417 1188 11211
9044 3992 11524 6477 1188 4055
9045 6251 8930 9680 1188 5026 3974 8265 6055
9046 8722 7944 1188 10537 3954 1089 2648 333
9047 601 10552 3039 10532 3217 9866
9048 423 3228 3217 2853 307 8693
9049 400 3217 101 6794 4050 656
9050 8678 7509 1212 5287 5759 3745 308 3217
9051 3217 2262 2995 5718 1688 4179
9052 9560 1066 9803 3217 9734 8633 11207 2787 774 11085 8864 1213
9053 3572 3217 2522 5085 4126 8720
9054 3217 5965 10922 5745 3282
9055 6085 3479 40 367 3122 3217
9056 7556 10049 10706 3217 621 3803 6500 3438 9827 7389 7132 1615 118 717 10277
9057 3217 5907 6439 3731 3245 2742 3905 8277 1494 2398 3319 1648 909
9058 367 8199 9120 4473 4471 5236 8950 9203 1574 7490 211
9059 10310 9120 480 143 9442
9060 483 1150 9120 1095 1096 5891 9108 10879
9061 5059 6617 3897 8556 1358
9062 3166 7379 5059 6533 11097
9063 3705 8922 3195 3720 9103 1607 34 2716
9064 4815 309 9103 6344 876 7364 545 1313
9065 9103 2256 5174 10668 680 4916 483 4995 3982
9066 9103 994 3910 8944 8457 11201
9067 5147 9103 4005 8 4945 11347
9068 4370 4686 211 3300 6469 9103 8280
9069 10908 9103 11525 7059 7105
9070 9103 3080 7383 4393 4324 4951
9071 9103 524 4343 2794 8388
9072 16 620 2887 11196 394
9073 6241 3438 5789 16 7768 3770
9074 16 10719 3220 6585 1355 10916 2441 10796 9509 9898
9075 16 9464 6090 6757 7101 4248 7674
9076 16 638 3166 5403 189 3116 4069 6539 5236 5537 2041 8804 3126 4251
9077 9090 11144 16 2399 1118 4370 4144
9078 16 1543 8324 1600 8947 1640 4077
9079 16 176 256 5353 11119 645 10093
9080 16 3227 10658 3988 8986
9081 16 7687 491 3936 8280 10854
9082 8774 1624 5228 196 10477 10614 16
9083 16 2513 5855 6548 5252
9084 3211 11526 16 4520 8146 6644 10321 10871 4236 4457 3748 1552 418
9085 4077 16 3371 4409 448 9359 4487 8465 10607
9086 4524 16 7949 183 3128
9087 16 6744 7909 7452 337 2668
9088 16 4515 9147 196 9722 8985 5496 10052
9089 4460 3315 11340 5312 9172 7727 16 9246 4599 3246 1436
9090 5867 7277 8087 6656 10212 1669 5202 10500 1301 8712 941
9091 7277 4093 4746 82 5867 8705
9092 7277 4931 1547 11004 11527 6829 11528
9093 7277 188 607 8133 6934 3443 2742 8998 8915
9094 9658 7542 6180 7277 7536
9095 7277 2198 1523 1545 395 9222 920 937 945 938 2543 1366 1688 942 961 1555 951 1678 1072 1708 966 1171 1216 1197 1219 1184 1391 1491
9096 9375 7277 3851 4614 335 2996
9097 7277 6656 4282 8728 26 4746 9880 357 4686
9098 7277 82 8644 4282 3422
9099 7756 361 270 4560 9019
9100 9019 4746 82 5335 4613 4787 5336
9101 5039 850 1140 4084 1226
9102 1347 4084 11398 9435 1137
9103 7640 2621 7739 4056 4084
9104 2453 2454 7896 4084 4259
9105 8427 8402 3026 9042 7570 3212 685 8421 9134 5257 3307 354 450 1394 9216 7564 6518
9106 8427 1909 7815 7887 8237 9870 7217 9062 361
9107 8427 2532 5189 82 2743
9108 8427 59 6627 4142 1183
9109 573 2445 3800 3847 6459 9587 854 10809 151
9110 3697 5501 573 10766 40 554
9111 573 1909 4416 4408 8241 397 2607 11158
9112 573 485 48 495 367 6997 21
9113 573 4210 4960 9458 2241
9114 573 5132 3792 308 497
9115 573 7151 485 350 8781
9116 573 1530 2513 9115 10483 562
9117 573 8174 495 545 712
9118 573 82 446 6180 2834 397
9119 573 7317 4960 21 9682 400
9120 824 573 10113 4622 9903 9202 9183
9121 573 4925 7348 4866 10631
9122 2242 4856 6117 573 379 9518 11529 4520 4816 9063 3502 2065 7607 7609 629 676
9123 573 10747 80 11530 9457
9124 573 519 2877 6396 8184
9125 573 3583 365 1407 9497
9126 4746 573 80 48 9129 111 6146 3983 348 4075 5420 112 4210 6661 5034 9049 3039 9327 223 1607
9127 573 5140 3792 3205 2320 6790 4297
9128 573 1909 4746 4311 3153
9129 573 6079 7722 724 460
9130 573 4979 22 859 10449
9131 573 364 783 415 6827
9132 573 26 111 1497 7341
9133 485 573 4753 9104 1706 554 8537
9134 573 6344 9191 9450 658 544
9135 6795 2940 11350 2971 573 4220 1909 10967 5727
9136 573 531 7884 8967 6094 3751 2231
9137 573 3679 251 10439 10211 9790
9138 485 1354 573 8348 1410 4431
9139 573 6344 2931 308 1162 1166
9140 573 4095 5446 6361 1161
9141 573 2064 1909 6502 5275
9142 5793 7625 573 8223 11531 9313 9339
9143 48 4414 7567 573 7294 364 4137 1370
9144 8191 573 918 10870 7182 783 9287 58
9145 410 7833 1053 1283 573 1497 9455 724 1328 201 414 810 1162 6772 1631 5886
9146 573 3195 8481 81 799
9147 5500 3673 9746 685 10930 5103 311 6152 6344 216
9148 7581 895 9476 8784 6344 112 497 413 9523
9149 9596 6344 5481 4949 309 337
9150 6344 80 4958 1355 5440 4044 3975
9151 6344 3026 4705 9240 495 10084 1180 1389 11321 11532
9152 6344 364 8086 1355 70
9153 6344 4205 684 4388 8566 11533 5977
9154 6344 7980 10004 4623 6361 11534 774 11262
9155 6344 308 5220 544 8514
9156 8328 1128 1034 3827 1810
9157 11365 7248 2419 51 2234
9158 2779 194 1183 7053 625 8339 3047
9159 3047 255 3962 400 4881
9160 9247 1130 198 1100 3047 4088 1455 935 1339 11204 1715 1037 1307 793 967 755 1017 1701 250 2908 3 1218 1220 5542 1042 1711 6409 6949 9954 1085 988 4602 232 1318
9161 11535 10059 6298 7885 5888
9162 6298 208 5680 1354 2405
9163 2391 9028 913 5186 4016
9164 3310 2391 257 11174 11536 6048
9165 5465 5388 81 5108 9458 2876
9166 8907 9258 5388 4746 5360
9167 866 6219 4408 8424 185
9168 8424 4217 730 6060 6479 11537
9169 432 3315 9777 6725 6574
9170 1354 432 4168 9995 8073 3444
9171 3588 432 9491 3622 645 4958 5131 933
9172 432 601 6540 2589 9474
9173 4755 432 4741 1075 3438
9174 432 3690 7237 10208 4949 4418 5519
9175 2047 432 1354 3198 8380
9176 432 11363 5131 9143 2395
9177 432 35 7121 8140 9613
9178 11510 11508 11282 8891 11509
9179 8911 8893 11252 8905 11508 8910 8908
9180 11508 8805 11476 9031 11538 5534 4325
9181 5335 1123 3563 10161 1650 11471
9182 9039 6291 2881 2721 9151 7859 9652 6390 5802
9183 5349 7437 9597 875 3669 2590 6467 9052
9184 7303 2875 1354 10443 8208 5349
9185 5349 3315 326 1219 1413 3981 7838 1589 4793
9186 1695 5349 2367 1368 3825 1103 6702
9187 402 186 189 916 54 6539 5349 4503 450 4033
9188 6455 3764 5553 3500 10370 5436 5438 774 11539 753 4799
9189 11463 11171 10020 10018 9792 4238 6455 7785 3398 5334
9190 6455 5282 8887 11463 11539
9191 6455 5907 2923 7468 10712
9192 8722 5907 11064 6558 9144
9193 5907 9126 9701 3195 524 10421 4828
9194 5907 4821 1576 11342 4052
9195 3566 23 1521 187 2860 1209 1296 963 1040 265 756 250 1162 816 8788 549 485 424 1145 5907 427 1464 3766 6972 4223 1417
9196 2198 9106 11267 11540 7132 1550 8431 267 3764
9197 3336 3669 5255 440 5268 4516 8286 10604 3764
9198 315 4983 3813 5157 4074 1160 216 3668 10643 2702 4832
9199 216 2265 2961 4541 1771 3627 9343 5995 5987
9200 897 5140 6312 9994 890 175 216 1347 11093 6497 898 3404 464 7942 8007 2021 1492
9201 146 3986 216 9127 656
9202 2663 216 2075 3048 2073 2053
9203 7871 9090 446 7449 952 1763 4166
9204 952 4803 1756 9352 6352 6775 262 6277 329 9176
9205 3847 8640 5587 7407 11261 952 9975
9206 952 1620 4235 9362 7392
9207 91 3194 7181 952 9815 3630 3198 7018
9208 952 7529 4025 34 6823 4444 354 189 450 6226 5482 9232 5120 3001 4415 3279
9209 10931 11541 9989 3194 4487 928 2765 10272 3833 2923 3766 553 606 174 179 7554 952 1447
9210 9805 5055 5133 8602 7353 11422 952
9211 952 3807 10051 51 3030 70
9212 5740 6200 2340 403 11433 7496 1677 2142 6367 10493 4912 4835 3630 326 2663 3551 952 11452 5929
9213 952 6219 4976 5483 3091 8608 4435
9214 3856 903 952 9815 3630 5873 3058
9215 10397 9882 952 5626 6185 1315 2818 2218
9216 8891 8903 8892 10851 11248 11242 11511 11243 8899
9217 10851 11511 11250 11249 8911
9218 8899 11511 8895 11250 9040 11251 11243 8911 11244 8893 8894 11132 9032
9219 10946 8899 11511 8892 11241 8898 8900 8894 11237 8910 8800 11542 11543 11419 10568 5010 8803 8817 8822 10899 3835 11378 8802 11527 10462 5826 7905
9220 9273 9188 4611 8898 8893 3305
9221 8584 4276 4269 5889 10251
9222 495 3039 3375 8584 11160
9223 868 3307 841 9756 8584
9224 8584 1445 6211 4396 4945 6317
9225 8815 11544 11545 8584 2570 11546 5825 11547 2236 10767 11548
9226 11253 11237 8893 11238 8911 9040 11246 11282
9227 11240 8905 8897 11253 11243 8911 11242 8893 11249 11244 11252 8894 11246 8898 8902 11282 11132 11245 4611
9228 8895 11237 11236 10946 8902
9229 8638 9617 7507 8058 8070
9230 11487 8638 9617 435 531 5945 423 9781
9231 8075 9617 10473 9479 3593
9232 2021 9617 3166 7945 6436
9233 2628 6294 8909 2722 9520 7628 5186
9234 2628 8718 6978 904 1773
9235 4746 916 11183 316 7186 9346
9236 188 7785 4746 8957 5767 9314
9237 8063 4746 2834 1909 4205
9238 4746 80 4081 2834 4945 5489 462 416
9239 6963 413 4746 497 117
9240 4746 26 6619 4832 2668 6830
9241 4746 82 7962 3371 4027
9242 2346 4746 7857 3200 874
9243 4746 3206 3521 8619 5312
9244 10170 862 4746 8219 10760 3194 11045
9245 2851 4746 9592 523 2442
9246 698 4746 9440 3673 3815 414 474 8721 9654
9247 4746 26 4618 10305 1702
9248 9158 7416 6540 8652 5456 175 10855
9249 82 9367 1031 4101 653 629 656 2877 3858
9250 57 82 5084 4008 2743
9251 82 1695 4572 5392 1033 1147
9252 82 5094 6466 10896 4999 26 8378 5100 2459
9253 82 11549 7395 4958 364 4333 9568
9254 4144 9440 8404 82 956
9255 82 2829 7531 11033 3717 10745
9256 82 3207 2242 3582 340
9257 82 48 81 6180 468 4832
9258 5131 10500 2748 8539 6135 3482 7898 82 4891 3458 10931 10884 4520 5213 5356
9259 5140 9135 82 6180 497
9260 5815 82 80 9235 7038 5746 5917
9261 82 698 2834 448 8274
9262 82 4437 3931 4996 1913 1020
9263 82 541 495 698 8144 751 5145 10152 11406 651
9264 82 10935 80 48 8713 4408 4205 1909 2834 1282 7352 9196 7351 745 4180 5823 6315 7982 548 11550 11069 9179 2608
9265 82 1410 9440 83 413 446 1283 48 735 698
9266 82 865 1376 9037 4074 1101 920 1131 953 1328 747 949 1709 1691
9267 9757 874 82 1537 26
9268 3615 82 5 80 596 50
9269 82 485 8693 1707 10124 400 1654
9270 82 9205 5497 11429 11534 812 4052 7901 10365 598 5286 8284 6591 5938
9271 9854 7856 5721 82 6963 8249 9794 10048 2515
9272 80 6311 5739 82 5493
9273 82 1336 1677 11343 397 4646
9274 11123 6963 10768 82 223
9275 26 82 115 1694 369 7671 3211 4175 9653 10559
9276 82 80 4095 4979 497
9277 26 80 446 8060 82 11551 7483 5507
9278 82 495 467 460 3638 4463 7890 10473 8091 4285 6279 2844 5500 1354 3983 5494 6394 8240
9279 3204 80 10742 10194 1565 794 82 28 8060 10188 9583 446 4408 188 112 6180 4137 5475 1909
9280 718 82 80 5107 708 7364
9281 9880 2522 5801 82 10212
9282 783 82 3710 4995 10662 10220 7675 5108 7188 4438 497 112 1410
9283 82 3026 5114 9812 23 98 1044 5287
9284 82 119 3391 9647 54 8631 1000 1615
9285 3918 2231 501 11294 502 82
9286 59 82 9194 3772 5778 3261
9287 11281 82 3220 59 4802 192 7649 5832 3752 3056 7620 1124 506 969 941 963 2061
9288 82 80 6067 497 7725
9289 4303 722 82 185 4942 446 7069
9290 10974 7194 11397 9176 82 5527 1048 7973 363 7590
9291 685 82 2398 8797 2497 3140 273
9292 2081 11298 795 5740 2702 4081
9293 2021 7943 5740 6545 4438
9294 5740 8655 6183 3403 7125 5939 7077 6892 4326 4685
9295 3588 4583 5740 5075 7406
9296 708 10423 4997 2877 812
9297 708 7207 2843 813 1361 9865
9298 708 6266 5890 11117 7129
9299 10906 708 7583 3422 477 2386 1421 2764
9300 115 708 26 9614 4348
9301 8166 6648 208 2427 5607
9302 51 146 2859 8212 147 1887 3539 3540 5638
9303 5638 3074 11152 3080 5762
9304 34 6242 3442 5638 3485 4156 552 4322 3148 2457
9305 9286 7415 2513 6197 4069
9306 9286 4997 4158 10763 5267 4900 22
9307 3941 9286 354 5144 2832
9308 9286 4534 4509 8540 6556 6631 11552 4957
9309 2653 3651 8281 329 2212 4914 108 554 3449 5243 8268 381
9310 5243 7414 9830 4953 385 189
9311 9350 9651 4533 7547 7638 704 2863
9312 861 9651 8859 10848 2334 874 58
9313 6605 8315 6363 1757 4646
9314 4033 3470 10405 6363 5991
9315 5360 11093 924 7673 3993 3126 6202 9693 10608 9330
9316 5359 7635 2632 10608 6713 8705 10597 2576 1515 6704 199 1518 1454 1136 1521 2200 1501 827 939 1644 1034 8935 210 1456 562 4593 4578 1296 1033 832 1652 1554 4580 6702 1160 414 755 1459 4781 1007 1152 3 1288 421 1374 1165 1082 656 841 2909 818 1145 1463 4601 1224
9317 1347 10608 6439 5394 10632 7101 4033 7757 265
9318 9875 3122 5120 9930 10608 1347 924 4337 8418 3850
9319 3759 7104 10608 4168 6439 1094 4337
9320 5169 5079 11369 7897 3679 3514 2787 8316 6121
9321 2863 10043 8614 5169 973
9322 1153 1186 8413 5169 10609
9323 5723 5169 10648 2246 2173
9324 7945 9603 10799 5169 10620 2268 215 6538 2959 4793 652 3318
9325 6290 6709 8078 3731 3288 10005 9029 11553
9326 2776 6030 8329 6029 217
9327 3329 6030 11554 1957 1912 1889 1956 2191 2918 3102
9328 6030 3080 5762 361 6584
9329 6030 1532 1358 8655 1164 1460 5724
9330 6030 5379 8655 2816 10932 4859 5997 11398 6886 8616
9331 7075 6871 6030 7331 5034
9332 6030 4917 3440 11398 2232
9333 2832 1255 6030 4310 7080 632
9334 6030 2092 10972 5573 10817 10002 2169
9335 2970 3586 6404 6030 3080
9336 6030 4288 9501 10727 7334
9337 5841 9737 4583 994 1360 1286 970
9338 176 3573 5981 490 4377 10553 8995 6539
9339 176 175 174 8675 2528
9340 176 866 2089 441 3865 1590
9341 744 2459 176 4517 2528 5350 4470
9342 176 3529 873 3667 3620 9815 1492 3630 2823 11442
9343 9293 3922 261 176 2245
9344 10955 2584 2876 176 2832
9345 176 179 4368 385 174 6903 7848 4654 9655
9346 11211 2174 176 175 7379 1271 5258
9347 6300 3558 3952 176 6909
9348 3581 7197 176 3083 4653
9349 176 7437 6771 6635 7589 11555 11184 10635 7491 5498 739
9350 6000 3225 5993 176 175 8277 1061
9351 3371 10611 10795 552 176 2822 9370 5258 4175 1742 4780
9352 176 175 10168 10009 4448
9353 176 117 1302 5478 8114 10602
9354 3960 176 7920 3709 4814 1182 3919 381 9496 11356 5912 7607 3850 8
9355 1307 176 685 8062 4175
9356 175 9319 1064 176 342 6483 941 3858
9357 176 175 3315 28 10183
9358 176 452 901 9148 479
9359 176 175 2764 8073 8544 8971
9360 176 6266 6556 4244 11556 10857 2543 601
9361 1844 446 12 23 7555 9309 3941 3948 3955 9851 7473 8242 175 5258 176 8418
9362 176 926 3571 4407 10538 392 544 2218 2269
9363 175 1123 5481 310 8684 176 1341 4303 400
9364 9128 463 255 554 176 175
9365 868 1909 11307 176 342 400 4832
9366 176 9987 3405 10459 797
9367 897 7497 2388 176 11406
9368 4280 176 4235 175 1118
9369 5523 176 175 467 10617 99 98 9497
9370 176 179 9979 1553 2293
9371 176 3195 175 5219 491 1488 4717
9372 601 8845 6072 176 3864
9373 1061 822 1525 176 1723 826 5649 1417
9374 7247 175 176 4383 3109 9713 3261 2544
9375 4133 445 5257 348 7920 176 2442 175 6903
9376 176 1877 5560 1436 3052 571 6138
9377 176 11484 11091 3770 3930
9378 176 9588 7309 8640 196 3949 11557
9379 176 175 6903 685 3819
9380 495 700 7524 176 5313 9135 9388 5257 381 7499 9142 4370 2501 5747 9112
9381 176 175 6903 3379 4347
9382 6704 1238 1018 410 1353 2834 1497 857 1216 79 250 969 838 1061 1749 236 176 2909
9383 176 175 5258 4437 4175
9384 4903 6305 2867 176 3318
9385 7649 180 176 2922 862 1516 1718 4573 1548 994 4704 1612 1688 1551 6758 1552 961 8952 9072 1759 963 1374 2730 1226
9386 3652 9224 176 1185 5757
9387 176 10507 354 11191 4508 5144 2567 6327 11521
9388 11257 2269 176 2414 5145 6286
9389 176 6782 179 6903 2173 3189 10980 5680 5086 385 994 3908 513 5422 11558 10718
9390 176 3755 4815 866 6241 1376
9391 4181 176 4313 866 2457 10043
9392 5976 909 506 510 176 8885
9393 176 848 948 958 6702 1396
9394 176 175 2653 7668 9528 5855 4415
9395 176 5258 6056 3318 385 7403
9396 8876 176 4481 9715 8489 2541 40 465 175 1119
9397 1534 2622 7743 7412 8066 2647 176 8996 8712 3364 1280 1553 2540 4742 1061
9398 2961 176 4166 727 2439 4934 5555
9399 5144 2832 176 26 3521 2834 2877 8559 5077
9400 176 271 10506 8084 2569
9401 1066 176 255 175 4812 311
9402 9274 176 385 185 6904 7430
9403 7250 5544 193 1015 1255 2858 1320 1067 8553 176 5866 7767 1653 1214 755 1683 4574 4515 7894
9404 8715 176 9763 1280 2379 3356
9405 9751 8693 90 584 11559 11483 11560 8490
9406 4906 92 4407 471 9711 340 10747 48 40 3166 3195 9142 9751 6252
9407 363 4949 624 9751 385 6279 811
9408 9751 9775 6431 9420 9341 2411 10940
9409 6535 8346 5945 10025 11213
9410 9376 8493 10025 5452 7021 4244
9411 7430 524 11386 10025 2853 9450
9412 9737 4238 10025 5046 8442 10068
9413 6297 9449 2575 6335 812 6853
9414 6229 113 4905 2944 861 3153 1618 3016 6297 4569 5186 1748
9415 6297 2436 687 11561 11051 1840 5450
9416 140 8060 7783 34 6297 5921
9417 6297 8329 5131 6482 652
9418 1207 1104 1106 4594 3058 1085 6761 6759
9419 1354 3266 1207 9675 722 1856 1855
9420 1304 1191 8843 1505 994 2367 1194 1193 1509 1715 851 1655 2727 1109 1748 816 777 1083 1207
9421 1268 940 1207 948 807 2124 1941 5885 1167 1512 1712 5018 1714 1564 3174 3338
9422 4178 9859 9341 1207 774 250 4280
9423 1515 1098 200 1452 553 1524 1615 1353 1207 1616 5863 3828 4628 983 987 1300 5831 4606
9424 1525 408 1450 4637 1097 1609 920 1049 4608 1295 5029 1003 939 1393 947 601 7767 2549 1103 1207 5623 810 756 1017 502 1287 421 422 10983 1414 1604 3297 4601 1656 5861 4032 1178 8295 1635
9425 1130 1097 348 1100 1351 1524 1610 2592 10260 209 1032 5780 1064 1003 10304 1615 1053 11518 1647 4076 1207 4780 5742 1328 1037 9788 11389 10738 817 1054 4211 11562 1010 1233 1080 1142 5857 971 1312 1218 159 1219 1023 1234 1220 1560 425 814 1463 4601 1293 1687 8229 6972 428 1333
9426 2524 2657 1236 3902 1000 1207 1004 1648 1072 11557 1299
9427 1207 1105 966 1040 1017 3827 1435 5852 1712 4911 1687
9428 736 5420 6606 2645 1275 333 209 5029 1615 1476 1004 1207 5881 1210 1708 1107 1701 1042 1290 1043 5030
9429 196 1677 333 6731 2859 1452 996 1018 1136 5875 1742 1207 947 6726 330 5824 11038
9430 4688 951 1742 1207 5885
9431 9462 3623 1207 4304 257
9432 9303 9604 894 348 1525 4704 11563 1501 945 1307 1497 1207 8596 964 966 1459 1433 1385 1152 1460 1312 1712 983
9433 7970 918 409 1295 939 998 1207 938 1368 1104 4626 4781 2060 1258 5824 3297 819 988 1058 2061 4032 1714 4351
9434 1278 2303 940 1207 2202 5881 1210 2933 1208
9435 4573 1496 1610 1207 2933 6756 2204 1437 1465
9436 823 333 1050 920 5029 1232 945 1193 1207 1368 8596 5623 1200 1401 2982 4910 1226
9437 5391 33 9376 887 694 3704 7009 3353 307 5981 440 563 3089 839 4828
9438 7962 1843 5103 4145 18 6398
9439 7962 2522 8129 3999 2245
9440 4949 7175 3841 3016 1354 7490 4739
9441 7449 7175 2913 5186 409 3160 3658
9442 7145 10695 7074 7175 5828
9443 8662 6094 2586 13 62 5159
9444 6094 6257 5765 3768 6275 1123
9445 6657 10510 515 680 2684 2668 10697 6094 3509 9293
9446 3155 4029 6094 11158 4437 7381 8482 5 7476 8721 414 5340 2025 10749 7334 3984 8566 8565 11134 7893 8564 5431 10476 5813 3444 10167 5419 185 3198 4069
9447 6094 6257 11564 2434 5529
9448 6094 7341 5462 2654 1677
9449 1123 179 383 3523 3516 452 8787 3805 3474 6094 3789
9450 41 56 4407 871 6094 3213 414
9451 6094 465 3026 554 8884
9452 6094 6326 80 369 495 868 10959 3827 8983
9453 11234 349 5132 30 9257 4751 3706 3313
9454 5132 9445 601 8753 4769
9455 5132 3792 399 11458 858
9456 4941 4376 3762 2527 470 10632 815 9491 11488 6285 10592 4998 3031 4166 3159
9457 2509 4941 2210 7534 261
9458 3588 8840 6260 10813 7325 3670 9145 5765 3552 9691 7376 244 3155
9459 1354 4689 5765 10511 7547
9460 5765 625 8019 3690 10813
9461 6963 3393 5765 9718 6918
9462 10352 3653 7775 10152 3804 10813 3877 7389 8241
9463 3804 194 2423 1239 848 1231 1595 1127
9464 5530 2920 7955 1599 2922 5490 54 2264 6914 7386
9465 5530 8364 11096 473 2021 4716 10729
9466 2473 8487 1189 5928 5530 9956 9432
9467 11298 5530 11564 136 9794 7237 10208 6386 10283
9468 5530 6260 8842 7368 9418
9469 5140 10 4487 8985 4495
9470 5140 3438 8019 2589 8124 6260
9471 5140 513 4368 5343 7608
9472 5140 364 108 4303 1703
9473 9893 7613 5140 2877 647
9474 5140 2376 11565 1607 6445 4292
9475 112 10517 122 3189 8566 5977 1661 2960 99 98 1383 2311 3444 5140
9476 943 2922 5140 10716 3349 5341 911 1450 2367 6896 1064 127 9968 10151 1483 946 950 8262 141 2734 10495 452 265 2727 9810 969 9455 5803 1315 4671 983 2494
9477 5140 9587 8197 5134 9608 8594 8140 10167 5857
9478 5140 6259 9983 10019 7338 2891
9479 7250 485 5140 4303 3862 8878 9976 10240 1322 8645
9480 4148 5140 34 5089 4209
9481 4705 7897 5140 6259 1123 2065
9482 11360 8106 11499 5140 3166 30
9483 3858 1182 969 5140 2444
9484 5140 6326 11453 6940 7064 3304
9485 2073 4697 7051 2091 4969 4968 10893 7792 10892 2088 10227 5187 9212 10230 10357 6270 2072 7647 10971 5140 10921 3320 7922 5040 9442
9486 7173 3302 5140 718 10587 4368 8167
9487 5140 2924 2172 8672 11006
9488 3702 4023 3464 3645 3435 3710 1618
9489 8147 6874 123 8586 1618
9490 1618 4508 3149 1271 11566
9491 4371 916 7064 6300 11234 779
9492 4371 4002 3669 4993 4527
9493 8002 860 7910 7820 4179 5158
9494 112 115 8002 5965 9351 2546
9495 5596 2496 7469 4314 3421 6863
9496 7469 7903 2816 326 454
9497 9236 8292 6136 9374 7469
9498 4169 3754 7469 58 8199 9882
9499 1018 3319 7651 4916 6853 335 35
9500 6853 5520 1048 3091 3093 8741
9501 6853 2988 749 9176 3320 1492
9502 4572 1568 912 2658 7443 1032 2303 998 7702 1016 5742 1035 2907 850 1037 10003 6853 4604 5869 1038 5623 1040 1039 1398 1442 839 1258 1046 1390 1019 2204 1145 231 1712 5861 4032 1564 3174 6703 4588 2936
9503 5666 199 1483 1611 1521 1136 1594 2771 1365 1615 1000 1659 1002 1240 1072 962 1554 152 1438
9504 6237 1521 4608 1594 5862 2365 1353 5510 1715 1368 1706 1231 413 613 1497 1743 1352 1555 1209 1628 793 6319 1162 1161 2214 1373 9265 1176
9505 7022 6769 718 1191 1521 3779 11346 1146
9506 1515 1475 1154 1503 2778 1521 1594 4578 1231 1103 850 1430 1241 1210 1278 965 3897 839
9507 193 1155 1725 4656 2362 1521 2200 1594 155 1233 1488
9508 1695 1521 5880 2365 1112
9509 193 1695 1131 4888 1521 1365 1001 5849 1142 738 1330 2982 2204 1512
9510 8521 821 926 2647 1129 758 1521 1367 4780 3249 2982 10793 1438
9511 1124 1494 1050 1521 5862 1659 6454 4350 1219 6773 1229
9512 5879 1337 1532 1521 1000 7702 850 8317 1299 1220 1025 1292
9513 193 1180 1156 1521 1484 1594 1380 1595 1098 1065 1038 995
9514 435 6117 205 1404 1274 1516 2532 1422 1377 1275 1049 1255 1521 2362 2303 1551 1016 4639 601 1647 851 1211 1708 1285 1215 1488 1372 9730 4574 1246
9515 1521 1240 1338 1209 5851
9516 11567 8947 11568 3715 3778 3298 6686 3759 9079 3777 2753 3785 9271 7104 11313 5646 6170 11364 1521 804 3173
9517 2301 3491 7335 193 2647 852 1450 408 1521 2365 1241 1527 853 1353 5880 1233 1142 5888 1385 1141 1433 167 1258 1259 161 1436 1226 4351
9518 2459 1521 1240 1613 1393 1311 1039
9519 3690 1521 1644 2907 857 1119 1214 1459 1056 1683
9520 7583 881 596 6571 4313 6250 6475 7916 732
9521 2513 7583 553 11119 69 2243 3308
9522 9445 10918 7520 7621 10546 8379
9523 1780 6042 5496 9925 9445 10624 7084 8651 2378
9524 9445 11028 1028 2651 1136 1570 5030 4032 1294 1148
9525 9445 7186 943 646 4502
9526 3891 937 562 5510 1699 1040 4599 6751 5856 4908 3 1163 1746 815 9663 762 1145 892 1713
9527 1532 1406 720 5510 1456 1326 1413 1627 1040 1655 1311 1045
9528 408 5854 1351 1737 1381 724 1715 1070 5510 1033 414 1359 502 2982 1082 1220 228 4602 2555 8295
9529 4383 5880 1384 1476 8022 2202 2933 816
9530 6930 1203 1503 1476 9714
9531 1275 409 1569 1476 855 4555
9532 1452 5854 853 1476 2666 1109
9533 7553 7176 1278 5862 949 1004 1005 1476 1708 837 1165 836 163 840 165
9534 5880 949 849 1476 1005 4643
9535 1340 1271 7176 1612 1231 1232 5880 1550 1476 1103 950 1005 1651 1554 962 1215 2861 5795 221 1488 2377 2908 973 5824 1746 977 1374 6653 1403 1438
9536 188 5739 460 3889 1410 7506 9599 764 11160 11378 3834 7690 1476 9608 361
9537 718 992 2905 1476 1707 1329 24 1370 967 1085 1713
9538 206 1062 1050 1324 2161 5880 4665 804 1033 1368 2906 1476 1652 1233 1142 1143 1039 1528 1360 1847 817 656 1042 1221 980 1025
9539 338 199 684 8201 1476 1073 856
9540 1273 1124 1337 2858 4077 1441 827 5862 1240 1004 1476 1210 1005 2932 4589 1413 6737 1211 4415
9541 196 996 209 998 938 1476 6757 955 330 1526 1413 1680 5855 7767 1627 5863 1216 1331 3 1110 1111 978 1042 1390 2728 982 1114 7094 1177 1592 231 1316 4602
9542 200 998 1476 1221 3869 1512
9543 8220 998 4804 1476 5880
9544 1496 1548 1476 1103 3163
9545 4917 206 2365 1476 6705 1434 1461 1810 1234
9546 193 1695 5648 6314 333 1725 920 3911 938 5880 1321 1393 1476 1103 957 24 5900 962 6319 6772 6774 165 1170 1080 1220 115
9547 5848 1192 1128 2366 804 1338 998 5880 1368 1103 1209 1476 5623 159 1169 166 162 161 2730 1292
9548 1252 718 2926 3415 395 4638 1737 2200 1688 2365 1678 1651 3897 2551 223 2492 3868
9549 2365 2366 1231 1595 1001 809
9550 10935 8070 9552 3216 6715 10311 1731 1451 4622 2365 1470 1105 1016 1210 4076 1193 1329
9551 5874 1448 4074 2365 1064 410 337 8295
9552 2365 3911 4642 1353 1067 1002 1645 850 1194 1497 158 1074 969 2462 223 818 1363 1184 815 1656 1400 1202 5469 1087
9553 7250 17 408 2365 1001 5742 562 818
9554 1029 4372 526 8103 539 2365 828 1053 1307 999 854 1181 1108 1107 1629 1653 160 1109 5864 6740 6646 1605 2062
9555 6738 1731 4622 2362 4608 1240 1241 2365 804 5880 1595 4584 5849 3406 809
9556 1695 1253 2365 1256 1595 1527 809
9557 1030 1481 2365 1501 1383 1074 5623
9558 3911 2365 1232 827 1001 2933 530 1460 2377 1008 9144 1465
9559 2367 2365 1281 1595 8022 3492
9560 2365 1209 1715 1707 1040 221 1631 1011
9561 6607 771 10749 7920 464 3126
9562 870 10749 464 4119 4226
9563 5109 1307 10749 2035 10767
9564 9890 107 9974 10749 5104
9565 1282 3434 4962 9889 4751
9566 698 3434 3945 7826 11469
9567 485 497 546 3434 7466 6534
9568 1123 3434 6501 5144 8836 8555 9395
9569 3434 5511 8378 3428 9355
9570 9462 3623 6501 2405 5572
9571 8482 8101 5255 421 4148
9572 9510 8519 10483 9399 779
9573 448 5720 9998 7061 129
9574 8873 257 4305 5720 8499 2512 1972 298
9575 624 5720 1091 610 969 1034
9576 1649 11433 441 5720 8097 4906 3888 7820 8245 10342 127 10256 8501 1589
9577 257 9721 5720 1646 317 5279 3942
9578 5720 8519 9510 7495 7686
9579 7358 5720 5128 4051 2837 5489
9580 5720 59 4118 7072 5901 2212 1480
9581 5720 1607 7414 2513 792
9582 1540 5720 7495 6302 7686
9583 601 587 4095 5953 8643 367 11177 5720 129 4933 446
9584 11521 5720 2513 512 354 10231 6495 204 792 4321
9585 5720 2513 969 8418 838
9586 3046 2810 9510 4508 6076 6300 9998
9587 704 185 4144 1703 7495 6302 8859 10865 11469 8519
9588 662 6534 8518 7495 8097 526 5 8170 189 2742
9589 11422 9016 9894 6302 9938 129 792 7357
9590 8517 9591 7529 179 736 4311 9998 10530 317
9591 1719 8517 185 11569 3198 3354 11420
9592 1909 66 185 5482 8517
9593 7686 9366 8517 7688 343 6328 8215
9594 3791 8517 6791 2461 8011
9595 7686 596 4248 8057 526 354 450 11570 11266 7814 9084 8131 8756 473 9088
9596 3206 4903 526 5287 7686 1607 1034 4930
9597 2311 9732 5573 7686 524
9598 307 1011 7686 20 2385
9599 6797 5680 7674 7686 3848 24 8480
9600 2513 10693 7686 7458 3903
9601 7686 185 3166 8997 1160 7869
9602 536 3689 10991 7686 185 793 5481
9603 8018 8481 9805 6040 4368
9604 9805 11473 705 8789 2587 707 4359 11023 11287
9605 8567 8543 526 11021 7846 10607 9178
9606 4944 11571 9789 8567 4832 4934 7483 452
9607 1072 11330 8284 9899 10244 183 632 8186 9182
9608 10244 2262 350 1048 3533 3151 5470
9609 8145 6173 8215 4623 11572 10993 4624
9610 1957 1800 1845 808 3048 2201 9675 2098
9611 11573 11574 4422 6725 4823 7605 9887 4826 5684 11575 5678 6206 6728 10671 8944 7976 10672 7157 11352 10815 4424 2938 8380 10816 2939 4221 4220 9465 10843 2039 4458 10670 6727 5628 6724 11382 11576 11577 10087 11578 11579 11580 11581 11582 11583 1970 2811 1972 2201 4624 4546 11584 5672 4623 3287 11585 11586 11150 11587 11588 6051 9832
9612 2201 485 6252 5961 5116 5452
9613 1445 6308 11213 740 3195 7024 7238 2394
9614 3769 7621 3761 11213 2115
9615 4059 10878 9844 6614 5283 3458
9616 8527 5283 9701 3766 10711
9617 5283 6180 550 3606 4008
9618 10217 4345 5283 9701 8527
9619 3768 4455 11567 1032 5628 11114 2211 807 1741 5283 4580 8334 2817 4781 1560 10983 10032
9620 6233 10686 5283 485 7928
9621 6219 532 3798 10812 718 5283 3300 9194
9622 5573 9839 8594 5283 5644 11011 9609
9623 5464 2241 2877 4399 1741 6775 10185
9624 6509 7004 9989 9740 4735 5464 4088 10713 10933 9776
9625 2971 11331 33 68 5464 3316 132 7534
9626 11042 9792 519 11153 7023 11517 2258 8601
9627 34 3315 93 4921 10399 3112 9792 626 527 533
9628 5136 8574 4149 5305 1443
9629 9471 5305 6219 446 7604 3238 2658 8274 9943 1913
9630 5305 5945 1755 10469 7816 502
9631 920 7647 6270 7646 7648 10019 9349 7704 1427 951 1354 6726 1200 1122 1026 1316 1226
9632 7646 7705 7704 2071 2072 9709 7647
9633 2071 7706 5571 6386 7371 1553
9634 2072 2071 7705 9709 5187 5593
9635 6791 9202 6262 7455 4254
9636 6262 7705 6270 506 10357 1354 2075 11296
9637 7707 6310 6262 7198 9765 9106
9638 7704 7706 10892 10229 7646 2075 2088
9639 10357 7705 7704 7706 2091
9640 1376 1274 1448 363 4074 4145 8404 1352 1307 1353 1652 1689 1681 9596 219 1216 459 502 1161 160 1218 838 10663 975 222 1165 7266 1011 836 163 840 1592 983 987 796 1227
9641 3960 8404 3084 4210 465
9642 48 8481 8204 455 3593 4097 4703 1909 750 8404 188 7833 8391 5514
9643 794 9458 8404 369 4145 969
9644 3920 27 9316 11589 469 685 10267 4311
9645 6420 5480 5820 465 10267
9646 7570 10267 10201 7946 2003 10092 4209 10487
9647 6633 6258 7038 6257 2172 1175
9648 6257 7451 3865 799 8647
9649 8849 9741 11097 6257 11564
9650 2650 2860 404 9984 7409 3768
9651 3768 694 366 453 4248 4030 7484 11590 185 10867 34 1474 7480
9652 3768 6258 8560 4313 909 6280 5973 1492 6664 10319 9147 491 2566 7675 4981 8955
9653 3768 6275 6534 48 6047
9654 6658 26 7379 3944 7940
9655 6658 5234 38 8975 3143
9656 7199 7243 5987 1645 1411 9705 9713
9657 6944 7230 6945 1411 6946
9658 8722 923 1347 2941 175 5832 924 8715 8174 7980 2646 7081 5188 913 7983 10852 1336 646
9659 89 519 4025 3751 587 6389 3376 9868 9211 3566 7406
9660 3566 4310 813 4949 491 7474 544 10049
9661 3619 10033 9449 2650 11532 51 10873
9662 7496 3619 6327 6492 4752 4778 6316
9663 3619 1901 555 10055 5886
9664 1029 805 4428 2095 3619
9665 3619 5418 1961 8851 11323 9281 3187 3400
9666 1743 1074 1159 221 76 392 1178 171
9667 884 9058 4095 5443 3040 4495 7237 2941 7207 5287 603 400 3371 530
9668 1282 4495 1066 127 6518 968 4104 9140
9669 530 4495 2565 4081 3457
9670 446 11028 4495 478 3697
9671 3749 797 4798 4495 3220 5759 3040
9672 541 4119 3307 8286 4495 10020 9416 8849
9673 485 4197 4495 187 2877 5821 463
9674 6632 4495 364 3175 479 258
9675 340 22 1502 4495 4623 7461 10017
9676 6194 2160 3031 4166 1118 737
9677 193 1047 1695 2057 6786 3658 1483 2459 4704 935 5797 1006 382 221 1022 1360 1024 6194 1560 1221 1012 2730 980 7213 5861 2494
9678 6194 10655 3770 10278 3919 969 973 2649
9679 6381 3605 3183 6194 1024
9680 9796 5100 9216 1071 4345 2392
9681 8100 5100 7289 1492 6633
9682 577 10703 3307 581 10550 54 4227 4884 9351 724 313
9683 577 2242 5489 1064 1381 1957 7477
9684 7696 5643 6929 7341 4711
9685 136 4402 9540 10296 664
9686 1283 505 732 136 4446
9687 136 9712 7959 10034 3116 11153 4701 3175
9688 11171 1477 4368 10555 10885 8526 3444 10865 6508 10887 136 5006 8529 2373 4912 7873 772
9689 2435 2219 2733 4088 372 3857 1590
9690 3668 5163 10738 2435 11591
9691 6216 6326 1326 1364 1686
9692 497 6326 8199 7268 1755 355
9693 1203 6326 7763 146 51 9642
9694 5054 662 7919 544 4431 6326 350 8553 792
9695 11089 3725 6326 3315 259
9696 1454 6246 2779 9292 8357 6282 124
9697 1454 7525 9683 905 6091
9698 6043 1341 496 2606 9808 7357 473
9699 1341 465 2565 343 9389 185 8553 3690 470 8675 7680
9700 1341 448 5882 465 1462 3748
9701 1341 10637 10765 7332 4293 5943
9702 1341 5074 308 905 28 531 11301 2516 143 7007
9703 1341 6497 3877 6437 7378 241 4044
9704 8608 2499 1341 2229 8261 306
9705 1341 506 6000 8066 1718 6758
9706 467 1341 7539 10489 3300 470
9707 6618 9982 8174 8726 1341
9708 5380 1341 101 381 843
9709 80 11044 2627 1341 811
9710 6585 9625 9594 914 4519 10797 2172 811 1341 11294
9711 4408 4131 5069 3444 1341
9712 11138 9046 9534 517 1341 757 10656
9713 531 1341 8948 11092 5156 467 396 4338 27 8623
9714 1341 6819 186 1354 2486 3184
9715 1341 6510 9490 4923 5394
9716 1864 1793 4323 1007 1849
9717 1806 1864 3076 3075 1805
9718 2286 8685 2400 2112 3315 1034
9719 1876 2112 1784 3411 1790 1806 8228
9720 6258 5402 7570 3913 3858 5978
9721 8466 477 9228 450 902 915 6498
9722 10456 8466 9828 4350 11592
9723 8466 6457 6684 7936 2160 1235 2047 4190 2395 3964 10112
9724 5503 1965 5837 8466 879 3817
9725 2982 1042 811 2908 8466 3095 1662 756
9726 2047 3420 11318 5835 5457 3790 4188 2892 5354 10803
9727 3194 881 8533 5966 4282 1450 2047 6100 6037 969 4331
9728 2047 4949 640 8368 2135
9729 2047 3963 5457 5042 9633
9730 2047 257 8301 3931 4007 4431
9731 6438 189 7960 8736 5947 6228 2047 10005 10361 7917 7238 5845 2403
9732 2047 4370 364 1729 311
9733 3866 2047 4370 1000 1020
9734 5688 3289 2270 2047 5457 2044 5009 5040
9735 401 6048 3964 1447 5 4703 5040 5755 2047 6912
9736 797 2053 3695 6530 3150 1307 2047
9737 2892 2047 3880 3963 10634 10763 5457 3700 1897 922 7568
9738 11442 1784 4005 446 1271 3093 263 6986 2047
9739 2047 3420 2288 4677 2762 10368 3779 10802
9740 2047 5457 3790 2892 10804 5687 2270
9741 386 2047 259 2128 5472 1770 918 3009 5759 11593 6517 7270
9742 2047 2288 5354 6679 5457 2289 2892
9743 2047 5232 4810 7238 1447 3438 6684 4193 257 2395 2787 2788 4921 2783
9744 3714 1225 2047 2892 3289 5930 6912 5040 5042 1146 4036
9745 2047 595 6684 2395 9450 8210 912 2659
9746 11255 862 7215 7417 1483 4644 2047 6630 3273 1136 3911 848 1526 851 6757 1329 3318 5884 1056 4581 1360 2492 5830 1146 6759
9747 2047 6048 11156 3562 5043
9748 7875 3963 5040 1658 10803 11594 1146 2047 5041
9749 6893 2047 5054 4416 5687
9750 5013 766 10336 5574 7720 11289 2036 2047 11595
9751 2047 3880 3809 7035 5040
9752 2047 6684 6912 5040 1956
9753 7522 2047 4358 4163 3963 6316 1372 6464 2492 361 10251
9754 2047 9074 9152 6695 11596
9755 3213 524 4280 2047 5976 3714 5736 10540 6505
9756 4866 628 2047 6684 3880 2395
9757 2047 3880 2834 9128 2125
9758 2047 2288 11567 4677 1127 3173
9759 2047 6679 8702 6521 3682
9760 2047 3692 4385 2736 9878 5236 11102 6598
9761 5240 8157 2047 6684 350
9762 2047 4412 3438 3605 4239 3030 1307 7470
9763 2047 3880 3576 367 4146 5288 686
9764 2047 11196 5457 3790 8021 2288 5354 10312 10803 4036
9765 1123 1182 2047 5258 6319
9766 1028 1334 193 2427 2047 178 5880 1613 1057
9767 1602 5930 10706 2047 2288 4188
9768 2354 5457 5606 9931 6731 9280 4121 2047 7034 3293 10155 8525 5628 2250 2784 8851 11597 2331 2333 11478 6048 5629 10056
9769 4572 1548 5312 6998 724 5742 1738 851 6694 1036 1286 2047 1311 1488 4628 2492 1592 2061 1658 1146 1226
9770 10497 5354 2047 6793 11075 6908 5457 10312 3289 5879
9771 5850 2047 1515 794 80 115 1909 8959 724 4907 4665 8200 6169 6398 11304 818 1260 1077 9092 10250 1174 9880 843 1226
9772 2047 11598 1624 11390 10309
9773 628 2047 11557 4155 3267 6684 6179
9774 2047 3645 2135 5043 2492
9775 2047 3880 1982 2339 8272
9776 2047 4122 5882 6376 10945 552 1255 9936 11599 11396 6907 3285 10803 1354 87 2764 6364
9777 3790 2047 4188 11196 194 1183
9778 3017 4493 6810 1988 2095 5592 4456 3391
9779 5592 6139 1933 2141 3051
9780 5592 5775 3390 1957 1792
9781 2195 5592 6139 3605 257 6350
9782 2588 10756 687 8257 9642
9783 4231 11332 2588 6545 8131 5928
9784 2588 6327 4832 4934 2567
9785 4388 349 2588 6572 11600
9786 4435 2588 3301 448 11173
9787 101 4880 7888 10520 2588 7873
9788 3920 1090 9715 9875 11027 2221 2588 2577
9789 2588 2416 8018 51 1307 4343 10465 4196
9790 2588 8560 3228 101 446 1840 7613 7383 4364 9551
9791 2588 11513 10219 5757 1632 11222
9792 6263 8078 11281 4748 6904
9793 6263 5249 6904 50 1643 7239 1407 4765 8250 11185 1393 4112
9794 10488 11278 3147 6904 792 6263 10940
9795 6263 4332 2881 6967 2351
9796 6263 7712 3205 3188 4240
9797 10433 10583 5998 7700 3299 5493 5143 5265 4293 1040 5508
9798 10177 2460 8586 10024 11114 10503 7575 3175 5998 8223 4048 9941 2595 2267 1607
9799 3943 5998 9640 9815 2394
9800 5998 5046 1325 657 4028
9801 5339 5998 6131 10731 9939 7525 10715
9802 9196 5299 5998 126 105 1393
9803 10360 11322 6809 6611 9160
9804 2258 1740 150 552 6809 334
9805 4155 368 9682 2256 2958 3154 6266 6809
9806 8953 4967 6809 634 10544
9807 6809 4699 8574 6643 127 5245 10529
9808 7496 2589 689 536 3358 7568 1130 4338 11481 8263 10649 9728
9809 316 7496 9453 969 9647 9192 317
9810 3862 4376 7425 4524 7496
9811 7496 10812 2968 1131 3737 9615 7215 10148
9812 10980 120 9962 7496 4686 6425
9813 5128 7496 4753 7644 4862
9814 7496 10750 6471 2184 5412 296
9815 20 13 427 8916 5293
9816 4790 6422 1763 5293 8864 127
9817 404 7589 1909 5111 83 4950 10421 261 5293
9818 3353 7460 5293 6233 483 9406
9819 62 5293 8575 2311 6622 1913
9820 5620 116 101 5950 3142 3303 6310 5293
9821 10802 3289 4036 5879 5930 4034 10683 8578 4677
9822 8578 5113 2260 1137 6185
9823 9167 4657 3415 1061 8578
9824 2889 8578 183 6381 10345
9825 5072 3205 11045 4396 335
9826 7256 3101 1505 10160 947 1432 11601 1528 3249 9919 1436 3164 988 5830 1658 4351 1940 1116 3338
9827 10197 2169 9598 495 8644 11004
9828 5106 9323 905 9747 9754
9829 5733 5806 5101 8473 5106 8472
9830 5106 5966 5134 2522 9764
9831 454 188 5106 112 876
9832 6374 822 2804 11589 9284
9833 6960 8668 7141 2294 7012 7202 6985 6890
9834 1877 7418 8008 9648 4088 2250
9835 6269 10812 92 1901 2065 10973 9358
9836 5639 586 8203 4907 813 9163
9837 5639 2865 7071 3620 9975
9838 8252 4985 187 7852 1493 1869
9839 8196 7406 8566 10886 5219 1493 5496 6545 10477
9840 1493 3540 3552 3670 8730
9841 8387 1493 3914 1182 2388 3859
9842 1493 3987 11512 3280 9533 2823 3184
9843 1493 3444 10434 5201 7388
9844 5769 10248 3093 1493 37 8192
9845 2308 7449 5577 4370 326 5480 812 9892
9846 4370 4573 1324 935 3686 1385
9847 4370 6219 446 4319 5657
9848 4370 9588 2225 4538 3648 3900
9849 4538 4370 9135 1761 6970 9208 7691 3667
9850 4370 403 6214 7848 4976 3866
9851 4370 1584 4702 11602 769 9887
9852 4370 9588 6073 6266 589
9853 4370 8287 2041 8757 3697
9854 5420 5478 4370 595 685 5871 502 6540 9728 9374 3979 10599 2504 10446 10445 7118 4992
9855 8195 10643 7843 5144 4370 4289
9856 7465 4370 7566 684 7382 4845
9857 4370 11603 7414 9467 5766 6482 1759 9836 536 4393 9122 9378 2668 1354 4352 9575 6720 7071
9858 4370 11039 6849 4261 10119
9859 3754 3492 6142 4370 7761
9860 10073 6277 4370 3974 9489 969 11224 4501 11604
9861 111 6718 3756 3922 4370 4217 5922
9862 7416 204 7630 359 5713
9863 7416 9433 4036 4034 11605 4416 349 11528
9864 2256 137 353 11284 4083
9865 137 6706 921 1000 1040
9866 137 7554 911 4446 7198
9867 11026 80 446 8060 2834 10687 10361
9868 6184 5554 1576 645 661
9869 6184 11336 5191 478 4183
9870 6184 477 1471 10961 402 3189 143 404 211 3198 10700 10263 414
9871 6184 9119 4962 5 6
9872 6184 2913 2221 112 4396 11107 5722 7527 4174 2636
9873 8896 11509 8892 8897 8900 8905 11237 11236 11238 8894 8898 11239 8902 11251 11252 8901 11241 8910 11245 11246
9874 295 3812 4944 3567 7541 8529 5258 284 5920 9179 1383 776
9875 752 9722 9676 112 1449 467 1407 1307 11551 8918 710 8274 8447 396 3812 10635 11470 2022 365 9835 3183 108 985
9876 10753 562 3812 6317 813
9877 8196 628 1503 5227 1808 5579
9878 5156 4914 2339 1808 4095
9879 4611 9032 4904 11558 4651 8155 4383 8063
9880 7326 10313 4223 4299 9947
9881 7326 206 1644 1715 1017 6740 7979 2462 1115 3338
9882 7326 4077 1425 348 994 2905 1239 724 1005 6758 562 210 2548 1628 11234 1081 1586 967 755 1311 415 969 1162 1082 1166 815 9663 656 974 838 223 10983 1145 1202 1400 5886
9883 10976 10690 945 2092 10230 7792 2303
9884 7051 2092 2075 2073 2084 7793
9885 381 1173 628 4121 11501 7259 6630 7534 4824 5882
9886 5105 7573 9026 7257 506
9887 4520 6217 9370 5574 7920 10181 1897 3088 842 5075
9888 5502 7545 799 4520 2590 11193
9889 3142 123 10918 4083 1474 8298 4950 4520 1706 1283
9890 4520 257 5470 6811 1792
9891 11241 11511 11248 11251 8898 11249 8896
9892 11511 8895 11250 4610 11243 11242 8912 11249 8906 11251
9893 8895 11248 11242 11250 8911 11238 11240 8905
9894 11250 8911 11249 8901 8908 11253 8900
9895 2584 255 5171 6115 8148
9896 6138 10907 8457 3692 4714 5302 2877 9727
9897 3692 3605 3694 4146 1620
9898 10757 8190 5242 252 9938 11146 4088 3448 1805 3692 10810 10990 6480 10777
9899 85 8576 3692 2021 1443
9900 3692 6786 321 2905 10256
9901 3692 6410 309 10702 8982
9902 9369 3692 5832 5792 3438 6189
9903 7856 5721 3692 1469 257
9904 3692 6606 1550 3194 3039
9905 3692 10719 3371 3438 601 440 89 4711 2006 5431 4568 11606
9906 868 10138 6772 550 4244 3606
9907 868 52 9173 10374 2457
9908 8364 2330 868 185 499 10940 7386 7061
9909 868 7395 108 5498 1761 3819
9910 6816 868 7796 7430 10308
9911 868 5715 2210 10120 185 4464 11016
9912 868 600 4043 5559 5341 10540
9913 868 4005 3749 400 10955 8334 11162
9914 868 9300 127 8686 7065
9915 868 4127 1067 11047 739 10348
9916 868 9333 1978 608 6266 922 6967 8133 4332 3315 3438 350
9917 8198 868 50 5734 340 6437 915 11603
9918 10183 868 52 740 7344 487
9919 5070 5077 3195 2385 3444 8565 5977 868 7186
9920 9981 4936 1271 2238 3952 4070 9162 868 40 3833 8311 2536
9921 3390 868 205 4470 5763 928
9922 460 11459 868 7460 2943
9923 10372 6973 5573 2239 6843 901 868 9772
9924 868 92 4002 5729 5586
9925 6878 6960 1203 868 7194 6609 11326
9926 868 1344 11050 3528 4599 2022 8884
9927 868 9114 613 27 6243 3958
9928 9136 868 11135 11120 1697
9929 4410 8792 868 684 3318 4875
9930 868 2849 10624 8471 5188
9931 868 3166 9774 222 769
9932 80 868 8343 11386 5289 2511
9933 868 4085 11565 510 4769 909 5165
9934 9770 3958 529 7 2546 11292 3979 868 334 3179 6180 5716 497
9935 11234 4944 6325 80 1703 868
9936 868 698 3205 23 10280 5985
9937 868 11607 506 2543 1655
9938 868 112 4094 9539 189 4508 7353 3697 3567 8918 7589 5273
9939 2030 2565 10563 868 638 4205 6704
9940 8283 868 9292 5690 6099 552 1589
9941 865 2521 868 114 9812 8089
9942 6963 116 5718 5477 5496 868 479
9943 868 2291 3848 2921 352 6132 10309
9944 9367 8425 2613 868 9604 10548 89 9078 11608
9945 8496 10271 10121 860 868 85 4821 40 6546
9946 868 9134 491 8061 11072 1651 7080
9947 868 8560 363 5499 1053 828 832 4580 968 5885 1661 1083 225 1402
9948 4821 461 868 4488 7377
9949 868 3213 2973 3180 1307
9950 868 624 3371 3920 6211
9951 8674 6256 3575 9553 5081 10313 2996
9952 4411 5081 10517 4083 3725 774
9953 7570 2331 685 1090 4248 5081 644 11609 241 196
9954 3686 5753 3446 7763 6203 3333
9955 5228 7972 7038 3333 668
9956 7651 5832 336 1354 86 5647
9957 1447 4796 342 3438 6376 7651 7073
9958 357 3861 8221 7651 179 7709 6357 7586 5437 3980
9959 11252 8905 8900 8893 11239 11237
9960 10308 2562 452 193 1052 1275 1158 2905 932 5392 1233 1142 1435 1021 159 836 166 839 1563 8718 1147 1225 4724
9961 8682 257 3535 6805 8195 361
9962 3874 2231 8597 501 502
9963 3874 2310 2240 9964 2794 8499 6248 2870 6505 4340 2351 8633 2373 275
9964 3874 9501 3960 3833 7533 20 385 6571 11220
9965 8528 2780 3874 6143 2251 4949
9966 2336 4236 4165 5741 10907
9967 2336 3195 440 22 10309
9968 5276 2336 587 10904 1761 4043
9969 4303 4709 2336 1356 11603 3649 6632
9970 100 640 2336 1762 11355 554 7843 4408
9971 2336 6149 10905 8626 2311 1824
9972 5697 892 8569 2263 5484
9973 8569 10895 7008 858 7938 3501
9974 10537 446 8569 3093 7023
9975 4656 2905 1053 8569 684 1443 6547 158 1055 1661 3039
9976 8569 8174 6320 8445 6523
9977 698 11610 7209 112 6146 4095 1909 2736 537 3166
9978 11611 112 3438 3953 27 7961 3382 9187
9979 8402 8545 5049 112 593
9980 112 526 911 7414 2513 4247
9981 112 4949 81 6180 497 9523
9982 112 11145 4984 7427 5066 151 1130
9983 112 6787 7463 2877 413
9984 112 2877 22 1489 7789
9985 112 80 2143 2427 3858 1182 969 10426 3905 3912 7308
9986 112 604 3728 450 4508
9987 485 11200 4944 112 2516 6325
9988 9977 1447 6904 112 4696
9989 112 5314 4322 5489 777 6646 5739
9990 3205 464 8537 112 485 22 413 5485 9127 7362 9226 3464
9991 112 4081 4241 4646 8187 5158 10825
9992 690 1909 5514 10362 587 363 692 402 9319 112 928 1737 8134 724 1509 337 1307 1572 1325 480 1743 1555 1689 2491 218 6319 756 1161 1083 224 5944 975 1223 777 1174 4911 1176 9220 1465 1088 1467
9993 112 5055 6432 10681 1062 275 990 3174
9994 112 255 3596 9533 4819 3992
9995 112 3811 8509 489 3189 1436
9996 8219 4081 112 11113 5071
9997 10144 9368 112 1407 50
9998 112 6967 531 7013 5891 9005
9999 112 5750 2514 7149 10157 1502
10000 112 9543 7483 1160 6405
10001 7380 4112 112 30 5481
10002 7518 2513 185 59 7473 2851 112 3691
10003 11611 81 5493 10208 4438 112 916
10004 6631 8329 7176 11069 112 506 6860 6143 7709 1200 470
10005 6235 6324 489 112 3889
10006 112 5144 343 5845 236
10007 22 112 3952 7387 404
10008 2527 2198 8277 112 11018
10009 3188 6532 6904 4982 10717 5906 4830
10010 8975 3687 3528 3670 3704
10011 8975 4385 9547 1602 1511
10012 4149 5240 8157 5945 3520 9107 5406 747 8975 8408
10013 4059 3438 1673 919 3391 4900 8329 2567 11008 3140 236
10014 8329 1695 6733 1383 966
10015 6525 8329 5186 2736 361 7690
10016 6622 6272 111 2988 3769 4477 8672 3083 8329 1048 2684 5512 1571 11265 2382
10017 7703 8329 2695 4578 7856
10018 8329 275 9731 8138 8821
10019 5337 2215 1331 1007 597 4060 6697 8329 6134 1602
10020 8830 177 178 8641 2162
10021 5880 832 1358 812 177 668 1224 9221
10022 2920 2922 3983 5424 177 9535 4481
10023 178 1129 938 998 5009
10024 326 6193 220 3894 178 2778 392 4661
10025 1337 1265 1132 1475 805 6751 1211 178 5702 1810 1220 1184 982 1086 989 6759
10026 684 1307 5424 3981 8830
10027 363 1450 3307 409 2614 8830
10028 602 9869 3518 5508 10949
10029 2452 7669 3518 7092 2809 2829 3429 6831
10030 3446 3787 7888 7092 5191 2250 2787 4893 2829 4776 2783 3596 9340 6346 2569 6116
10031 2809 3787 1447 6134 7105
10032 3450 4997 3787 4966 3668 5197
10033 3229 11168 7850 3787 9164 1723 8672
10034 6338 5228 9351 640 4431
10035 5228 5341 11431 3528 3539 3670 10434
10036 5228 629 1735 5244 812 8514
10037 5228 6683 11431 4036 1133 5200 5664 3964
10038 5228 2089 2428 5895 11092 1016
10039 8213 1887 8868 5577 10285
10040 8213 10475 5110 10010 1669 5475 6067 6496 5481 6142 6394 310 613 5482
10041 3602 9801 6237 5423 687 3377
10042 4620 847 9801 1460 5860
10043 5629 9801 8339 1123 4493 11477
10044 3801 9801 220 5045 2871 3519 9766
10045 8408 138 8339 5334 11591 11612
10046 138 10416 11531 7348 8919
10047 4236 8083 7001 11613 138 3538 512 3181
10048 8408 308 8731 4511 8223
10049 8408 460 5144 234 7975
10050 11437 7438 7773 7538 6660 9441 7721 10775 7539
10051 7721 7092 2650 8613 8267 4363 7466 236
10052 1541 11614 7721 4966 5795
10053 274 3181 7721 93 10596
10054 7325 7719 10147 7768 4824 9721
10055 4415 884 9861 413 1152 165
10056 5874 363 348 1610 2366 1338 998 1283 1365 1497 7025 810 4599 416 1703 48 884 454 4994 6219 11374 189 10660 4601 1779 464 3371 1300
10057 5649 884 7381 10018 5962 9597 385 6324 2782 3985 279
10058 884 5133 587 4223 10362
10059 884 3726 1706 11234 7210
10060 4655 884 4143 3195 2841 3153
10061 423 884 363 4181 4348 7581 1283 323
10062 884 455 3201 5188 8778 11277 3039 4793 3968
10063 884 513 4289 5505 5557
10064 884 8097 2853 30 4223 3198 6237
10065 884 309 6810 303 11615
10066 4296 884 5531 5890 467
10067 884 2502 9246 9310 1176
10068 8005 11217 4159 4160 8571 3352 2338 8869 6726
10069 763 8005 7487 552 7464 11616 225 343 6904 9896 664 778
10070 11081 694 3366 4487 4050 11361 5285 1096 5284 4364
10071 694 113 3639 2443 81 9034 726 1703
10072 694 4411 9705 2245 284
10073 694 115 4934 10748 4862 11121
10074 5961 694 10748 9561 339 5268
10075 618 4095 4934 81 497 413 694 6308 8177
10076 2301 831 2353 11011 3770 530 2274 2273 6957
10077 8070 7644 2301 600 579
10078 336 2301 4835 5921 7572
10079 3861 2301 3438 257 2160 10421 11617 1492 11436 4442 8318 2821 2411 5925
10080 2967 3065 1865 2161 1003 1465
10081 2737 3065 1957 8920 1978
10082 331 329 8180 3184 8879
10083 2593 1127 11618 331 5225 4088 552
10084 8129 2309 7640 331 3730 9159
10085 331 9463 4683 10324 3028 7388
10086 7542 8551 4334 9712 8153
10087 6790 762 4210 4950 2876 8551 497
10088 11611 95 9261 8124 468 1150 7058 3568 9382 8551
10089 324 2992 7320 10776 3389 7398 3662 2234
10090 4948 7986 2046 4110 187 8787
10091 4948 4005 477 5954 4181 3530
10092 4948 423 3885 1607 7430 8170 6210 8793
10093 10908 7554 2957 11279 338 4948 6336
10094 4948 5097 195 9325 5557 9724 2303
10095 4948 9889 7909 2291 7498 467 11353 4348 5120 4264 5164 3213 10495 8529 11619
10096 4948 2442 603 4466 684 4929 10606
10097 4948 2752 5457 1333 1558
10098 2546 4948 9036 470 9848
10099 4384 4060 4948 3515 812 9142
10100 4982 11620 505 4504 4523 51 9000 501 11294 146
10101 5277 870 505 7880 2647
10102 9067 4557 4663 6138 6858
10103 9067 1988 3108 6172 2130 1828 3586 3053 4344 9264 363 3857 10786
10104 3788 11058 9067 10548 4965 6081 8617 1122
10105 2409 4826 6725 11621 10122 5537 5150 9067 4088 7016 8979 10011 8809 10013 290 3974 8265 8112 9582 10016 9062 8122 4323
10106 4851 943 941 3858 645 2428 9391
10107 179 383 4881 8084 5473
10108 1664 1770 10553 612 4881
10109 4881 1096 452 8838 3606 462
10110 9414 3096 9973 9411 9407
10111 2408 11068 6723 854 7632 2913 3999 8758 8808
10112 2913 7449 4399 7570 89
10113 2913 4496 3184 9374 6650 11192
10114 4235 2913 5276 1492 2934
10115 3291 6768 11617 9833 2913 661
10116 6211 883 2334 9356 9278 10542 10944 2913 6136 8750 11092 3859
10117 8391 2913 4481 5116 189
10118 2913 2562 3008 1142 1022 1164 1221 2730 817
10119 470 34 3534 630 5236 935 799 11033 7168 2913
10120 9577 5404 2913 4457 4927
10121 5845 2521 2913 11260 11088 11211
10122 2913 6266 2230 11275 1741 720 10599
10123 188 2847 2913 2286 2823
10124 689 618 7508 9600 881 291 7560 5206 709 2913 342 3871 63 3870 562
10125 11236 8902 11253 8901 11239
10126 6234 7437 6246 9218 3306
10127 10867 10554 4026 6518 257 1469 812 6234
10128 4404 9423 7368 8872 9422 3122 599 93 6234 3179 9435
10129 326 6559 646 6234 854
10130 11622 7290 5595 11623 10433
10131 3315 530 5595 10664 9731
10132 7147 7146 11624 6977 6915 4767
10133 7033 6915 11624 4663 8323
10134 5047 1963 4801 3389 1828 1880 7074 10132 10134 10135 6454 11625 6915 10133 6998 6029 4582 3341 3321 8225 3500
10135 4950 6915 8948 5141 799
10136 3234 7490 54 10260 1310 8367
10137 8367 467 1189 8245 8555
10138 7421 9153 88 1607 3521 6386 8367
10139 8367 3195 4918 9706 8829 11626
10140 8367 4416 6990 2834 7347
10141 513 7522 4807 10154 6240
10142 1447 6420 8260 1897 2972 8047
10143 6420 1447 3371 54 11585 9776
10144 6420 8679 7756 7284 7022 3031 2593 1447 1906 2058 8709 4914 5654 2811 2810 9112 4032 11627 6633
10145 6420 1447 2742 3912 3860 4459
10146 6420 1447 1979 7866 6907 4475 11233 11628
10147 6420 1447 1368 8576 11070 3320 5040
10148 2308 8310 5981 6422 261
10149 949 2393 8310 3857 5557 2231 6252 3026 464 460 497 8988 3202 1497 2241
10150 3670 3091 3093 758 628 1048 3438 8699 429 8310 9365
10151 7844 2802 3346 4012 8694
10152 9115 6513 7844 9962 9963 3526 70 9984 5640 2517
10153 7844 11013 4301 6037 70 6545
10154 5447 4399 7844 1447 400
10155 7844 7846 9974 9978 2063 369
10156 10611 5475 638 4131 5144 5124 10985 5891 4983 10630
10157 2959 1356 638 11141 3529 8867
10158 638 658 9789 601 2870 10268 8582 349
10159 3652 8150 9537 638 6432
10160 2208 311 4226 5117 638 4453 8084 11514 8286 419
10161 10232 3652 210 3202 5139 4576
10162 10232 11393 5926 48 10811 4002 4967 261
10163 34 30 524 7578 5575 7486 1607
10164 1607 9226 3300 8160 310 8379 1182 3919
10165 1607 2392 3888 3562 5755
10166 385 490 1355 9142 1607 3175 2221 223
10167 6375 1607 3457 11425 7625
10168 1607 2973 5914 5351 9374
10169 3379 1607 2714 1840 5137
10170 610 10909 7023 11414 11342 1607
10171 1607 354 792 4786 6104
10172 6552 9402 645 1607 9061
10173 1607 2392 3385 6684 6115 2395
10174 1607 3861 918 691 11541 5673
10175 1153 1602 8562 9714 1595 266 1607 4322
10176 1607 9293 5407 684 147
10177 10292 1607 1189 2512 5888
10178 7522 1607 8276 1871 5407
10179 506 5680 257 5671 4197 4739 2392 2369 1607 2413
10180 1607 7616 7604 1315 381 195 2496
10181 5257 2513 7381 1340 1607 8920
10182 5845 7317 2089 3690 4289 3481 441 257 1728 1607
10183 732 602 1607 7356 9854
10184 5757 1607 629 4008 10309 8396
10185 3579 3596 4880 4890 4439 519 2513 3922 1777 427 7285 1149 7169 5425 6378 1607
10186 1607 10864 6495 204 4523
10187 1607 334 1492 2457 2411 10039
10188 291 495 364 865 379 878 5976 1607 11081 4550 7508 7884 54 7520 4944 4753 8585 5272 595
10189 1607 334 5926 257 1729
10190 5055 7509 8512 5125 175 4104 8943 8941 10689
10191 5055 562 1323 1247 4606
10192 4814 5055 2206 8124 1997 310
10193 256 2733 624 5214 5055 2242
10194 5055 9800 8512 10 7102 1410
10195 7710 5055 5258 3211 2865
10196 580 3028 5055 56 7458 7058 2242 2290 8723 1869
10197 5055 5109 9152 8150 8495 11094 284 5532
10198 4373 7531 5055 4383 2961 9795 1474
10199 5553 3500 10482 3755 3041 3169 7081 10452
10200 3172 11629 5609 11630 5553 3500
10201 5553 3500 10370 3041 5755 5512 3912
10202 5553 3500 10370 8385 3918 501 265
10203 3500 10482 3041 1484 10349
10204 6422 3500 3622 8616 2775 4776 4878 3604 10622 1790 4088
10205 9428 10162 8693 8335 9435 9097 11013
10206 7546 9372 7407 9097 70 993
10207 4550 1740 3307 3800 9302 3082 6545 34 8073 1707
10208 7062 5468 6045 2770 3082 7966 8258 9946 5640 9300
10209 2988 6597 9088 8131 390 2260 10715 4011 2802 3082 5284 8475 7512 5534 8112 8118 6850 11543 6567 2571 8120 123 8818
10210 1913 308 3162 3082 11013 10243 70
10211 369 10 8193 6545 11013 9302
10212 11039 4320 8193 9984 9302
10213 4303 4144 460 6365 8288 1703
10214 1707 6365 1585 9807 2267 10872
10215 193 9636 2326 1376 6365 7005 848 7646 6270 257 1402 1463
10216 4223 308 6365 7179 7535
10217 10121 8444 5767 1421 7317 3686 2796 4367 6611 6365
10218 1404 7090 803 1532 3902 1351 3688 936 7702 1067 4665 413 1033 3401 1283 956 414 1141 416 4599 1361 813 9663 1166 858 3868 4934 6365
10219 1354 8256 8725 6692 4197
10220 5333 3456 3725 4277 1189
10221 34 881 8859 5302 531 10 2877 5295 5333 2945 429 11308
10222 5333 4343 3371 423 455 3976
10223 5333 624 467 5242 10643
10224 27 180 383 4175 793
10225 180 2840 3001 1533 2373 3948 4322
10226 388 5806 11355 174 5230 6499 2311
10227 4929 11403 5806 7698 8390
10228 5120 9191 8012 5806 4758 8390
10229 3114 3755 8559 13 7927
10230 3114 4698 11459 2676 11322 4566 4713 2418 243
10231 3114 9887 10054 655 10207 11631
10232 9815 3114 503 9490 9337 4181 10668 8529 3616 528 3977 516
10233 3995 9062 3114 5340 10756
10234 9521 2081 481 3753 8223
10235 9575 4526 8867 3987 5700 11606 1683
10236 8849 10387 7413 10329 10453 466 9575 2398
10237 1909 7237 5077 7592 6588 7986 7664 10104 53 4033 354 11096 3651
10238 11096 46 4480 6583 4219
10239 1643 2242 9802 5637 4201 7461 2473 9942 72 9091 9089
10240 9802 2473 6828 854 5829 8120
10241 513 10598 9604 4904 6211 4081 8962 11211 5835 4827 9954
10242 11191 513 11632 6402 7555 11616
10243 9825 513 4981 4537 3995 799
10244 513 6968 7490 5480 1137
10245 6366 513 761 9149 9928 7775 10501
10246 354 539 9378 792 513
10247 513 4055 8454 3730 10961
10248 513 685 9562 8184 11563 9309 1218 2234
10249 9534 1355 11360 2843 8859
10250 3529 5769 7181 5515 10187
10251 10187 8442 3631 3239 1000
10252 3342 10187 3706 3631 2369
10253 8697 4343 7426 4342 6327 448 361
10254 3026 6185 8694 8697 9153 4187 506
10255 2241 11633 8697 339 3198 5231
10256 8697 10482 2954 3725 823 4018 684 10702 4292 2404 5746 8982 810 11115
10257 8697 256 4259 10857 3538 7202 2256 8019 4745 1354 108
10258 4999 111 620 3472 9749 2772 5792 59 8132 9759
10259 9749 2379 111 10771 3319 1511
10260 7147 7206 7146 7033 11624 7144
10261 11624 6977 7147 7146 7144 7033 506
10262 2063 10540 6080 1511 7064 5035 10027 4776 1447
10263 1909 1447 1064 7410 2424 4653
10264 2206 529 6583 1447 7419 4047 223 265
10265 9996 1447 7336 9462 2678
10266 4733 1289 1447 3211 1588 8844
10267 4686 7881 3912 1895 5435 2173 406 11634 1447
10268 7459 8854 8225 1447 10254
10269 937 4275 5480 1130 935 3918 1447
10270 911 196 4240 1447 11635 6000
10271 9315 2255 7993 1447 4011 1305 1471 1066
10272 1447 7646 10105 1354 3032
10273 87 1447 2604 11636 10932 8565 11133 8566 5977 11263 7105 11637 8163 6295 11134
10274 6221 1447 1998 5873 1602
10275 6172 1447 5339 1828 3053
10276 5360 1647 6940 2215 1709 11230 361 8804 400 6729 1447 957 11621 4088 8825 2369 4318 9614 6848 2776
10277 1447 1354 10290 10284 5939
10278 2507 2973 5914 5351 1447 935 151
10279 7854 1447 3708 5010 2747
10280 1447 3528 7524 1511 5428
10281 1447 4913 3892 6099 9476 3995
10282 1447 5940 6902 7818 8489
10283 1447 1602 361 11222 2293 6912 9442 3633
10284 1602 7141 6905 11365 1447
10285 2890 6684 1447 2733 6994
10286 5292 2546 2877 257 1447
10287 1447 6029 3457 1525 262 2378
10288 8459 1645 1447 588 10460 7217 2733
10289 4339 4384 3195 4004 1447 4164
10290 1447 3438 3556 6966 1354
10291 7091 1447 9261 4310 8983
10292 1447 5 512 3810 3356
10293 4949 10587 2398 1447 3372 7613 2065 4139 5983
10294 2231 1447 3905 1180 9611 1364 9764 811
10295 2188 2424 5680 7827 1447
10296 5737 3195 34 4832 5789 4523 1447 5040 10743
10297 3179 179 1674 897 8084 3225 564 7075 1447 1602 462 8972 5792 1661 10580
10298 1447 1354 2764 10321 3278 8952
10299 193 941 2367 949 1447 1487 1142 1373 1017 1007 1433 1287 4594 1111 1747
10300 1447 3357 5762 2163 1982 2303
10301 6292 1447 9946 1511 257 11083 5711 8387
10302 8548 393 470 6376 8649 1447 11189 7241 7330 9869
10303 1447 3093 3382 1770 7065 2444
10304 4064 1447 4005 3659 8953 4364 9808
10305 8645 1447 4189 321 3311
10306 1447 5343 8929 1404 335 6920 2754 2232 6394 6353 2211
10307 862 503 10980 5845 8147 1447 2003
10308 1447 4227 2423 3862 718 1574
10309 5010 11527 8802 5196 11229 6722 8804 1447 854 11638 6836
10310 1447 2269 11639 11630 11640 4805 2504
10311 6620 10881 8630 3136 8347
10312 438 7548 10553 4051 812 3382 8630 8634 5138
10313 8630 1679 7430 7564 9179 9279
10314 3503 4341 8251 5460 2283 3115 6990 8792
10315 3503 7281 4341 5731 11293 829
10316 3640 2988 3504 247 1020 1331 3503
10317 48 5126 639 4477 464
10318 639 3363 101 8017 1873 2059
10319 460 639 83 6610 1554 11049
10320 10917 352 2004 500 430
10321 10917 7036 9292 8428 3211
10322 10917 2382 8225 9612 8373 7389
10323 6063 113 3026 9927 10719 999
10324 873 11641 10719 6057 3147 4239 6740
10325 10719 2576 5533 1620 6125
10326 4485 8399 6125 5637 10364
10327 4485 5421 10628 11104 10158 5565
10328 621 4485 7036 10796 8774 536
10329 4485 4293 455 2697 8510 8183 485
10330 6641 4282 3216 707 7811
10331 7101 5227 509 516 6040
10332 10281 7107 6192 7922 10745 7101 11326 2558 11642 10480 9816 2560 11130 8711
10333 10261 669 9322 7101 9841
10334 7101 3791 10858 7545 3438 10331 7741
10335 7101 11047 10499 3623 10448
10336 8198 3909 921 9265 3371 866 11517 7101 7343
10337 7101 9209 5412 361 3183 10599 326
10338 3189 7101 512 27 218
10339 7101 9248 2876 726 2413
10340 7101 2457 257 719 7799
10341 4195 236 10460 6699 7101 2861
10342 8287 8331 7833 7101 3596
10343 7101 5046 2971 5240 1066 311
10344 11643 7101 34 6458 54 3670 3711 7376 7482
10345 10582 544 601 11413 6 11189 3024
10346 3024 5429 5256 4410 3156
10347 5235 3142 11644 9948 1048
10348 5235 1775 10827 7124 4492
10349 10396 706 3011 2 3251
10350 10396 11405 7452 4166 8723 1492
10351 3371 5111 6180 3916 8500 10396
10352 960 10396 5962 9423 7072
10353 1762 523 3801 6534 10037 6225 9755
10354 3142 5959 11151 6388 6845 9159 1773 783 4021 687 1134 523
10355 523 4355 10805 5945 6638
10356 8771 101 4784 523 4289 5872
10357 6843 523 5975 9482 4426 2457 440 11329 10099
10358 342 2241 279 27 464 10222 1033 523 687 2604 2021 4288 7507 10305 22 409
10359 5071 7430 186 523 3153
10360 5443 866 523 3985 4507
10361 6902 523 423 3694 4057 4058
10362 5484 4946 6554 523 748 4411
10363 523 10950 4821 508 236
10364 4291 523 5090 9483 6180 695 9770 11224 4372 10811 8881
10365 523 3885 4069 2101 3648 3043 4248 6282 179 189 7613 1492 4654 589 10304 2184
10366 523 4913 1573 3981 9816
10367 1840 10344 4088 3829 467 257 7805 5657
10368 4365 10344 3427 883 6245
10369 5754 11255 8442 418 9460 9157 10663 9214 3979 1214 11600 6070 5757 3917 2647 488 487 5525 167 492 3450 1152 7295 10759 2959 600 132
10370 2870 5717 6725 4480 3155
10371 27 6790 5717 3438 796 10207 11645
10372 5717 7920 2590 7952 7848 6252 5465 132 662 7655 6180 210
10373 9124 6907 5717 6834 7976 2570
10374 9124 1812 2260 17 2772 5142 7591 13 6144 10377
10375 299 11608 3505 11384 11192
10376 4914 328 531 30 4410
10377 3206 3216 2065 5131 954 4914
10378 7305 6863 6188 10146 2487
10379 2376 521 7474 367 5156
10380 506 5122 2257 5845 1053 3610 7741 6352 1551
10381 10482 3041 5042 5917 4295 7809 9145
10382 10482 3239 1354 11151 3238 8829 932
10383 3095 1735 196 4737 2592 6479 4247
10384 4681 5302 343 3095 5952 6097 1702 854 7890
10385 6624 10096 3861 3095 1120
10386 9939 3095 7770 2840 5113 9576 7032 6179 9341 4254
10387 465 1315 5191 4277 10326 10638 3095 10599 2175 2215 10701 275 946 6860 7080 8381 2743 9145 11523 10952
10388 1909 941 3095 5300 842
10389 3095 3652 9639 11017 6524
10390 371 3300 3786 3540 8276 5680 3000 3023 6516 6775 5418 4390 8631 4103 11568 10101 3782 1354 6220 6330 1961 294 2184 7984 3442 631 8246 5578 1474
10391 6220 7296 10771 3858 329
10392 8401 7360 11220 4131 4226
10393 8401 9129 7909 7796 7680 724 6562
10394 5087 3178 2262 10764 5080
10395 3110 4486 9564 8330 9288 9569
10396 80 5927 3335 6180 3110 1895 512
10397 4573 3236 920 6559 1278 849 1326 1036 3110 1745
10398 7783 4244 11179 1326 11112
10399 7783 2173 3475 6370 7515 7084 7888 10977 612 5855
10400 5380 9678 3667 7783 1354 8729
10401 2771 5930 7783 2573 8419
10402 8576 4498 7783 4758 5757
10403 6785 2613 1094 346 519 2853 30 7486 4089 2684 7122 7123 7783
10404 7783 8774 6228 2459 11637 4925
10405 7571 1572 1471 5895 7430 8625 6071 9556 7852 10730 8238 732 799 8700 311 5518 8594 9563
10406 9563 10373 4060 3864 870
10407 4293 9364 7402 9563 8613
10408 10121 85 4976 4769 509 4322 9563
10409 3756 9287 5574 4661 8169 274 8346 6863 9563 9704
10410 4107 485 4988 28 8078 5314
10411 11646 8507 257 7533 631 5773 632 5824
10412 11646 9107 4257 128 6414
10413 11646 483 4253 5233 7192 4177 8119
10414 8655 9547 4572 7878 4954 8979 2830 2831 11646
10415 11041 10728 5469 11646 9333 6966 9747
10416 4796 6451 1584 11647 5247 6422 10521
10417 11350 4796 8939 2378 8138
10418 8516 3871 4796 10918 3841 2829 2776 3175 3716 10643
10419 1394 2513 4796 3857 449 10238
10420 9190 81 164 8869 13
10421 7878 34 6142 9190 571
10422 10453 9722 3904 9547 7768 3918 2440 3245 2719 3915 1182 969 9190 961
10423 9190 240 11609 7935 4272 7657 241 2672
10424 3430 2427 11648 9190 100 9722 10880 132 8640
10425 4045 4133 11279 10190 9190
10426 10449 794 688 3207 100 9385 7317 9615 40 5165 5 544 692 9736 445 3202 1096 115 465 546
10427 9385 3181 8871 5236 5731 8869 2128 3799 7010
10428 8156 3083 9385 255 1443 658 5890 2834 22
10429 6987 506 3650 3467 5990
10430 3652 5845 6904 467 6746 7047 854 5000 11419
10431 3652 2843 6450 526 5147
10432 3194 3652 2513 3016 5271 1784 6528
10433 3652 4966 51 30 519
10434 3652 5481 4903 91 62 5482
10435 4025 4966 9464 6422 6940 3513 3652 3377 2827
10436 205 309 5539 8473 7920 717 9436
10437 3096 9413 9408 7368 4149 5539 7933 9164 6523 9049 5238 2734 212 7086
10438 5480 3792 8531 7378 5539 3096 9405 4089 9412 9407 9408 2517
10439 7720 6625 7250 1427 2339 11159 2733 10465 162 1314 1079 1562 837 1561 166 1152 845 1292 9075 3339
10440 7250 7180 8518 1123 3198 10498 11321 1408 7931
10441 40 111 4012 6545 7250
10442 51 147 148 149 7250
10443 1340 7250 1051 932 1365 804 1352 5742 1497 1073 4580 4646 5888 1161 1057 1163 858 1560 228 3039 1174 1145 1712
10444 2812 334 8352 7920 4355 9209 10429 7085 10809
10445 2812 4160 6062 3816 203 2489
10446 9100 2812 3315 7261 1180 211 9600 1117 7047 3857 8855
10447 2812 6607 5457 4166 4160
10448 1376 2812 3179 3391 11351 8489 9859
10449 132 740 6286 8915 323 8315
10450 1347 6967 1911 3862 7977 7809 6287
10451 6967 2794 11554 5689 2766 10078 2751 6353 6346 3816 3009 2 4778 5043 5040
10452 6967 256 6101 9374 11516
10453 812 8372 7241 7392 6185
10454 8372 4840 3633 8777 781
10455 4367 6822 4018 8372 5111
10456 7444 208 6059 8987 6782 8372 3573 9541
10457 4607 1275 2459 1610 4704 1594 1551 1193 1368 2666 4350 2730 1220 1403 1085 4588 1417
10458 1594 1240 2367 1526 1103 3897 3163
10459 1494 1568 1594 1527 949 1103 5742 807 1615 5586 3869 9590 983
10460 941 1441 1031 1426 2658 1594 3911 5839 1118 857 1328 1628 275 1217 1144 1512 1114 987
10461 3686 1523 1377 1130 2562 410 1231 1099 1135 1519 806 1644 2907 946 1451 1035 4888 1329 5741 1594 4608 1431 1742 1709 1653 1075 415 4781 5888 5857 4581 1460 8724 11038
10462 1028 1267 9045 1155 4638 1612 1594 1181
10463 2143 11204 1594 1678 2400 7771 11649
10464 831 821 1610 1594 1408 1519 414 1041 416 1298 1152 4602
10465 1337 4572 4888 1594 1240 2562 5880 1065 940 1066 1068 4665 1644 10086 1283 5883 1214 1655 5650 1020 1166 1021 2059 5876 223 1043 777 1177 819 1058 3872
10466 1503 1239 1240 1594 4639 1365 1595 804 5849 1659 1596 1106 1701 809 1563
10467 6911 8927 10078 6931 10196 4808 5686 4103 7003 2805 2790 2251 2801 8314 2806 10060 5459 2803 1126 2784 7418 8525 2788 2787 2250 6692 2804 11202 6979 3238 4886 5655 8851 2789 2791 11435 9931 5607 5606 3145 5605 2352 6399 4190
10468 5459 2804 2788 7003 10060 2801 2781 8851 7659
10469 7003 2085 5710 2487 4493
10470 7003 8736 11264 5519 3385 256 5020
10471 7003 6541 334 3171 1062 5882 7418 2803 63
10472 10101 6680 2761 6570 7003 2751 2752 2749 2803 11650 5458 3937 2750 2768
10473 6371 5186 5093 2211 2677 7568 7003 2787 4661 7938
10474 11120 10306 5593 3357 4688
10475 10146 5423 3357 823 2041 287
10476 1560 10907 8406 3357 372 6786 6410 10865
10477 3357 4088 6451 629 7831
10478 3357 4912 3436 4088 9447
10479 7944 3357 3510 10345 5407
10480 3357 1354 4088 146 147
10481 3357 8889 10869 10193 11338 10898 9643 4027 2021 3350 7385 11066 2569
10482 4681 8226 11651 3357 372 257 2825 980 4683 10191
10483 6932 1000 3357 2746 9219
10484 9289 6323 3837 10464 9523 2818 2714 4345
10485 536 2246 888 4745 6323
10486 6323 927 11652 1415 11653
10487 1866 379 6323 3746 670 797 8794
10488 531 4313 423 508 6323 606 2565 439 397
10489 1066 6323 53 6335 1492
10490 363 1642 2664 936 337 4907 1456 1552 1283 2035 1033 1140 1371 1119 1215 1311 1076 4576 3039 1055 1711 2061 1247 6323 5524 11351 5503 990 4351
10491 3008 2767 11402 6648 1483 5706 4170 4390 9452 1768 1875 10739 6323 11654 6693 2806 2797
10492 9018 7361 9875 6624 9591
10493 10490 3960 1092 213 6624 4995
10494 4014 3737 9737 10711 944
10495 929 9075 3448 10621 1837 5772 1354 7742 51
10496 943 2004 929 7646 9649 3371 5519 27 796 7333
10497 34 1355 4026 6450 8608 9170
10498 6450 904 5976 7327 10397 3725 11295 3404 2268 3930
10499 2654 3786 7083 6259 6376 10660 8649
10500 1591 6259 10750 8986 595 3558 354 143 4028 1198 792
10501 6259 131 4836 3356 6957
10502 185 544 9621 6249 6259
10503 3459 6259 6772 416 777 810 3249
10504 3538 10019 9349 196 6914
10505 11262 9899 858 11591 9739 3538 4228 4139
10506 3538 7718 2276 8414 3438 6896 793
10507 10955 3538 7966 10426 2229 5149 2540 4118
10508 3538 10668 10185 7943 361
10509 8696 9278 4057 7542 3538
10510 3538 5075 3913 8184 5534
10511 6568 3137 10535 10255 10909 7188 3861 3140 11342 5413
10512 5658 3861 5 73 3569
10513 3861 6159 578 6169 10062
10514 3861 601 4037 1625 5258
10515 10850 8840 3861 385 7419 4175
10516 334 3258 1643 3861 3438 9815 4661 2169
10517 7491 3861 866 11052 4348 5258
10518 41 10236 3971 7218 7663 8020 9377 9110 2360 3696 10029
10519 9036 7920 2944 7848 2310 5839 11513 79
10520 904 115 3427 4966 3318
10521 904 6627 8191 5113 10959 7838
10522 9119 904 7776 10755 8013
10523 10976 6495 2746 6635 2339
10524 10553 2783 4446 3350 7460 88
10525 7774 5302 4737 2834 731 6830 11655 710 733 437
10526 4839 862 895 7603 8512
10527 2100 34 1525 10649 2424
10528 4121 2424 590 6370 5666 6076
10529 861 6627 2424 4931 10773 1810
10530 2424 2309 5302 4069 7486
10531 2424 477 101 6135 552 11439
10532 446 2834 2424 6310 11094
10533 9108 2424 8235 1508 2502
10534 2424 6136 5596 5680 5671
10535 2424 10099 8577 1385 1461 1434 1690 1691 1362 3249 1046 1012 1026 1264 1465
10536 2424 2100 3506 203 312
10537 2424 11300 8374 7024 1503
10538 2424 10473 5808 9207 11443 4247 3864 498 1651
10539 9983 335 2303 182 204 8403 8526
10540 2853 48 11361 8486 8403 453 10626
10541 1053 4303 509 440 1081 8403
10542 10198 7700 2256 8126 1123
10543 613 10198 5343 1694 5528 11453 9462 3623 3679 3635 10950 3091 9850 5946 11308 10777
10544 1503 10198 2521 6056 56 3628 4988 3717
10545 2766 4121 2190 7869 10198 3181 3391 8349 4827 6138 8665
10546 8261 11060 10521 9180 6826 8757 2041 4483 7934 4482 11550 10278 2409 11527 5010 6729 11638 8117 10413 2081 7360 2971 7043 4925 7348 9062 10970 8608
10547 6180 6704 1140 2081 1137 4438
10548 2171 8849 7150 11354 2081 5837 10771 7407 3975 11656
10549 2081 7930 175 3858 8089
10550 3213 7640 1764 3851 2081
10551 5354 718 2081 1128 4638
10552 5974 2971 7407 2081 10115 9820
10553 2081 7064 3299 2231 8597 4135
10554 9547 5313 506 10956 6408 6308 4934 4280 603 2081
10555 7903 2081 3404 1128 6956
10556 11425 2081 8831 1330 2778 1484 4600
10557 2081 3187 3597 11401 3260 3530
10558 8438 5071 5238 8946 4188
10559 10522 524 7494 448 2586 1305 2392
10560 11657 6511 8158 2284 2392
10561 2392 2309 3646 321 3552 295 2375 9691 10382 491 9879 8258 3382
10562 2392 2670 8179 2844 9473
10563 11236 9273 9040 8064 8911 8897 8898
10564 11255 2468 2647 5352 1425 2658 848 6696 6751 5046 8237 5869 5009 1490
10565 5046 2311 6475 6193 6407
10566 8237 8265 5046 7887 10681 2060
10567 2428 5046 5824 9714 808
10568 5256 4817 5046 9028 6562
10569 7929 6713 10597 10351 2987 7992
10570 6857 3388 3460 450 5144 792
10571 11132 11281 7662 7328 4063 1547 2530
10572 11241 11238 8905 9273 9577 9626 2686 3415 1271 756 773
10573 5105 11020 6253 2414 9875 3588
10574 8910 8893 11244 8900 8901
10575 1844 2419 2427 4456 2795 208
10576 9622 870 6359 340 1355 3083 36 8201 465 2795 3755 4002 2659
10577 9289 117 3950 4012 10079 4488 10167 7120 10504 8475 4758 1802 1857 8260 10099 8047
10578 255 10079 5906 3946 1164 11385
10579 9058 11332 10079 255 3213 9589 2004 4822 4231 11085
10580 10079 11204 1183 11332 6490 2993
10581 5803 6706 4361 831 2449 9206 5023 5462 5071 10237 6627 3162
10582 9261 11295 5478 4361 22 3588
10583 7437 10628 774 7177 8841
10584 7437 6963 5 4223 10961 346 3228 9715 10463 354 450 8126 4195
10585 7437 7341 3903 1413 506
10586 7437 2590 9394 7656 5815
10587 10261 524 6790 4934 9772 8205
10588 10261 9676 3207 1668 874 308 6805 8844
10589 4055 1695 3902 200 827 5584
10590 8984 10228 10190 4055 680
10591 7497 3843 9972 2053 10588
10592 3843 911 875 4934 2877 4711 8976
10593 6036 3843 7062 8612 6039 5587 11183 6335 5208 8261 4415 7039 11658
10594 11659 7764 11065 11613 4475 498 9277 9324 5759
10595 276 1028 588 4696 1840 5082 1494 1336 1525 1281 942 949 1367 1366 812 1390 982
10596 276 1249 7768 3904 2110 672 2111 1488 10011
10597 188 1669 2522 7269 5 6 1123
10598 2522 9577 184 1340 1283 392
10599 2522 255 8133 1487 1215 811
10600 9003 3454 11283 8652 6749
10601 9003 5800 7642 5077 423 7148 6660
10602 117 6396 1572 5236 8705 658 5943 4178
10603 472 2584 113 9993 5056 10449 8705 155 543 10769 5103 11145 4984 34 1410 8455 316 7354
10604 192 2881 861 3877 4094
10605 9383 6439 6090 4337 7891 6091 7021 11291
10606 4416 9541 3205 5054 1669 464 1407 460 9169 5006 3301 11660 10559 4264 188 7294 48
10607 7294 7423 483 4735 8649 4268
10608 3323 3573 3305 11469 9817 496 7294
10609 7217 7669 7127 11661 4850
10610 7669 10122 3786 7805 11323 7808 2798 335 353 2331 2797 2800 830 8248
10611 7669 7116 3543 1354 6350 2948 6986 3816 6348 3330 4740 11607 9936
10612 5267 10634 7669 361 9229 2569
10613 3862 2715 7669 2366 1614 2764 10276 63 2496 6972
10614 2723 92 5277 2686 10988
10615 9258 9479 4408 1764 8365
10616 9258 7295 10346 7664 3124 10581 6086
10617 9258 6687 11084 2921 352 1127 11525 4398 9251
10618 5 3122 11158 10290 531 460 2815 11629 4293 11627 3845 2379 4095 3968 397
10619 48 5202 4815 7207 531 2772 4165 5621
10620 531 5945 901 6073 3984 9938 4320
10621 728 9507 480 531 6503 423 4428 1095 11632
10622 5 531 2379 4095 3968 3008 2792 6814 2352 2411 5609 497 265
10623 531 3349 6692 11662 3364 9280 9341
10624 531 482 4515 9193 9168
10625 10994 2511 5145 531 9349 10653 437 127 2258 5070 5077 10019 4719
10626 531 9618 3580 3371 745 810 1160 1203 8937
10627 3819 3404 1702 7339 531 307
10628 531 211 517 2221 509 6632
10629 531 477 40 1095 2860
10630 888 531 11321 7738 6574
10631 531 7785 6 8857 4289 6787 9169 2439 8113 2548 6897 2570 4925 7348
10632 531 6966 326 508 799
10633 506 6406 531 8781 11526
10634 531 3315 1094 1096 7381
10635 10813 6 531 2434 462
10636 100 5574 531 3754 13 3211
10637 1909 8838 531 5698 3115
10638 80 11663 6260 489 531 9431 603 3372 9427 5314
10639 531 6244 9519 3385 1730
10640 10955 1599 4418 1355 531 3819 10936 11664
10641 531 477 211 3150 4814
10642 402 4008 3754 11665 531 657
10643 2123 1892 1790 1891 2681 6351 3011 3009 2
10644 1856 1790 2967 1855 1792 149 4908 3396
10645 3442 1933 1790 8251 8777
10646 1790 2448 2027 1886 1824 1951
10647 1790 1842 257 1828 1912 1883
10648 2948 3507 1790 508 4842
10649 9264 1825 1790 3076 1886
10650 1790 1865 1805 1803 1912 1806 2176 1815 1898
10651 115 8124 6590 8252 10727 10439 8
10652 363 1481 1306 2860 4769 337 4907 562 1644 1329 8252 5888 1020 1460 382 2061 1087
10653 214 7316 7171 8252 1508
10654 869 8252 5113 446 6318
10655 2863 6630 11635 6697 115 8252 8704 7503 4348 2223
10656 7518 7009 8252 6356 5845 3025 10940 4289 5642 4081 11666 3945 11520 1242 10529 4090 11479 1219 7513 5988 8518 4956
10657 8252 1508 521 1755 2960 4533
10658 7891 6285 8952 9386 1371 5864 1394 10183
10659 4757 1382 9386 1719 5845 849 5742 9049 4912 1002 601 157 1627 7001 1065 1651 7363 964 5744 1143 1040 1488 1654 1683 1044 969 838 1082 974 812 813 108 656 367 9041
10660 10378 9386 6963 1537 8378 4242 9609 1550
10661 4659 7560 2562 3041 2339 2784 2890 7889
10662 9375 3216 2783 4810 1123 3122
10663 9463 7928 4917 5033 8616 9462
10664 4917 11458 1909 3205 5214
10665 111 26 66 9058 8078 5113 9711 5186
10666 1244 6065 2433 10533 4994 11200 11561 4111
10667 1244 9394 5815 3595 520 9794 11659 4270 4393 7821
10668 1244 5500 364 22 363 4303 4846
10669 1244 3372 8841 3528 1307 6739 1394 2239 4985
10670 6410 3121 7949 1182 11667 8355 8965
10671 4541 6020 6021 7949 6352
10672 7949 1196 3315 11668 10578
10673 610 6569 7188 11669 11668 7949 4996
10674 6229 10397 9882 4166 4795 8514
10675 601 8144 10780 3877 6229 778
10676 6229 3315 6136 4384 6695 3239 2280 1044 4184 11207 2444
10677 6229 6682 3721 4170 3062 8419
10678 6229 334 1354 7389 3936 5418 4862 2215
10679 4005 9178 943 6229 5086 1275 1138
10680 4687 6319 6754 413 4407
10681 9537 6329 4687 48 4908
10682 5655 4122 2190 2788 497 4687
10683 203 7886 10624 2272 2695 4687 10351 7265 650
10684 894 4687 256 3604 2927
10685 5560 1752 1844 2150 9074
10686 4683 1795 1844 149 6242 51
10687 1844 3074 257 1886 1912
10688 3390 1844 6781 1340 1803
10689 10464 3976 51 1844 1784
10690 1844 51 1340 1837 146
10691 1844 7742 1843 1912 1889 7536
10692 1844 4170 3005 3006 2490
10693 5501 1844 8091 9431 7511 5231
10694 1844 8550 1597 11610 5872 7018
10695 1844 1840 3391 1048 4399 4735
10696 866 4821 8907 10913 7570 460
10697 3108 1784 10146 7960 2118 5804 5686
10698 3444 1849 1828 1800 1784
10699 2771 10276 278 5034 10063 1700 1784
10700 262 1680 1758 8111 5413 1784 8360 1368 1237
10701 6281 6043 497 1784 656 3201 2592 9824
10702 9830 5499 11210 969 1784 3153 8686
10703 10393 6695 6394 6608 1784
10704 1784 1804 6944 6957 1203
10705 2964 1870 2660 1784 2180 11007 3012
10706 1828 1912 1800 1784 2155
10707 2745 1895 643 9119 8854 3609 1784 67 10481 7389
10708 1784 1865 1505 1128 1030 200 692 937 1295 1739 2161 5622 6751 38 807 562 601 1142 1586 813 818 777 819 1247 988 1687 1464 4351
10709 1784 1981 4554 6190 6840
10710 51 568 11201 2189 1784 570 3052 571
10711 10956 4716 2513 4508 792
10712 10956 6790 4984 1574 9499
10713 1909 28 7852 549 9324 3706 10956 4321 1683 3149 8782 5919 10559
10714 1606 9620 11452 10956 7439
10715 10956 6588 26 7058 4304 3754 6966 10466 6317 11670 661
10716 36 1518 10956 2065 8576
10717 10956 10092 7243 1010 8149 773
10718 5867 5997 2731 6108 1744 5234
10719 5867 6115 8302 11642 11671
10720 7798 5803 5456 1203 409 994 1065 1579 1432 1160 1586 416 5840 3249 1290 1145
10721 7798 6198 3526 3330 3295
10722 7798 7944 4205 10646 10322 11454
10723 7386 5746 8478 10206 11405
10724 8478 2351 259 3030 2820
10725 2737 48 3915 969 943 11672
10726 3796 2737 2043 1602 1897
10727 11265 2737 4414 11525 9353 361
10728 2737 11015 1965 2993 4600
10729 1124 4573 1128 3902 1239 997 1240 2726 4350 1683 2737 1605
10730 2737 11455 10536 3513 5604
10731 2564 4605 11020 468 1408 7535
10732 8770 8514 4605 10207 6012 11442 6410 9498
10733 8012 4605 3119 10436 455
10734 11673 5703 2940 4931 2233 10348 7608
10735 4931 3563 3540 4591 10161 6329
10736 3315 7911 3026 4931 1840
10737 2882 7186 73 1702 275 9062
10738 2882 1695 2326 1124 4816 2906 1044 1111 1224
10739 7359 2882 8259 1843 8245 2106 4855
10740 6679 2892 10802 5457 2395 3289
10741 6679 4808 3289 4036 2393
10742 3881 6521 2395 10802 6679 2289 4188 10801
10743 2503 8999 4862 4184 6812
10744 8254 8999 2002 5440 2245 2971 4498 6897 4031 6540
10745 8999 11401 5503 10115 9543
10746 10755 470 2279 8999 8232 11401 8561 4498
10747 8999 7186 10522 11218 10073
10748 8999 2434 7910 601 11488 7784
10749 8999 7194 1410 4184 312 1744 4254 10029
10750 4296 11393 3371 9843 1577 4320 7063 8999 9897 10286 343 3629 7754 7
10751 8999 52 6063 8752 6587 1577
10752 5754 6329 11674 8999 9798 448 9731 11663
10753 8999 4280 5503 1702 3111
10754 11660 10208 9808 7398 9098 5640 1508 4409 4226 8845 307 9515 11466
10755 9864 1792 1957 1508 9966
10756 1508 8787 2460 4797 9549 11152 9030
10757 1508 5873 4089 3751 9404 1909 9507 728 4826 7236
10758 10438 1508 6546 6439 7524 3999 10426 3863 2834 234 4209 3037 1551 1161
10759 7441 11197 6212 5183 467 4889 993
10760 3836 2542 48 608 3469 3358 6351 11524 4776 4859 11675
10761 2542 3302 5926 5802 10843
10762 4094 6185 2542 4750 4241
10763 2542 4624 4840 5512 6491 3010
10764 4741 336 10529 6322 3324
10765 123 6545 9654 34 8420 70
10766 123 2243 2863 9450 2512
10767 2716 7460 7400 123 9644 6508
10768 714 7414 7540 8280 792 11034
10769 2945 9761 2473 714 6432
10770 714 10252 346 4758 1054
10771 658 7657 5177 4502 11158
10772 658 3431 7613 4511 8684
10773 256 3307 658 7317 7592
10774 8643 554 6456 658 4815
10775 658 584 3944 4862 1492 10691
10776 8725 584 658 8704 8963
10777 3091 658 3093 7077 3289 5978 7384
10778 33 5249 2842 11332 11351 658 3268 8974
10779 658 535 10379 179 7564 1271 10690 945 5704
10780 3629 2502 2565 10434 236 658 9214 3043 5474 11307
10781 2840 2864 8202 11173 1423 658 7289 11391 4847
10782 658 601 8781 37 11210 446
10783 7566 5505 1568 658 521 6968 9608
10784 22 480 11234 6530 10439 658 2586 10269
10785 34 2241 3968 9608 658 28 8689
10786 658 32 2311 54 3857 969
10787 658 179 11228 4321 8062
10788 658 6495 8502 4970 9730 9374
10789 658 5005 34 911 544 9317
10790 2997 11322 8287 9148 658 10268 2820 4263
10791 658 472 9260 581 1731 11041 2245
10792 8698 73 6185 1741 658 4412 871 9537 7508 4751
10793 658 11153 284 2432 799
10794 7600 2267 4282 1740 849 1208 1055 1258 658 6396 814 817 9791
10795 1542 6547 467 658 5495
10796 658 10465 5632 11331 645 10708 7959 11312
10797 544 1565 658 446 9513
10798 3851 1155 4564 3034 8068
10799 903 5536 654 10461 5196 3402 8382
10800 9806 34 5131 6800 654 2512
10801 7865 654 9035 9929 465 8629 3634 8536 7760 1066 4598 747
10802 2534 10876 654 4515 4885 7920 5278 7431 8273 4877
10803 3510 7687 7521 10923 2459
10804 7257 5544 2651 3760 196 11377 1015 1062 1133 1455 996 1278 1003 3963 946 2393 7702 1016 1395 1708 1006 1197 4594 1024 839 1184 1148 2062 6759 1466
10805 1351 7746 7257 4447 9454
10806 5172 6187 3315 8179 11154 256 334 1909 7091
10807 4614 831 5172 7629 897 8147 2652 3476 1273
10808 601 6320 5172 2198 7564 949 1560 5658
10809 9360 414 813 7362 2241 4703 34 7832
10810 5094 3109 10527 4321 7036 8867 6632
10811 1669 4999 2883 4596 1276 1505 5778 5665
10812 423 11354 10815 3601 7031 3603
10813 10537 10222 562 11047 7180
10814 8550 4187 11204 4200 225
10815 8550 3791 5314 10167 7535 5313 5756
10816 4192 3900 9373 7928 10640
10817 4192 3687 3091 3656 3463
10818 4192 7803 7613 9716 11326 1160 6603
10819 3951 6321 4192 6394 117 7120 400 581 2454 7923 2668 601
10820 2593 3275 8870 895 8173 11024 8645 3419 2892
10821 2762 3419 7285 3031 4166
10822 3419 3289 1134 1413 2412
10823 8130 1378 1157 1031 7553 485 7702 157 613 1120 219 4781 1298 2214 816 1560 4297 1690 516 1712 2061 4351
10824 8130 3188 3568 4247 7619 7030 1980 555 10494
10825 6561 5802 8130 8930 9680
10826 8130 4205 338 1307 6530
10827 8130 3193 11123 9795 7204 10901
10828 8470 4195 3315 8839 5460 6329
10829 10980 8470 8128 2003 8238 8755 7443 2460 8457
10830 7965 10955 6692 259 22 1033 969 10029
10831 6336 4493 7965 5031 4341 5598 571
10832 7965 1123 4934 408 10283
10833 7965 8671 9744 9745 5274
10834 8753 3836 5042 11627 2162
10835 2162 183 2576 7994 1707 11194
10836 2162 8083 6425 4993 4640 5260
10837 332 7899 1616 2162 7680 2293
10838 4059 315 2349 2345 8216 6541
10839 315 5074 53 10393 6083 8448
10840 5125 271 7956 7289 2228 1625 1223 6273
10841 8273 2754 3358 6745 1726 1513 5125
10842 5125 508 7360 1070 2239 10532
10843 8571 10782 649 9107 9507 10111 1394 2589
10844 8571 5352 7928 11398 2773 2284 2339 2645 7775 3535 7720 4855
10845 8571 5379 5087 5352 11398
10846 4820 9842 7549 7550 8571 7928 9848 9819
10847 2773 2796 2891 4338 8423
10848 5006 2773 11671 9446 361 10126
10849 2865 4531 7928 423 4069 4087 5379 9668
10850 189 5379 3568 5215 5555
10851 4697 5379 11676 9990 10752
10852 9520 337 1730 6847 2995 5150 2571 10014 1647 1648 5379 4018 2723 2283 7695 204 2653
10853 6637 5379 472 3986 1553 586
10854 5379 7728 7586 7318 7616 2847 3147 7024 5162 2087 870 7848 7194 10720 905 4321 7389 3371 5699 418 1363
10855 5379 7186 6635 3303 5352
10856 3947 5379 3892 4407 4387 10475 2562 4674 9735 1048 6227
10857 4005 10144 453 9630 4815 5249 1475 8249
10858 11117 684 739 4005 6063 8249 515 487 6482 3374 3922
10859 4005 7237 7629 7914 2182 312 9499
10860 188 111 3204 8177 3968 4925 4005 8982
10861 5126 9122 8634 1 4005
10862 6561 10395 4005 4949 7558 528 11666 10424 7692
10863 8553 4005 9366 4513 9930 5581
10864 9611 11494 4005 6571 1065 600 7675
10865 364 4005 4243 3984 7334
10866 5934 6063 5484 4005 2565 460
10867 83 1307 10785 3026 11178 6487 4005 3833 4415 1589
10868 863 4005 7712 10378 6864
10869 4005 3431 4368 10073 7451 2877 2268 10103 225
10870 11268 7308 1405 8504 2603 5493 7746
10871 7308 3227 2593 4563 1336 3964 3019
10872 604 2267 10466 9712 9590 473 810
10873 604 435 6073 11414 11342
10874 604 10580 9706 3834 10135 1022 10532 854 949
10875 1878 11314 11315 11677 6058 11678 1870
10876 1884 4676 1932 1951 2127 2141 1878
10877 3450 1355 4862 7201 9065
10878 10622 9875 5757 3978 488 3693 487 3450 6823 6503 351 8223 10867 10968 10905 4311 8482 5234
10879 3450 7575 6823 492 445 10981 487
10880 3450 9147 3257 487 8399 5637 516
10881 3450 2565 2339 8241 4739
10882 7646 2089 5845 100 8633 2073
10883 7531 7635 6827 4747 8871 4025
10884 10981 6266 34 5257 5914
10885 4900 6491 4283 9210 6266
10886 4064 2824 10213 6266 9978
10887 6266 5930 1336 83 11605
10888 6266 5480 2877 3945 1321 1203
10889 9350 6834 5802 1061 11068 6266 9676 8272 7648 3463 8777 11521 11496
10890 4343 7642 1471 4029 9860
10891 7642 6132 9368 3152 7359 9451
10892 2195 1802 1800 1828 7642 4088 1843 5141
10893 7642 9070 9346 2539 3893 976
10894 2742 3912 941 7642 3016 970 502 9855 9821 4721
10895 7310 10724 9174 2416 32
10896 4869 11271 10724 4568 11679 9073 10406
10897 1302 6904 10724 3084 1449 8392
10898 7718 5644 8741 8639 7920
10899 7718 7717 600 2761 3523 3683
10900 4486 600 48 5637 7387 2175
10901 1410 9758 4486 7533 9653
10902 8642 4496 1062 552 234 10504 7568 8230 334 3781 2353 11302 4927 1810 5658 7907 4740 9871 10109 8704
10903 555 8642 51 146 147
10904 863 5090 7507 8219 9650 6747 497 6573
10905 673 5090 3310 6644 7906
10906 5090 2870 2457 289 11680 8004
10907 5090 8154 1069 455 2564
10908 448 3502 3372 10653 1614 4439
10909 3725 9648 6319 3502 11506
10910 3629 3404 4976 9538 3502 9469
10911 140 3862 8293 3502 3597
10912 8837 7381 5136 8147 5602 3502
10913 8211 1471 8889 524 1984 1802
10914 3335 8211 408 7336 7215 9862 6820 3386 923 11024 128 127
10915 594 4139 5931 6421 3736 7890
10916 8020 6421 6439 4337 10388 5826
10917 2988 6375 9022 6421 3868
10918 3903 6421 3736 2988 5790
10919 3736 6475 278 6160 9201
10920 80 4412 367 4050 11389 723 8785 764 11409
10921 1755 4412 9993 7356 340
10922 4412 9775 10202 2515 9612
10923 9569 8787 3439 9644 10697 93
10924 3439 6909 7428 637 4121 10443
10925 4456 3439 8580 1365 804
10926 5680 628 5739 17 11432
10927 11567 1762 468 866 4292 5739 7430 343 8732
10928 5739 3084 8538 2273 827 11164
10929 5739 2065 10470 10042 6137
10930 4408 7361 7973 5739 446
10931 5739 10728 439 4956 6104
10932 5739 2379 6327 308 9653 5721 11409
10933 339 595 5255 5575 8884
10934 11620 8997 10995 5443 647 6805 2577 3201 3026 7219 9625 465 3483 686 9497 467 8558 1285 595 2499 9127 4328 3747 3279 3038
10935 595 175 5258 5447 8700
10936 334 6225 685 595 5249 6140 4949 10546 2751 2752 6727
10937 26 9058 6146 595 85 10325 5251 2241
10938 7915 9925 595 1793 10538 3263 1368 79
10939 2443 688 1394 5191 595 9450 799 1709 460 6916
10940 80 541 4753 7317 595 10473 685 6395 2877 536
10941 140 595 5184 506 139
10942 8468 10305 9626 6073 4986 595 6226 8640 1542 1405
10943 5070 595 1271 1647 990
10944 143 595 3201 9076 2459 6026 4264 2607
10945 284 595 527 3813 9187 741
10946 52 4913 3431 595 5500 1092 480 6500
10947 5280 1095 6187 8846 670 11154 4065
10948 11154 1391 3328 5945 1801
10949 336 7905 6804 8048 11154
10950 2276 8286 4720 8672 4792 10287
10951 10 361 2276 4314 317 9853 6615 9446 833 1591 10031 3382
10952 9105 6152 1242 11340 1245
10953 2111 5038 51 2110 1932
10954 10861 2110 5020 500 9670
10955 11681 11316 5150 8758 2571 5901 2110 8122
10956 2110 6036 51 2111 2037
10957 2110 1413 11592 6627 361 520
10958 2110 7543 372 7684 6812
10959 3725 2110 1597 3002 2175
10960 1407 2110 1981 1725 3258
10961 2111 2110 2400 11127 9514 5013
10962 11682 11656 6016 4635 6013 2110 5599
10963 5604 2110 2111 10230 8663 5659 5016 10228 6563
10964 8251 6813 11683 11684 2110 2111 51 146
10965 1800 1828 941 11140 1843 2110
10966 2110 6566 10425 5150 280
10967 7659 5719 4272 11627 4274 2110
10968 2110 10688 6818 9944 11619 10309
10969 2110 2111 10861 4773 5039
10970 1050 6045 234 1393 1320 2668 5145 3979 2110 2675 2696
10971 2110 3594 5992 10069 279 4422 10536 11685 10831 11686 11687 11688
10972 2110 10670 10671 7157 10672
10973 10404 5812 1194 2110 4773 2111 6454
10974 3894 4990 2110 2111 2559 2560 2558 361
10975 3800 2110 334 5408 5020 2384 5932 361
10976 8870 4771 2036 2110 1823
10977 2675 2111 2037 2110 5038 7314 5008
10978 2110 4166 5040 5774 5198
10979 2110 2111 2675 2696 2037
10980 629 10389 6874 10685 2565 3834 3356 7192 79
10981 10685 4131 7361 3986 7856
10982 10685 7341 423 3432 10726 1665
10983 10685 3728 2631 1347 5251 925 4168 10620 9848 9842
10984 9997 113 9196 548 11261 961 7357
10985 3592 9854 9997 7351 6574
10986 3728 6805 11689 30 764
10987 3728 8754 11041 2241 7171
10988 626 3728 9169 515 7354
10989 3728 113 4094 8773 7972
10990 3728 346 453 40 354 17 4508
10991 115 9471 7352 3728 472
10992 3200 4508 3728 7922 7449 5452 5034 7500 5988 3855 515
10993 3728 8786 3824 2997 812
10994 3728 7473 5242 7613 7359 6821 3734 10936 2277 8971
10995 8240 8986 3728 472 10097 11041
10996 874 3728 115 2063 7997 308 9611 1271 9722
10997 10925 3728 587 1502 10307 10157
10998 4097 3728 5462 5300 1328
10999 3728 477 189 4148 7061
11000 3728 2515 7361 774 2513
11001 5084 9993 9761 10377 118
11002 10980 9993 472 8946 2863
11003 9993 9034 7726 7369 93
11004 9993 8592 307 11328 3157 799
11005 9226 11497 355 6432 3979 7839
11006 6827 5150 10425 6432 5537
11007 472 8754 308 7207 10615
11008 452 472 6436 10576 6748 748
11009 472 477 402 2516 143 8553
11010 472 6537 2834 339 8686 3330
11011 472 354 11690 792 5721
11012 472 1510 13 3043 5131 468
11013 472 512 11691 8553 1407 485 1565 4459
11014 472 7058 7062 8279 2515 497 463 104
11015 3745 4288 4197 4415 472 5144
11016 472 662 2513 8195 228
11017 472 2515 7466 941 5494
11018 1450 7570 111 4498 9202 2188 472 234 918 2723 2248 9927 4228 6077 1589
11019 472 10915 784 3544 7736 11674 10365
11020 7428 9646 6472 508 793
11021 7428 2501 2653 440 5759
11022 1339 1208 809 1563 1234
11023 6743 2367 1339 1232 1103 3825 1211 1142 809 1234 1220 1299
11024 1239 4639 5880 1595 1338 1339 1103 1384 1368 1106 4067
11025 2651 1157 1129 4074 4657 1265 920 1132 1455 1469 945 1353 1339 1271 1282 7833 411 2202 806 613 856 157 7674 158 833 785 1233 1142 7713 1141 1216 7954 1143 840 836 1165 161 837 1173 166 970 162 1260 167 841 1161 1258 1167 1171 1313 1079 160 4641 811 1009 164 839 165 163 1172 1563 168 1083 1077 842 225 152 1561 2673 814 1084 1292 1059
11026 2161 5460 1339 804 849 1036 424 1592
11027 1239 1135 1573 1339 937 1615 849 1036 2664 1103 1106 157 2214 4600 6664 4628 1313 3390 818 656 1085 1416 4032 1247 5861 4911
11028 1278 1339 832 855 601 1460 1661 1152 5857 168 225 818 762
11029 847 2161 848 1032 853 1527 1065 1339 1069 1002 1648 6757
11030 5879 1484 1339 1612 1001 6756
11031 4608 853 1527 1338 1339 720
11032 1252 1481 6753 1339 942 1651 1586 2908 4576 5860 7265 818 3866 9449 842 1247
11033 1404 910 1030 1324 1339 1256 1368 828 3249 1163 1692 1026 1512 2270 1247
11034 1832 2094 2121 1830 1850
11035 798 2942 10742 5287 9332 11300
11036 2942 11381 10770 4718 1044 4254
11037 3959 5454 6041 1974 3488 3662
11038 3959 588 4223 51 5231
11039 5097 9680 11591 3959 8971
11040 3959 860 11692 918 9712 5759 4139 1358 4703
11041 3959 9405 7368 10612 9500
11042 3959 48 4367 5311 8513 3957 969
11043 5731 2239 3959 553 10356 5623 11693 5515
11044 10339 5961 4987 7122 3959 4328 5575 10243 2847 4012 741
11045 9665 3456 3800 10664 10181 4007 4958 111 5113 7199
11046 3456 7695 1288 2730 1043
11047 460 716 6340 719 3456
11048 1450 2697 901 5895 470 9119 11329
11049 774 1683 1633 10863 2577 967 1164 7281 326
11050 10537 255 57 7385 7281 1090 9206
11051 7281 10478 11370 11158 3190 751
11052 9701 5313 7423 5054 11306
11053 9701 751 4432 5746 813
11054 10077 10072 5016 11170 11631
11055 5016 8322 8323 2369 11440 11170 11694 9662 6014 10403 10072 10077 10069 11695 11696 11215 11697 11698 11235
11056 5016 4422 11699 11574 11700
11057 10077 10069 9856 11170 5016
11058 11441 5016 10077 10072 9856 11235 10820 11701 11702 11696 7232 10825 11703 6013 11704 6166 10829 11586 10823 7609 11705 10836 11706 11707
11059 5016 4965 10815 3164 7605 11581 9858 11708 10820
11060 10069 10816 10675 10673 11235 10358 10403 5016 2165 5008 11709 11710 11711 7233 7235 10536 11628 134 11696 11695 10837
11061 10077 5016 10403 11170 10072
11062 4425 8765 7106 11587 11712 10816 10820 11699 11170 2675 11713 11714 11715 10814 11686 11595 4630 11580 11498 11716 6166 5013 5016 10837 10838 11696 11705 11717
11063 5016 11695 9858 11718 10077 11169 11170 10814 11719 10820
11064 7918 4665 347 13 1271 8720 9360 796 8843 4180 506 132 7325 1149
11065 4284 799 132 6718 8068
11066 10508 5710 5546 2321 2683 8333 5411 11067 3330 9256 6556
11067 11693 6782 7729 6157 7440 5013 10581
11068 5833 1695 3118 1474 9218 9840 2884 1988 3017 4088 11017 1420 196 3048 2218
11069 2884 1988 3108 1800 6056 6598 2540 6849 10156 7080
11070 3369 2327 2509 8287 373 7796 11392 4714
11071 2894 1988 1843 2106 1926 1927
11072 1988 1802 11720 3389 5822 6329 5545
11073 1138 7385 1731 2454 1988 11098 5983 4459 381 2685 7065 3221 10180
11074 6741 2145 1887 3379 1988
11075 1845 4088 1988 4344 1802
11076 1988 1870 1843 2104 1336 1828
11077 4831 6328 2877 4311 3017 8013
11078 3017 11720 4077 8319 769
11079 3017 2987 1117 5741 856 1037 1038 7178 160 1044 1170 1810 1026 152 1512 988 6761 10140
11080 9236 4769 3017 3016 11026
11081 6543 9537 58 5312 3017 10024 5193 9409
11082 3017 1828 6424 11572 4739 1042 1856 2893 1914
11083 3017 1840 2261 3981 1654 4267
11084 3017 3400 257 4088 1917
11085 2260 3017 1047 1525 6904 7988 1828
11086 3017 1354 4710 8357 10062 2419 3539
11087 3314 3017 6447 1334 2794 4674 1849 1333
11088 3030 294 3017 278 3014 1969 1833 1843
11089 3017 4571 1706 2008 8119
11090 3017 4246 11033 6389 3109
11091 9377 6822 6562 7988 3017
11092 7741 5147 5512 3017 1196 2836 1115
11093 11721 2997 3017 3289 1066
11094 4570 9168 8115 3017 6416 361
11095 1718 1062 4656 1351 7518 3708 8103 5863 1683 1112 6815 1592 1316 1224
11096 7518 401 3181 9180 1183 3957
11097 4392 4408 7518 317 7513 5589 11347
11098 7518 9715 7513 1237 8282
11099 7518 8428 5253 9531 1625
11100 195 28 7518 6211 10105 4007
11101 2788 2251 7518 3806 2790
11102 7518 6211 4081 4737 3968 9863 1067 4974
11103 6211 8428 1646 7518 1307
11104 799 7518 4408 8428 9490 3858 3918 961 265
11105 7518 2576 9569 6327 4537 1196 11
11106 871 104 7518 2264 366 3474 9580
11107 3262 7458 1214 1285 968 7018 2413
11108 4239 3170 3093 7458 10214 3262
11109 4383 7648 10716 10351 2749 6516 2163 11346 5045 3622 3774 11536 3058 850 3262 7458 7470 2352
11110 10487 6886 7139 1602 7136 1511
11111 3555 10772 969 10487 265
11112 4095 4408 446 111 1354 698 6180 2736 8212 2979
11113 8212 3023 3633 3635 9532
11114 9389 2398 8929 3315 1740 813 185 257 4088
11115 2896 2128 1817 10091 10250
11116 4249 3803 93 10744 7149 2896
11117 3323 1182 3919 2896 1828 5882 2095
11118 8791 2291 485 9716 799
11119 111 9152 2065 6966 2327 80 4160 4531 4113 7447 4803 8850
11120 7447 8018 8858 11616 10969 10109 2821
11121 7447 4205 1550 1574 2668 3019
11122 2030 379 52 3093 670 2248 5380 11448 6249 11722
11123 5440 11103 640 52 5503 3983 4591 7480 7815 11723
11124 2515 7361 52 2513 792
11125 52 8623 5404 11465 1895 5643 491
11126 3602 7825 11129 8180 52 5470
11127 5538 52 3371 7091 6320
11128 52 26 1762 10720 2320 5513 461
11129 4753 5565 52 11473 5731 9867 10236 1183 11535 235 9499
11130 4145 3579 52 115 48 11589 7534
11131 52 257 3382 8734 11358 9747 3026 4348
11132 645 6273 10712 5497 3471
11133 7758 10847 6170 10761 6529 3471 11724 553 6050 3311 7075 2791 5657 3173 6728 431 2831 2830 2820
11134 3471 5190 7087 8118 854 9175
11135 7786 118 5680 10031 3471 11524 6341 3234
11136 9324 342 10756 10363 30 9058 323 10406 4925 7979
11137 342 5895 8602 4320 1383 771 10284 664
11138 4414 308 460 6180 342
11139 1253 6799 1060 918 409 994 1430 1715 413 342 8337 424 2494
11140 342 3429 3058 6422 11407 7702
11141 342 3635 3706 3540 3528 3685 3539 5798 10776 5380 3544 3679 3670 1048 1869 3184
11142 4494 2877 4228 1083 342
11143 721 284 342 1761 3919 4180 2609 1182 811 519
11144 6371 10384 6336 5945 342 185
11145 342 11406 2284 7267 3292 2329 2328 8659 4934 6308 2372
11146 342 9955 141 7665 10029
11147 342 2011 2398 3694 6695 6518
11148 342 2461 3028 11048 11030 4493 10518
11149 10094 2312 4921 8650 1083
11150 8097 5133 7512 7620 7102 7856
11151 8097 7688 2265 4248 11590
11152 8097 6904 7842 127 6310
11153 524 427 4516 5973 10997 8097
11154 8097 8577 4569 1302 11652 4526
11155 64 2937 8754 9451 9890 258 414 2573
11156 446 1909 6137 8754 6546 7503
11157 80 7207 8754 7380 685
11158 8754 6627 27 4236 4892
11159 8754 450 3596 4986 10222 792 8161
11160 7927 5191 2565 10153 8754 7380 685
11161 8754 2993 488 3978 3818
11162 3331 6098 2593 4358 3623 8360 326
11163 5133 3315 3183 2486 361
11164 5133 1123 8726 1909 415
11165 4934 5133 3922 8614 5143 5746 10576
11166 9679 2867 439 1371 7071 9130
11167 9679 7983 8668 7120 7833 3062
11168 4946 4408 369 8557 6040
11169 1776 601 10215 7880 4946
11170 4946 6324 3454 541 10264 6854 4211
11171 4410 115 48 4210 4946
11172 9199 10252 7379 3245 1670 3859 3857 11367 11672 7384
11173 745 799 10700 9502 9686
11174 8726 11397 4047 1182 9502
11175 9503 9502 506 4367 10329 121 5892 9748 350
11176 6134 6849 9748 3857 7070 4523 5109 8823 6681 9502 265 9755
11177 8893 4621 2570 11725 8815 7905 5989 6565 6723 11726 11727 8108 6722 6826 11545
11178 10576 3341 3291 188 9728 5247 8180
11179 100 2876 188 4407 7397 10269 6053 10323
11180 188 3202 4957 3944 9001 7820 7535 10529 8189 7404 1160
11181 4268 11257 117 9404 9412 6695 3946 4058 188 3404
11182 464 8191 9104 465 188
11183 1340 188 2515 4082 6226 3691 740 10880 662 58 3315 7317 343 7024 381 10894
11184 80 111 48 188 4408
11185 188 7537 1576 1761 9992
11186 188 662 1280 51 4326
11187 508 5272 4181 326 598 468 4374 9747 188 1599 3189 22 1271 724
11188 6963 188 104 4815 6410 2065
11189 188 4428 8861 8513 6546
11190 5 8778 1163 188 489 4407 10626
11191 208 8678 4297 9104 4703 188 8848 28 13
11192 188 3166 9037 454 111 2565 2246 4407
11193 5109 854 6723 2408 5534 7632 4198 10012 11317 188 3091 3674 6973 4823 9850 6729 5196
11194 369 477 188 5488 3474 3679
11195 188 2584 7529 4745 2379 435 4507 8954 3753 1376 2241 1377 8442 1255 11612 1097 994 1237 7553 939 1551 1280 8237 988 1177 990
11196 5065 10913 503 1643 334 4686 1494 4095 9460 10983
11197 4082 7555 4446 7773 3631 10518
11198 7441 7538 6660 27 111
11199 1534 4649 1540 7538 5173 10314
11200 9486 7538 4744 6660 7540
11201 9384 8995 2063 255 9130 6388
11202 8995 3218 8163 9321 4216
11203 8144 8995 10100 34 4367
11204 8995 909 7579 10974 8178 870 5111 5496 7833 945
11205 1571 781 8995 881 6391 4460
11206 6447 1375 2651 1237 1239
11207 11216 3306 1118 7151 2412
11208 7151 720 9020 810 414
11209 7151 48 337 1443 562 6180 158 1151 163 1448 3899
11210 7151 2046 7357 799 5070 450 8159
11211 7545 620 10681 7149 6212 7060
11212 620 1394 10307 4022 3224 3161 2511 4261
11213 3632 2021 9339 1745 1164 7992 11531
11214 364 2021 8650 8178 759
11215 2021 5143 3922 4035 10591 745 4684
11216 2021 9407 7407 4364 9947 9438 5640
11217 2756 5262 4832 8160 4326 10356 2021
11218 9602 3372 5942 2021 9761 11484 608 5302 5240 5229 4895
11219 519 6964 3695 7745 6437 9162 10806 2021
11220 2021 2782 6439 9095 8414 3858 10223 8768
11221 3351 921 3225 11728 2021 927 11633
11222 26 2021 7115 556 3026 2265
11223 2021 3912 7553 37 6204
11224 2021 5143 4890 5746 7419
11225 5204 7855 2021 6724 6138 348 8800
11226 2021 7507 11729 3052 571 2234 7493
11227 10157 8261 4468 1137 2021 5933
11228 2021 9384 9081 2241 8885 888 111
11229 3026 6069 9843 5967 4031
11230 3968 3026 6704 6564 5496
11231 5926 2837 3026 117 11450 6745 7509 1066
11232 40 3026 3754 506 7180 9196
11233 600 3026 183 3278 11
11234 3026 8850 487 5523 5527 147 148 845
11235 3026 3366 4998 91 93 8650
11236 3422 5565 1344 3026 89 10179
11237 7658 7659 8446 1909 3026 3679 27 3960 2004 496 554 11057
11238 3026 34 2241 10498 127
11239 1602 6631 2025 22 3026
11240 3026 3201 9615 734 9487 4709 6790 4297 468 2291 663
11241 3148 3166 183 27 2241 355 2994 554 9127 7827 3026 11162
11242 3026 100 27 3166 6530
11243 695 4709 337 1067 6790 4297 3962 7725 3026 4303 160 975 339
11244 9139 7816 3026 3316 3398 684 9712 3639
11245 3026 9265 6916 7071 6740
11246 3026 8342 879 1076 10348
11247 1909 3026 10602 9603 3783 8100
11248 452 3026 5156 793 3213 401 308
11249 6252 7241 3026 1203 6279 6944
11250 8647 3026 2834 1865 8126
11251 3026 9859 2832 4312 4315 6957
11252 2564 3026 108 6785 8606
11253 3026 1123 7062 6785 2613
11254 10978 1718 3748 7021 4513 10148 3026 498 7348 361
11255 3026 3166 8795 9978 10421
11256 6325 3026 4958 6398 10995
11257 3026 9309 8715 545 8267 6315
11258 6328 9114 2398 2565 8216 7701 402 2361 4321
11259 6328 4570 8131 5110 9942 72 10484 9439 1575 7816
11260 6832 8298 9644 30 7762 6328
11261 6328 3858 5978 1182 969
11262 6328 2565 685 7474 4832 2567
11263 2506 6847 11535 6328 1761 3733 2248 6531 789 9022 712 9791
11264 6328 8276 8782 5201 449 772
11265 3592 6328 5144 8643 2442 4980
11266 902 6328 1410 3770 3798
11267 8428 6328 2379 4407 4081 115
11268 6328 2920 3551 2565 9630 9310 799 7353 236
11269 6304 3398 6903 5525 2463 5209
11270 506 10786 813 2837 10552 7923 6060
11271 8850 3027 2260 8583 5640
11272 6252 10717 2260 477 453 8675 7460 93 6545 5501 8916
11273 423 3365 9854 2260 2256 831 7575 901 6823 5256 6971 10766 6545
11274 7364 9591 6068 1352 4225 2260 10454
11275 9985 485 2260 7700 3158 4030 1435 9034
11276 2260 9331 7370 8986 8583
11277 2260 5845 6767 189 8345
11278 1027 1530 596 2260 772 9174
11279 8748 2589 4803 6425 3181 7400 6101 10311 2260 11013 9964
11280 2260 7786 11322 7989 4925 7348 9099
11281 3378 2256 2260 10018 2206
11282 2369 10420 8231 2484 1183
11283 5005 2194 2104 27 6074 1870 934 7458 2331
11284 8645 897 862 1843 1870 1856 3283 323 6598 2029 1855 3396
11285 1857 1927 1870 1802 1819 1859 3329 1926 1856 1823 1855 1960
11286 2108 1870 2107 2195 2196 1958
11287 1870 1830 1828 1912 1852
11288 5945 1081 7621 11168 10981 5837
11289 11497 5945 5519 2025 7370
11290 5945 2999 8631 2997 3218 1744
11291 7564 9603 718 5945 3385 2025 4459
11292 624 6075 10514 8579 4626 10347 5945
11293 3083 2851 6069 8445 6070 261 7092 3797 452 465 5945 3746 6923
11294 2025 10066 93 10065 6507 5945 10064 10067
11295 5945 3634 3520 6073 11693 11212
11296 5945 34 10101 4743 4175 921 5788 10923
11297 5945 6386 2242 10221 3984
11298 5945 2714 2416 10084 6101 6416 9444
11299 6225 5945 5519 2395 9756 6726 2682
11300 5945 555 9341 3846 2814 4827
11301 11730 5945 1315 9135 5528 2496
11302 5903 2369 5945 2378 2448 4559
11303 11710 8658 3010 5688 10861 5032 9828 3580 8663 51 8937 9638 5945 661 146 1658 149 11731 4635 10901
11304 10 2590 6336 9591 2834 236 1160
11305 10 9974 9948 4909 5217 11556
11306 7536 46 10 30 480 7613 2241 4079 3858 1182 5214 6819
11307 5743 5115 7881 942 1655 11294
11308 5743 4023 4028 7888 3315
11309 5743 608 941 5978 9107
11310 2716 7655 8454 7120 10200
11311 4329 11050 4447 2031 8163 1296
11312 3371 9321 1448 734 11050 9424
11313 11050 7825 10098 7984 236 2504 2215 6651
11314 8069 10369 8931 11732 9201
11315 8069 10976 6519 3254 11015
11316 8069 6085 8688 4989 11733
11317 4539 4540 1981 2988 6080 1511 1203
11318 6198 918 586 6635 601
11319 6572 1589 3 5581 9327 3850 7018 9366 985 4913
11320 4913 526 8376 8969 11734 3751 4681
11321 10533 881 11116 2683 4913 8001 4331
11322 4913 3753 2351 2567 1366 4197 3371
11323 1095 3326 7920 4821 9207 6638 9669 360 4915 4764
11324 5339 2314 11552 11666 11735
11325 2169 7679 298 4683 332 11607 6451
11326 477 6451 629 3175 28
11327 1576 5565 6451 2971 9424 11139
11328 8589 2255 5284 5285 10024 1502 1530
11329 5406 8589 6413 7082 7789 4139 4226
11330 8589 3326 4236 440 4319
11331 8589 9612 308 7360 7087 7215
11332 8589 3315 107 6274 9312 4318 2817 6185 9554 11130
11333 3175 8223 8589 3153 4836
11334 9054 8690 5497 530 3083
11335 8690 1248 3501 1028 10314 1475 1404 9222 1100 1392 829 2202 8863 1172 1121 227 1605 1178
11336 460 4949 402 11287 13 5890 8690 27 48 10759 2877 8968
11337 11732 2002 4900 9619 568 2670
11338 9545 11335 2002 2239 7734
11339 4445 8445 2002 453 8134 3184 9145
11340 2002 3679 9444 8579 1597
11341 2002 5596 1099 1203 1239 4164 2200 947 4626 2060 3868 2982 3174
11342 7641 48 6811 3634 2111 7760
11343 1249 1668 8421 3856 9113 10010 4478
11344 4905 5049 11332 799 1066 1067 3244 10955 8618 3858 2548 3834 265
11345 10955 9053 1480 343 9287
11346 10955 4535 1265 792 7535 5721
11347 10955 9402 9986 9941 643 7512 2239 2255 28 465 2579 4964
11348 8334 54 4166 3893 6539 2771
11349 8334 174 2833 4050 2877 1036 723
11350 8909 1028 5544 2364 5648 756 221 418 5876
11351 9658 467 8909 5093 2402
11352 9292 3520 3720 10985 5431 1066
11353 10699 10597 4239 323 3868
11354 10597 1540 9125 7944 192
11355 1030 10062 1136 937 940 946 1352 5690 5163 828 1393 1715 1647 1552 1497 1035 9210 6491 832 613 4283 1743 6737 965 4626 793 1285 968 755 1655 1167 1143 6699 4594 1259 762 164 836 1079 1414 1246 1415 1686 1656 1564 4602 1634 1115 1116 9170 1636
11356 1248 1274 1124 852 822 1392 348 1303 1351 1451 209 942 1053 1551 562 1195 1652 1238 1382 1136 6737 2907 1138 1194 1074 810 1488 164 1312 1286 1009 8724
11357 9652 1136 940 1553 1552 1622 1242 4269 1108 1212 8370
11358 1278 1136 1738 1394 1552 6751 4780 2548 964 1390 1500 5030 1059
11359 1695 1542 1124 1157 1304 4477 395 1060 1568 5028 1306 6237 1135 1427 1136 1380 932 945 1366 1659 855 601 1354 1679 8022 942 4580 2547 11358 8575 2491 756 502 4069 1173 1361 6086 1631 813 2851 818 1437 4601 983 1247 1202
11360 1548 803 692 338 1132 1426 1484 1136 1622 1371 1214 1164 221 4594 816 1085 819
11361 185 1523 1050 1676 1427 1136 1621 1053 1285 1026 1748 656 1463
11362 3851 1274 1158 1718 1060 1389 1030 6498 994 941 1279 1136 5880 1429 1338 807 849 1208 1002 5881 1728 7767 4580 963 1119 1120 4600 1288 1437 1317 3872 275
11363 2858 1136 1000 1195 1457 6319 1488 9264 3184 5018
11364 1180 5848 2647 1676 1425 2856 994 1134 1136 1232 1000 10086 1028 1330 1234 1462 9730 1847 1184 1364 1438 1463 5861 1712 2935 1564 5843 3872
11365 1095 1866 3798 1124 1136 4642 5862 2932 1383 1330 1526 1036 1431 6751 1210 6737 1108 6702 1245 218 221 1683 3 2934 1372 1234 1400
11366 2063 9129 1136 1321 562 755 1562 1077
11367 1028 1545 1061 1424 4644 6558 209 409 1136 5796 1455 2907 912 1393 1550 3911 1457 5869 3406 1008 1010 1184 1437 819
11368 1496 333 1425 8656 209 1136 4639 1241 1003 5392 5855 1682 1285 1245 2727 1164 1849 4600 1434 1748 1630 5944 817 1221 1364 1416 1713 1317 5886 1333 9395 6633 4588
11369 3467 3735 1421 2651 11736 1427 1136 948 6758 2666 1680 212 1245 1396 4574 6022 1085 1438 1316 5886 4543
11370 1270 1117 4656 1280 1279 1136 848 1572 1553 2666 1382 480 1616 1627 3318 1285 79 3 1082 1684 5840 1024 1747 815 975 2728 1436 1364 1317 1224 2555 1202 4664 2936
11371 587 732 489 10537 7571 7993 3754 453
11372 10537 10451 8174 697 545 7385 9615
11373 10537 10687 17 6917 5941
11374 6881 3220 799 40 5602 9712 663
11375 590 3220 3166 3819 2877
11376 5731 9678 1448 6398 3220
11377 11380 8503 2451 2453 6820 2584 497
11378 2584 10311 1547 5802 1481 692 1132 6694 2906 11122 5649 24 2726 2549 2175 755 1017 1161 1020 250 8863 1374 1164 1221 978 1810 762 168 1113 1174
11379 2584 4137 2834 23 1238 1621 713 11412 9833 11299 755 11737 11738 8701
11380 3334 7268 2445 11080 4007 10595
11381 4755 257 4088 3630 6587 1307 8846 3288 7629 6655
11382 4755 1576 2531 912 1548 8575 793 1160 1311 3406 1330 6571 1078 1218 1323 1299 1080 3035 1711 2061 819 1592 1224 1439 1300
11383 11041 4958 1062 497 10031 4323
11384 4958 2679 6846 3382 11564 7879 6920 3623 257 812
11385 6656 3460 26 4958 6040 1453 95 5741
11386 7981 7995 6722 11526 4958 2513 5054 1376 5864 665 10899 235 6471 2369
11387 56 48 4958 3945 1448
11388 34 4958 8560 3755 458 309
11389 5481 5145 3686 2796 662 2291 5505 4958 467 7389
11390 10858 2931 8254 4958 5934
11391 80 4958 603 8194 8675
11392 9766 541 4134 4958 2834
11393 865 3205 111 3204 10540 4958 7298 7170
11394 4110 257 11612 11362 792 485 6790 10860 4958 2853 6380
11395 2003 9384 7974 11413 2501
11396 6528 32 6966 322 1997 298
11397 8543 10902 7008 4943 9758 1344 5766 2267 7393 1114 1768 6528 2467
11398 372 373 374 4841 9259 1837 257 462 4739 812 9217 805 7499 837 6646 850 9281 4694 298 4681 4683 633 2825 1633 1221 5664 4685 842 4522 834 4499 5623 437 10116 4719 4720 6518 9398 7611 6528
11399 5802 3948 9826 6065 5271 7124 10611
11400 10297 6065 10959 1370 8200 6704
11401 6065 10092 3582 2867 4956
11402 6065 4414 3228 307 9515 7064 3951
11403 6588 3198 9976 7353 5857 4050
11404 9247 4260 6588 9668 27 6285 7386
11405 6588 3690 11173 9967 7493 11010 7408
11406 8831 8019 1700 9866 7415 3547
11407 690 26 4696 9367 9167
11408 9367 10407 4903 7358 7397 4709
11409 4999 9367 601 9798 992 1000
11410 7016 8823 4483 8828 11527 2571 8122 5017 51 7633 11739 8048 11727 9700
11411 5802 9278 10450 10176 9700 544
11412 6136 2613 8704 9903 10578
11413 6136 6403 4341 3973 128 5508 3020
11414 4805 111 1429 6136 646
11415 4214 5845 6734 7601 3721
11416 4214 2923 3141 6380 8938 452
11417 4081 3730 3605 751 10322 4035
11418 478 7062 5965 3730 9537 2303 7351 9196 9603
11419 4945 9576 4473 7466 4471 3730 11278 4472 2801 4469 1706 4468 4467
11420 9345 3730 8846 5726 10594
11421 3660 875 6971 3198 5242 3945 10643 7479 659 5506
11422 642 8502 3660 2590 999 8447 10447
11423 934 9495 8333 10238 2821
11424 934 8195 6926 5144 1902 10063
11425 9079 9402 8292 9403 4491 3179 6907
11426 3179 6226 9890 6040 6467 3260
11427 7444 6495 204 6248 5882
11428 993 7444 7064 2669 3309
11429 2652 5460 2106 262 854 3001 7444 8640 3731 9840 1591 6572 6482 1574
11430 1066 7207 7444 625 11655 8845
11431 175 6496 7444 10467 1182 2231 5864
11432 7444 1354 257 5809 34 5711
11433 680 3520 7444 3315 234 10766 3840 34 4982 3927 9219 4243 6185 9926 3625 5943
11434 4940 4298 491 5505 4786
11435 26 3791 5514 3083 10994 5986
11436 4059 3791 3513 2288 5042
11437 11568 3791 7906 3991 10428
11438 3791 3056 8858 237 5044
11439 3791 3596 10733 1719 6601 4023
11440 2100 4408 6861 9476 10624 8868 9002 8869 6367 300
11441 10628 2100 9649 4160 4033 2496
11442 11729 11448 3166 9457 7189 1761 4991 27 474 7348
11443 6308 888 9624 4949 309 3710 3166
11444 3166 3813 1474 5951 5394
11445 5186 446 7524 3166 2265 8838 11497 9690 2841 3679 3528 3033 4845
11446 7005 2379 3001 3166 5412 5943
11447 22 3166 10628 3643 7918 350 511 6555 6531 7386 3948
11448 2325 3166 7866 9496 3030
11449 3166 7207 7380 3770 6496 755 3866
11450 9495 4407 5 740 3166
11451 3166 7335 5802 5261 5737
11452 3957 5788 3166 7555 3912 3858 5978
11453 3166 624 3371 5080 7476 3044 4863 4514 8418 8721 5795 414 838 9950
11454 7589 3166 10600 4819 386 7568 1965 2782 11435 9576 7948 9389 4310 11615
11455 4303 3166 9788 7027 2457 2512
11456 6325 217 3166 93 2511
11457 3166 8253 3968 9545 2818 2817
11458 10171 5261 603 3166 554
11459 6300 596 3166 185 722 4942 11328
11460 3166 9132 2265 866 2871
11461 3166 601 215 214 8918
11462 185 5493 3166 458 5080 338 3858 497 1519 2811 613 969
11463 3166 104 9779 3587 2172
11464 8376 460 601 3398 4293 11162 3166
11465 4414 3765 9549 3166 40
11466 10121 6099 496 5767 3175
11467 7788 10121 5145 599 4711
11468 6523 6817 8173 1271 3916 9328 1620
11469 6743 11481 6817 4882 11740
11470 111 8570 6817 5489 6279
11471 363 6817 5145 468 921 2247
11472 10051 6817 10409 8333 4475
11473 10096 11569 8599 389 8112
11474 10096 10863 8195 1090 11479 11482 793
11475 286 10556 3501 3896 7667 10257 11083
11476 9572 10328 286 3896 7490 4060 6116
11477 10384 10801 906 3779 160
11478 10384 6606 11443 3175 976 7851
11479 9132 685 11447 9136 554
11480 659 7449 9132 10131 2390 5274
11481 2502 530 10879 11634 9132
11482 9132 2390 3152 450 4474 792 76 4863
11483 9132 8160 797 8622 496
11484 6244 255 6657 9132 527 6791
11485 10377 902 2388 3859 6572
11486 9361 10377 7709 30 2457 10965 1741 10710 2233
11487 6385 10377 2716 8 11054 5890 6396
11488 3410 10377 4088 5350 1885
11489 2004 6144 10377 6336 5135 3385 6371
11490 4170 10402 11474 10377 5222 10057 1009 3407
11491 10377 10774 6701 1199 2820
11492 4690 9458 549 10362 51 1283
11493 549 485 541 8548 2442 1123 5447 8700 4407 11336
11494 4145 80 549 9330 5574 8201 5191
11495 363 3193 549 482 5632 684
11496 3644 549 9588 10431 2653 10951
11497 5964 1702 381 2198 2003 6375 7554 6936 3964
11498 8869 7786 6336 3094 6541 361 1769 3894 9683
11499 179 485 685 7379 1271 2398 8184 7687
11500 485 26 865 48 892
11501 485 80 5109 470 9925
11502 485 8288 4033 8594 11620 2004
11503 485 7319 11489 2972 10589
11504 485 419 4919 1518 308 11394
11505 485 1016 811 6997 2061
11506 8779 6963 22 485 536
11507 1451 485 4045 1137 3039
11508 1895 7069 3739 485 9649 5256 5871 2247
11509 193 2326 485 1516 1050 6743 626 209 999 1352 1443 1647 1648 1033 1296
11510 485 3371 8 5113 5493 1518 1620
11511 485 5089 601 4385 3348
11512 485 3008 2792 11627 6814 2352 2411 5609 460 265
11513 485 1530 369 3201 7370
11514 485 11429 8693 7371 1225
11515 485 7057 759 8428 7404
11516 485 8647 4210 4950 2303
11517 4515 7542 27 3218 485
11518 485 7915 427 4431 4349
11519 5103 4127 485 7919 8483 467
11520 11416 11417 710 698 6389 4297 485 1909 603
11521 3862 485 7846 6102 9985 9999 8989
11522 485 48 897 4303 440 732 101 1271 662 1123
11523 81 497 397 3375 485
11524 485 1530 5434 4166 3143 2853
11525 11416 485 4249 48 4353 8972
11526 48 3582 485 2379 111 876 4081 1872 4407 4293 11171
11527 4205 478 5103 485 7997 3724 4528
11528 7161 6162 7165 2183 11741 4630 11742 10828 11743 10839 9910 393 11744 11745
11529 8288 10659 11418 393 3614
11530 48 2613 393 763 6579 712 10315 8384 11502 11496 10292 5496 9793
11531 574 393 2265 7973 9114 797 3567 5257
11532 9503 393 651 618 8444 5120 10268 8614 4432 1574 7672 10593 7210
11533 393 1525 4709 309 3175 4397 44 8603 261 6777
11534 40 2564 9372 687 85 27
11535 4146 85 7903 73 5146
11536 10869 10193 85 6530 5131 8444
11537 396 9093 9414 9412 9966
11538 1702 2877 4304 9966 4182 11720 10333 1436
11539 11603 1477 8173 1675 395 5726 5302
11540 3755 10681 7703 651 1719 8606 10889 11660
11541 5280 88 11481 7703 7057 5143
11542 2193 2689 3902 1358 833 834 1512 1438
11543 11235 5604 2405 568 11289 7258 11576
11544 5596 6801 1973 995 2161 2192 2202
11545 4653 3479 3438 9012 11746 4646 1633 3556 3282 4694
11546 5456 6371 1969 9444 3002 3479 5586 11129 1856 1858 6510
11547 3479 4392 2595 6348 3330
11548 3933 5291 7668 11216 9576 2495 3147 7992 7134 8027 8738 9694 1655 2207 4532
11549 10358 10359 11063 11143 2495
11550 5529 2495 4996 9196 9022 8347 10578 7041
11551 2495 5479 8352 11439 10056
11552 7853 2209 9459 7882 6142 10151 11423 4466
11553 795 9968 2209 11095 8931 7853 8262 11271 9441 8969 9846 780 5198 10729
11554 6142 7853 10372 4823 306
11555 2461 10181 9211 7853 7517 7802 7320 8009 275
11556 7853 9459 11319 7855 2235
11557 10902 5136 5690 48 10880 3035 8917
11558 3573 2589 95 8357 1180 206
11559 6228 3695 1688 3573 3920 4470 8871 769 9484
11560 3573 5666 3175 6423 3845 3844 4847
11561 5340 4059 3391 5286 5436 10365
11562 5340 4237 3581 9799 5593 10387
11563 5199 3175 5340 2332 4230
11564 10612 10586 752 11135 10355 3140 2361 11452 211 5340 4366 4526 6534 10588 4276 6463 1317 11747
11565 8277 6131 4307 9862 8694 2543 3231
11566 4237 1066 4306 6131 11230 9300
11567 10624 9747 7810 944 5233 6131
11568 6131 9960 9546 9941 8590 7820
11569 6131 120 9981 9977 7512
11570 2238 3342 3226 2769 1849 3018 9379 11526 3662 552 3353 8767 2243 2772 3789 10053 2342
11571 3222 4439 2334 186 10954 189 3675 478 4469 4462 6768 9596 2512 1235
11572 4697 6843 901 4083 9791
11573 2084 4697 2088 10891 2073 7793
11574 4697 2089 6914 9741 1182 774 9934 9722 4254
11575 1092 5587 4697 10105 2075 2073 10721
11576 5289 4017 4284 4044 9929 7150 9126
11577 4017 6724 4823 4458 6728 4826
11578 4017 3122 4021 448 3042
11579 2087 3798 9883 4017 3315 2369
11580 2430 1128 7031 3261 3400
11581 9648 482 1480 7091 8998 7383 3261
11582 4020 3261 1330 2679 9653
11583 8254 5073 2841 3352 8144 3009
11584 3913 3352 8235 51 7018
11585 3352 6904 4862 9168 969
11586 3352 4954 4291 4792 5424
11587 255 464 3352 5784 2398 11040
11588 3352 1865 2953 4335 6517 8862
11589 3352 6551 9948 9289 9094 11380 8277 3336 470 9862 11556
11590 3352 1091 5074 8746 4279
11591 506 4332 6336 93 414
11592 7356 10097 8075 2650 1326 465 775
11593 10181 2972 1961 10556 3022
11594 10556 2395 2764 2610 1363
11595 7929 2428 2339 1740 491 8886 51
11596 2623 862 6117 9516 9652 900 59 6627 5360 6458
11597 6250 8126 861 1909 2623 4036
11598 2623 8927 2647 1014 1306 1452 5460 1553 4269 1654 1061 2552 7094 1146
11599 2623 900 2230 8235 2788 2460 10115
11600 2623 6865 5268 8512 1502
11601 2623 1909 5299 10167 11647
11602 2623 4523 6989 206 4573 918 4888 1550 6694 1458 1120 1459 1109 1172
11603 2623 943 7729 8414 497 3283 1933
11604 48 5068 6767 5360 10295 1602 2656 9136
11605 5280 3204 5360 3905 943 969 9571 5240 5431 1688 1580 3942
11606 334 7430 8365 6235 11113 5496 9313
11607 9417 632 9436 334 2309
11608 2499 334 3315 5895 7608
11609 7752 5422 10598 334 6144 7770 6156 9492
11610 9392 183 334 4515 9233 2576 2679 584 4511 7407 7907 6383 4318 1709
11611 334 477 4086 7739 7585
11612 10200 9327 4925 334 3651 7677
11613 9852 9823 334 10576 9174 3153
11614 334 3892 6212 552 6425
11615 3770 6881 8014 334 5113 7177 1511
11616 334 4025 3501 5545 10976
11617 9193 4246 334 5707 11528
11618 334 3540 3049 3976 2383 2948
11619 334 5238 1757 2823 842
11620 334 8932 7766 11499 2372 2303 10853
11621 3056 10858 3676 337 871 497 11162
11622 3056 10858 3522 2008 8843
11623 3056 2172 8126 3430 5771 8973
11624 6157 5908 6067 6419 9122
11625 477 10184 5908 1840 381
11626 5908 9840 259 2789 3816 4893 10969 9937 4740 6116
11627 7105 5908 1220 9811 525 817 980 5298
11628 837 6646 5908 179 1699
11629 1425 5908 2350 11166 10809 3442 3514 1965 3124
11630 10720 6367 465 5908 287 4301
11631 3602 11593 361 3052 3184 6650
11632 34 11102 3602 2286 234
11633 3602 3673 2562 572 2369 2855
11634 4835 3602 11658 9698 4340 4184 7877 3670 6860 9392 7676 10696 8742
11635 3761 3602 2715 5873 3671 4743 9444 10459 6084 854 2228 552 11083
11636 335 11264 11372 3602 7105 1048
11637 7425 6403 44 10755 8624 9699
11638 6403 9545 1625 8968 3183 3184 3606 9967 11748 6072 7299
11639 10806 4341 2562 5961 4907
11640 11406 7764 4347 11449 4925
11641 10237 2663 2150 4731 5824
11642 3687 2663 1943 3022 4717 5623
11643 2663 3391 4870 8449 11270
11644 9688 1523 2663 1570 1613 2549 2726 1746 314
11645 3628 2663 1048 8914 3091 3093 5470 9016 7071
11646 2663 8989 6568 3944 11261
11647 1118 2053 2663 10976 263 323 296 297 4761 9937
11648 2468 5882 2663 657 1285 10401
11649 6252 427 8283 3596 2863 8614
11650 27 452 1588 465 400 1702 8972 317 3596 539 3373
11651 9317 5143 3596 7430 7353
11652 6327 10257 9653 3596 8593 2443
11653 34 3596 8728 8704 1909 1271 4020
11654 8133 685 11030 4862 5263 7502 4981 8572 6740 7192 3596
11655 3596 5873 9942 1065 7488 7889 1474
11656 3596 7423 4816 10661 2527
11657 3596 34 3805 3922 3758 4044
11658 3596 628 4919 8273 6406
11659 3596 8717 41 5163 258 4812 812
11660 3978 5888 6361 2798 4253 965 3596
11661 3596 4547 8131 69 8132 9942 72 9088 71 5622 11203 684 5143 4890
11662 3596 2442 1578 2527 2004 3122 3932 10912 5312 944 8218
11663 7350 5982 440 8233 8378 3596 1053 4429
11664 3596 7013 3922 641 5504
11665 5734 3596 509 2275 10256
11666 9337 5501 1979 381 10443 9562 7700
11667 11570 7813 9767 9082 8841 11749 11013 150 6571 11411 7408 8201 11632
11668 9287 5300 10331 11013 10643 10696
11669 5263 10231 6495 2769 9953 11060 11013
11670 9557 943 3919 11122 11013 7547 7960
11671 2742 10005 2621 1274 10004 467 2625 3770 9044 3241 7854 7894
11672 7854 7855 2209 9846 9459 8262
11673 10926 8659 10934 11319 7854
11674 9850 34 2432 9784 9535 3528 4184
11675 9784 5196 11592 11619 10309
11676 9784 6730 3458 9730 5263 8138 7894
11677 6781 508 5079 3623 7389
11678 6781 4750 680 8627 10137
11679 3901 5280 915 9685 2363 3124
11680 2363 7664 10585 10104 9695
11681 2363 10581 4405 8216 10586
11682 2385 831 2449 1420 5225
11683 6203 2247 1363 11257 2444 10532
11684 6203 7768 10425 11109 942 3547 2871 9523 4266 2046 6464 10012 3398
11685 6203 6903 9276 11401 9446 11056 3184
11686 11484 3315 6203 6142 7503
11687 6203 7560 2822 5726 9965
11688 6203 9206 9752 7310 2056 1734 10235
11689 6203 3158 9142 4156 632 7888 4161 8442 3272
11690 6749 34 4507 992 8235 1589 3138 361 6203 6540 7701
11691 2460 4865 6203 2206 3709 1092 3725
11692 1964 6857 5594 6841 322
11693 10453 7317 10475 4408 365 8288 826
11694 10283 119 6037 9189 7317 70
11695 7317 3690 8840 5413 11216 3198 2373
11696 7317 10243 400 1082 10629
11697 7317 5147 2565 5928 723 6885
11698 7317 44 3175 8744 366 3774 637 7017 5904
11699 10705 8027 10167 7317 866
11700 7317 3506 7540 3035 414
11701 7317 4248 11616 10333 2865 587 196 9964 4081 4307
11702 9191 2243 10184 4141 10900 4575
11703 9191 5212 9665 10744 10989 5895
11704 3491 10723 7197 394 1113
11705 2569 6842 87 5833 9604 4600
11706 997 1232 53 491 6855
11707 53 83 3699 3684 11375
11708 8504 10376 36 9216 53 8402 3083 4139 1770 1152
11709 8786 7975 7387 9528 2025 3984
11710 3478 8786 3041 5643 9643
11711 9695 6354 487 8499 812 91
11712 340 7529 1576 3681 2938 3371 346 2063 10449 3207 22 3528 11276
11713 462 7785 7604 9990 10933 7529 6509
11714 7529 423 2513 189 450 7557 2742
11715 7852 11008 7973 7535 7529
11716 6856 3956 2948 257 8845 1577
11717 5517 9722 8979 7878 4355
11718 3193 2608 7357 777 793 7318
11719 6090 1347 4723 3193 8201 410 3241 11550 11069 866 5823 1726 8237 11206 5537 1533 4219 2513 6488
11720 3193 10473 4216 7352 745 7351 9196
11721 3193 10643 7061 5040 1078
11722 3193 3301 8199 10562 8619 3981
11723 3193 242 8936 8938 10570
11724 10212 794 3193 9495 5109 10643
11725 5136 2257 11488 1118 3027
11726 7512 11463 8583 4551 2257 4238
11727 11046 3391 257 4088 2406 56 5753 1909 7389
11728 56 4835 6910 369 4431
11729 56 3371 892 3811 364 1909 1410 7789
11730 10318 3377 5356 3893 5192 5519
11731 10607 5192 9257 2565 520 999 9377 6822 8890 129 6212
11732 104 1489 9227 453 10905 535
11733 104 26 3201 6180 23
11734 104 865 7186 454 423
11735 104 3799 5165 3241 2347
11736 104 3686 4143 10922 5054 3593 4703 9108 522 2379 4815 30
11737 3111 5970 740 10055 7283
11738 740 927 6472 5351 8004 9721 5433 10516
11739 5126 9589 740 4166 2764
11740 740 364 7725 6040 8544 34
11741 4745 740 4324 5623 6378 3539 1591
11742 740 2222 115 369 5215 9122 9495 4681 8544 5623
11743 3018 6947 3031 740 1250 10004 382
11744 740 2398 10226 7490 5882 8741
11745 1599 2922 4550 27 5478 4998 2267
11746 2267 8864 5845 3862 3153 2877
11747 8838 2334 378 795 2267 34 4329
11748 2267 8544 11225 4547 10629
11749 4033 193 4070 5874 718 1158 7381 5964 10254 6922 1570 920 10790 1519 4816 1283 5875 1354 2267 6396 1648 11119 1729 5054 11310 1680 1020 159 1363 2410 9327 1290 4267 4403 1402 814 9226 1592 985 1291 2555 1228 1467 1417
11750 5052 2267 1315 11256 10047
11751 10206 7468 8743 2267 10095 6000
11752 10347 7535 5507 811 5746 2267
11753 6395 563 4228 4139 2267 5256 2690 7673 3296
11754 2267 381 3858 46 7171
11755 1600 2267 7803 7570 6480 1550 11560
11756 756 2736 5923 2267 7238 9341 10629
11757 11087 2267 34 9724 8683
11758 2267 8606 10889 8604 8605 6631
11759 11285 11178 3667 6225 256 6578 4280 2267 359
11760 2267 3709 5239 6724 9706 10348 2048
11761 5750 6995 2267 5219 6980
11762 3792 6896 1624 11446 10911 2228
11763 26 4002 3792 364 1909 4142 3965 4333 5747
11764 6993 6475 3792 336 799 9474 8418
11765 5870 797 3792 2063 4646
11766 3792 26 3119 687 10255 7188 1648
11767 3792 7350 6180 3156 10178 5 454
11768 26 2291 7361 4517 5262 4997
11769 9544 7498 4348 1342 5490 416
11770 524 1342 4540 4095 641 601 8322 11254
11771 5953 2565 9100 10524 2369
11772 5953 1445 2403 4693 6792
11773 1480 7690 5953 5931 5992 279 1413
11774 5953 7120 11328 5086 9189 9885
11775 4143 5 9318 9925 7237 3373 5953
11776 3515 3608 1682 2940 2938 8380 4220 4221
11777 93 5291 10340 3515 3670 1044 943 8431 11218
11778 2809 8400 234 4389 6646
11779 1354 257 6458 8400 4522 9970 4737 374 812
11780 3250 8400 8259 2233 4718
11781 8400 9373 5480 11597 792 5073 1744
11782 2353 9463 6896 2290 10326 4522 5252
11783 2290 11151 9030 4711 10276 8770
11784 3117 2290 8969 3931 8965 4492
11785 2265 8515 651 11603 519 6903 4912 9134 9521 2142 7440 756 3558 2230
11786 2320 95 2265 8643 791
11787 236 2248 624 2941 7362 9008 9992
11788 3204 624 5957 465 5268
11789 624 308 1909 3044 10583 414
11790 4331 624 48 3149 8888
11791 624 4964 7362 10242 8333 5054
11792 8514 624 3195 5443 687 497 726 414
11793 686 6442 4217 11750 490 4387 10626 5892 3150 1408 1579 3371 9778 624 10290 6925
11794 657 7360 9712 8225 624
11795 624 255 3371 7916 732 1408 1550 10868 9043 8489 8277 2543 1160 2174
11796 624 7439 3148 9684 8646
11797 793 9664 124 624 2247 6544 854
11798 624 40 1777 3862 6746
11799 624 2834 717 10965 5949
11800 624 1093 448 2834 7123 6349 728 6518
11801 624 2941 10591 5191 9861
11802 11381 624 11431 5190 1107
11803 11627 624 3213 468 1801
11804 1285 624 8667 4311 3318
11805 3044 624 9671 3992 3679
11806 624 9866 5117 1160 9196
11807 3578 3083 466 36 6308 732 9772 400 6843 624 3857
11808 624 2256 4696 369 2832
11809 3690 8124 6704 624 1033
11810 624 308 1576 22 3968
11811 624 40 9381 3542 4703 7063 4431 5485 9747 8599 1160
11812 6745 6838 624 4057 10292 3968
11813 624 3083 36 732 6704
11814 3371 624 480 3202 117 3211
11815 4993 11067 3368 5517 624 2573
11816 4002 9675 5890 9857 4262
11817 1600 4340 2351 11657 17 751
11818 1098 4340 11728 2545 10797 9217
11819 4340 4088 4527 8346 47
11820 59 399 753 4703 5924
11821 1573 7001 59 793 9494 4847
11822 59 4169 3438 7419 562 4925
11823 59 3758 3452 5249 8382 7479
11824 11565 59 10531 4128 2684 3451
11825 59 7898 5807 2732 7615
11826 10561 11554 2822 3147 5614 7140 3398 5479 385 10626
11827 2822 402 10097 3198 3952
11828 5071 4904 5892 6407 519 2172
11829 10764 3655 108 3548 459
11830 3655 307 7021 198 1265
11831 3655 8843 3528 3539 5380
11832 541 3655 7666 3681 10395 526 1257 509 8737 1609 5904 6829 3821 11113 2576
11833 524 2245 1121 3655 3679 8841
11834 4257 2439 4727 196 4246 4864
11835 4332 274 10371 2770 9407 6085
11836 10371 6133 497 876 506 8223 2868 310
11837 1511 10371 5479 8380 4220 4438
11838 9818 7848 9483 6745 3568 4215
11839 3038 3568 6602 4081 2457 7014
11840 9315 693 1203 3568 6142 3588 4331 5737 3684
11841 3568 26 4223 9457 4431
11842 3522 10177 3568 7605 10843 1589 11019 2580
11843 196 1602 2012 5403 4232 9389 3568 7954 4497 835
11844 2829 51 3400 9622 2413
11845 3310 3802 8260 1909 9622
11846 9622 5604 5609 5586 4131 4925
11847 5076 3371 6546 4342 10071 6910
11848 8512 4943 3084 9891 164 5076 2832 307 4342
11849 821 1378 2057 1725 4154 1306 1324 2367 1032 1470 1442 5649 1076 1258 5840 2462 1364
11850 2715 4607 2562 941 1424 2199 921 806 1001 1103 1354 5649 1431 7001 1245 810 1631 1010 1121 1364 6759
11851 5457 1494 4074 4573 2562 553 1380 1501 1443 5875 562 5649 157 4579 4604 5883 964 3897 382 1039 811 1258 1225
11852 939 1065 1645 5649 227 3921 229 1085 2936
11853 1268 2647 1695 1392 201 1051 1064 9862 1501 999 2543 1003 849 5742 562 958 1072 4608 5649 1037 1038 1157 10470 1586 1160 755 1076 250 1460 76 813 1361 1332 2982 1749 2061
11854 356 4620 2459 6753 1051 4645 1379 5460 1016 6751 5392 5649 2800 1354 1054 9589 5888 5556 4600 813 3828 818 4911 989
11855 1448 1725 4888 1324 5649 6737
11856 6704 911 4621 4638 918 553 920 1132 1570 348 2662 1238 1380 939 940 1353 1282 1550 5262 1742 950 1283 958 1328 946 961 155 5649 7363 4579 963 1212 1107 1159 1629 968 756 1076 415 4600 969 4008 421 160 841 1169 1152 838 974 165 1562 1561 1170 1161 1011 1259 1246 1415 1686 265 1605 51 1202 232
11857 395 4074 2562 1030 1014 7553 920 848 937 1429 127 720 6758 1195 6757 1002 2666 5649 1036 5869 1107 1329 811 227 1390 8724 229 656 1323 226 1810 1292 1145 991
11858 1301 1352 6385 1181 5649 1730 968 414 323 1039 1562 5885 1200 1437
11859 4607 5460 7115 850 1194 1193 3849 5649 8660 11625 5885 1286 5840 3868 1114 5830 5018
11860 1455 850 1741 5649 3827 5276 1417
11861 9583 892 3202 7275 3724 8560 4815 9485 2101 470 28
11862 5957 2215 5746 6038 1186 2569 5570 9061 9374 8560 7080 3755 3184 11516 5080 458 9145 5954 2573 11181 2384 2572 4815 9886 5077 423 8402 4295 2379 7152 3021 5143 10432 4901
11863 3195 6790 8560 307 3756 3214 3216 4209 8471 1173 5777 5682 11640 5683 5692
11864 8560 6393 2877 9815 8105
11865 8560 2379 3755 3393 4210 10166 2281
11866 8560 526 10073 866 4180
11867 8560 2379 454 4313 5976 2853 1095 6380
11868 8560 2379 8559 8133 512 1895 2982
11869 5131 5707 8560 1510 5070 4815 10905
11870 3755 4815 5697 5976 2843 2842 2379
11871 603 309 460 2379 8559
11872 2379 601 8019 4792 10662
11873 2379 7852 5447 5930 7476 8222 5274
11874 888 871 2379 2256 460 3968 11530 6398
11875 9261 5484 8201 1070 2379 5746
11876 7296 4885 6577 4172 8084 2379
11877 2379 4407 1067 1519 7038
11878 9769 2379 3755 4815 7522
11879 1705 8984 100 3213 5052 4618 2379 7916 458 7569 713 1580 64 9333 7657 1806 8187 1689 4311 1340 6285 10136 11219 1567 1822 1921 4180 11055 8273
11880 3755 7062 7638 2441 1062 1677
11881 6251 3755 189 4821 11009
11882 3755 11331 7856 1913 5274 1661 775
11883 3755 5954 866 7361 396 5767
11884 3755 196 255 793 40 5145 866 3567 4431
11885 4388 3755 5954 5976 9771
11886 3755 9134 50 10006 6571 8152 3278 3281 1740
11887 3713 3670 10996 3300 3755
11888 5954 458 8559 3755 1602 6556
11889 453 7920 5006 3755 892 702
11890 4540 3642 1908 8114 8937
11891 5014 10825 10830 5012 5015 5013 10336 4554 4540 3513 4476 10823
11892 10395 3140 4765 381 1173 5938
11893 4765 10097 9572 2653 7644
11894 9403 7380 9551 4343 9398 793
11895 373 1255 6981 10513 9737 4076
11896 10513 7389 5962 10605 3803 8969 2489 9423 9426 9435
11897 806 495 646 87 5197 4135 969 11025 5937 9694 7208 1743 11289 502 10337
11898 87 1404 1707 1044 419 296 361 2504
11899 87 11006 89 2172 7790
11900 87 7403 4236 3238 1544 1728 2817 10139
11901 87 80 8849 3038 11150 9329 7201 224
11902 5690 87 5643 89 6072
11903 87 89 680 7386 11645
11904 4303 4466 87 7581 10690 2172 4291
11905 5299 8277 6387 87 1187 1186 9750
11906 2922 352 11219 87 1599
11907 3709 2716 9101 3725 7078 5275 87 2171 2172 520 8 5749
11908 87 1620 1574 9005 829
11909 89 8092 2278 2171 11748 87 4226 6214 5223
11910 10998 8650 6072 11689 10124 87 89
11911 87 2928 7764 6913 1488
11912 87 7946 10245 11336 9742 6474
11913 11073 87 8986 1709 3183
11914 8195 2171 1965 7940 1646 4235 87 10214 10343 1118 10388 10643 1589
11915 5731 9588 8653 87 8209
11916 8704 685 470 11564 6632 4293
11917 11564 1816 3069 5576 3050
11918 7576 1909 11564 51 1061
11919 1154 918 832 5741 480 1037 1432 1038 75 966 1119 79 5651 2730 4911 1416
11920 1028 1268 1376 1542 1351 409 1570 912 2199 1650 1612 2202 2933 1106 1006 1359 6654 1162 1166 5651 4590 1703 819
11921 1099 1501 9609 6547 414 793 967 1160 3406 4254 1044 1312 7979 222 5651 1560 1711 1168 1748 229 777 9776 7439 5117 1713 988
11922 3218 755 4516 228 11324
11923 30 1762 6750 3194 1755 4516 10939 524 4579
11924 4516 5144 7361 113 1909
11925 4516 402 450 9891 792 11324
11926 3677 1027 4731 11199 9341 3062
11927 2247 5570 128 7819 1511
11928 7819 4621 10050 8656 11195 5990 2031 5645 7442 8660 7702 951 2202 1210 1108 5885 5824 1085 984 1941 1922 1923 1264
11929 7819 7679 3080 2793 8627
11930 10081 628 4280 2457 3829 4866 4865 6261 5693 11639
11931 2733 5669 8851 5673 2188 2190 4122 10081 2797 2789 2373 5629 2805 9931 2054 5822
11932 5629 4892 4442 9731 10029 11090 10081 304
11933 10708 2691 2595 6825 8639 10081 5710 2804 4568 3330 6350 4740 2870 151 11401 2411 2877
11934 2631 2718 10694 3689 7916 67 9035
11935 6492 11259 11285 350 4934
11936 10510 9491 1980 9279 9620
11937 10510 125 5828 3979 5757
11938 5079 7855 3463 6482 6159 7320
11939 5079 11268 4547 10531 7550 9545 261 8333 953 9811 2442 8455 1195 128
11940 8728 4745 9368 4638 707
11941 8728 8955 6608 9050 5704
11942 10582 454 3811 9355 461
11943 454 80 4699 7666 8
11944 4544 3567 11611 454 798 1182 969 11413 466 243 7150
11945 454 3766 9788 11114 7321 1053 828 8295
11946 5957 8533 3372 3444 2719
11947 238 10144 337 1909 5957
11948 453 4342 5957 10092 7409 9402 9425
11949 8299 2653 10863 958 2855 1413 10809
11950 4649 10053 2137 3513 1246
11951 8113 8102 5534 2540 11281 3835 10899 2408 7190 8122 5196
11952 3016 5766 1081 482 8743 5621
11953 519 7489 5189 7653 7588 1273 9164 491 8946 283 11190 6352 2549 5418 1723
11954 141 7489 7180 5462 5802
11955 5355 2577 4166 9389 10970 3159 4602 11645 4453 6898
11956 2003 2960 749 9524 7059
11957 10961 2960 423 2605 3122 11078
11958 10737 482 4301 3956 8739
11959 11751 10458 482 563 10403
11960 506 1602 3356 6956 3535 6535 4966 3270 8245 7401
11961 530 9147 4819 6535 8880
11962 11288 4503 6535 5234 211
11963 6684 8366 2395 3859 6535 8330
11964 4534 8678 6535 5771 4166 10759 3157
11965 11046 4739 10152 7194 10759 7757 8855 11190 8607 3686
11966 8918 1730 3686 11472 2285 9108
11967 3152 2565 9359 3686 1589
11968 3686 3093 2657 5922 8348
11969 3686 1679 34 38 11207 3091
11970 5202 3686 1066 968 1909
11971 3968 3686 5215 5380 11270 5770
11972 4949 30 2390 6966 8502 7118 1606 11752 4415 3686 3020 3084 799
11973 4934 6308 3882 4696 8205 858
11974 3882 8622 6147 684 9131
11975 2853 3882 8591 3926 381 8278
11976 651 6533 8374 4533 535 7078
11977 4903 1979 608 7980 10321 2513 4696 7466 4844 8223 1591 6471 2416 2649 9555 51 656 601 772 651
11978 8199 2689 7427 4862 3816
11979 1203 2689 1602 1511 3666 3665
11980 2689 892 423 657 8205
11981 2689 6910 4835 5870 5409
11982 8528 4811 5276 262 5412 5434
11983 8303 8641 8528 3392 2287 6954
11984 3411 1313 1260 812 838
11985 1786 3411 2114 1986 2042 3146
11986 4596 2672 575 1585 6285 4514 400 5757
11987 9167 1540 5834 9006 6211 7543 2331 2590 3776 4248
11988 4282 600 4750 2833 2441 7640 2524
11989 3123 5411 7418 2789 2803 7640 893 9013 5276 3001
11990 525 6787 7640 6503 898 890 8238 2416 3540 9750
11991 6466 3821 1354 2764 663 1850
11992 356 6990 4888 1256 5849 1103 2036 4254 1058
11993 356 8063 2325 4572 1612 1256 1384 850 3321 6108 6900 7045 10786
11994 8702 589 5710 739 24
11995 6436 9659 2248 589 10257
11996 589 335 1735 316 6357 6628
11997 6244 9355 4410 3784 9469 4044 912
11998 6244 3501 213 4657 4814 3942 2463 6412
11999 6244 715 905 4126 742 8191 4880 7610 7407 1385 3489 3823 5145 91 5291
12000 5098 3323 4420 4264 6992
12001 5098 4414 6226 8974 7952
12002 7712 4563 6767 7328 1274
12003 5954 4815 347 1182 10562 9058
12004 9697 10073 2433 5954 4313
12005 1679 1606 5117 5954 11234 509 9712 4745
12006 9129 4408 4081 8559 1909
12007 8559 9684 11040 5207 11512
12008 8559 9772 4550 34 4307
12009 3201 3207 81 6180 5511 8378 9355
12010 4313 9715 9313 211 2855 3225 93 5291 8757
12011 3614 2841 3960 4978 4288 4313 5447
12012 458 3605 5698 2577 2837
12013 7688 458 9583 4514 5077 2142
12014 7635 3851 1887 2957 3041 2956 6422 10523 8320 1802 6899 1824
12015 2885 541 6371 4023 7616
12016 7572 10170 9577 2622 9626 2686 8142
12017 6325 4944 255 3807 5145 8596 3387 8480
12018 255 111 1081 9432 9338 11362 5431
12019 255 6542 7627 9752 4150 10740 2648 1324 1018 3911 2200 853 1708 1167 1744 1025 1166 816 3062 139
12020 1324 947 1555 255 3201 1119 1075 3981 3 2671 1560 152 168 1264
12021 26 308 255 7430 5433 6169
12022 255 5803 1598 3548 630 1322 8869 7680
12023 255 3213 8837 1091 4618 5734 5461
12024 255 26 9526 9461 2256 81 8555 4432 10625 211
12025 255 8984 8128 8780 3226 9853
12026 1905 255 799 8273 8719
12027 255 5 34 1213 4626
12028 255 9381 8159 978 7321 361
12029 2644 581 459 8555 7914 6768 1073 255 2248 4154 645 7207
12030 1909 308 692 8678 690 23 3083 1451 255 80 3371 691 8849 6966 4041 9356 9481
12031 6822 10426 4537 3404 2576 2970 3260 11287 6542 7768 5987 1000
12032 10033 9649 11260 8100 4661 165
12033 9649 10475 4966 895 10690 719 1271
12034 9649 7574 2924 10549 10328
12035 9664 11403 3898 3302 10012 937
12036 3302 4888 2367 2202 980 257 812 3382 8734 9336 1086 11663 2062
12037 6827 5554 11331 2221 2576 3302
12038 3422 7945 3101 361 3836
12039 3625 1331 11531 8624 7992
12040 9387 2938 8380 4220 3625 2321 11321 8542
12041 3625 6917 6730 361 799 2215
12042 2642 2175 3625 3438 2733 9366 51 496
12043 3625 5707 3404 4088 3300 2569
12044 3420 1286 2395 10803 1133 3963 10971
12045 3420 7034 2887 7022 2393 5043 11375 6048 7702 9304 5582 5583 3407
12046 3880 11196 4188 2395 3420 5457
12047 3140 3132 4993 4235 2222
12048 11753 11068 2537 7659 2452 7873 4593 7746 4235 1649 11411 9379 11032 1646 1648 4269 10572 6755 11754
12049 4235 3018 2339 7037 1488
12050 8960 2586 515 5109 4235 9671 10780
12051 4235 943 1702 544 3278 4225
12052 4235 2994 6907 6753 1553
12053 4235 885 519 7920 870 5115 7848
12054 4235 3404 2764 6896 1321
12055 3379 4235 4816 4786 1438
12056 4235 1242 1553 10343 10053 10527 11367 1118 1245 11755 11653 7419 897 3315 2870 9689 2800
12057 3393 10449 4235 3306 329
12058 4235 3635 3528 10434 3091 3661
12059 4235 7982 1728 9934 7018
12060 4235 3944 941 3857 329
12061 4235 1600 6352 2793 3829 5409 737 1245
12062 4723 4235 1118 11349 273 4996 9548 11007
12063 192 4416 5751 404 9368
12064 11118 3172 6688 2782 6347 11478 6725 3009 6346 10112
12065 6688 918 2377 5556 1491
12066 6688 1051 1192 1678 5742 1037
12067 6570 11567 2749 2750 6680 2761 11650 2751 2752 6688 3715 5709 2754 2329 9215 10082 7794
12068 4131 1344 6216 7340 3300
12069 11028 7742 4414 4144 4364
12070 5801 6963 1537 10500 5807 58 1347 9572 10619 10913
12071 8430 590 9151 1840 3567
12072 506 6963 4023 6610 720 2606 5223 460 712 842
12073 6963 4754 297 6045 262
12074 6963 11091 1427 11217 958
12075 6963 11691 5478 2834 7413
12076 6963 111 9812 730 8773 5312
12077 7550 6963 7941 2743 9535 3931 1684
12078 1909 5056 6963 11205 4935 10591 1738 5070
12079 6963 698 11570 9278 2414 3977 7361 9314 4693 9523 7180 2334 354
12080 6963 4095 3083 5110 3968 464
12081 3201 8060 460 6949 11266 11570 1123 613 4227 11227 5933 3968 7353 3528 9782 4145 26 6069
12082 364 26 1542 3083 413 2231
12083 5480 5689 26 7770 4681
12084 3968 26 2262 4205 1066
12085 3567 26 4223 7364 497 8177
12086 26 429 3870 5249 5211 4622
12087 26 4408 446 4819 2834
12088 26 4362 1351 1381 1295 1501 1706 1194 1298 6773 1077 4911
12089 495 26 4223 308 460 89 397
12090 26 2012 5301 2041 8563 3300
12091 26 4282 786 8197 7497
12092 26 2063 4102 953 7407
12093 26 4437 174 3558 343 5351
12094 7263 4411 2521 4408 1283 26
12095 530 93 4293 26 8959 9929
12096 26 5162 9673 3093 7506 11648
12097 4223 7271 9867 1410 6380 8151 7427 26 499 234 309 310 6632 3387
12098 26 7461 5254 88 8622 4064 9237 689 28 440 726 495 111 467 5440 3202 5255 3348 3350 10243 5501 3371 58 10583 8348 8288 4249
12099 26 861 1650 997 932 3893 38 1708 418 1290 1042 1810 981 1086 1465 2062
12100 26 4418 1307 545 4574
12101 26 9595 6497 34 4339
12102 26 3592 2221 2003 10717 6472 1771
12103 26 592 687 6704 8599 34 308
12104 26 524 1407 684 969 9058
12105 7692 7902 26 7343 1371 7341
12106 26 4210 4297 80 4709
12107 26 1410 5120 11752 7361
12108 26 111 8773 6217 8480
12109 26 1909 1804 4243 3091
12110 4311 4449 6656 115 4044
12111 2632 862 11756 8708 895 890 4172 1695 938 11431 4032
12112 2632 2419 4034 11605 2393 9229 6410
12113 2632 9006 4550 3404 15 7627
12114 5234 3384 2198 4573 992 1351 4603 1318
12115 5238 3384 436 6971 7897
12116 9570 6725 9242 7473 6405 10228 4458 3384 9897 2938 10119 1214 4731 10726 10499
12117 7572 7341 7615 10077 11700
12118 1733 715 4416 11629 6572 6047
12119 10237 503 5767 7732 1492
12120 2513 10643 892 4897 11334
12121 4753 9759 7589 4897 10907 9144 10793 2293 10794 11626 10480
12122 7062 6785 1092 179 8259
12123 8259 8885 7604 8989 11164
12124 10566 506 935 6389 127 1743 4261 9658
12125 48 185 5393 506 1354 7917 4239 2339 8477
12126 4021 1307 3211 10158 11598 506
12127 506 8342 5666 11073 767
12128 2733 506 3438 326 9653
12129 506 2457 2017 7263 9128 4960
12130 34 7182 4446 506 10143 7386
12131 10176 506 2241 326 524 1913
12132 9331 506 4407 2515 7313
12133 317 5573 8841 8587 506 1159
12134 506 4607 1275 910 1050 2859 1380 2366 1278 8022 480 155 951 945 1689 1709 1160 793 414 6654 76 1617 4008 975 1184 3163
12135 506 10976 2457 2428 4074 37
12136 506 11432 4164 275 8410
12137 506 8916 34 4814 11723 4293
12138 3880 11173 10850 7757 11348 6477 506 8613 3321
12139 6413 40 309 718 8622 4988 2065 506 2733
12140 8837 506 1820 1792 1823 1802
12141 506 9071 2504 2572 11626
12142 506 8 51 1688 1307
12143 9315 2862 2829 506 9422 335
12144 506 9835 10358 4908 778
12145 5052 8531 1131 3083 969 9112 506 974 275 7958 2061
12146 685 909 3858 11025 506 5431
12147 695 506 350 4473 4472 1573 7535
12148 506 423 117 9243 9249 9244 1443 6310
12149 8142 11009 1302 5186 1423 1516 2532 506 5354 1131 1191 2309 2200 949 1278 1626 5839 851
12150 506 4573 1379 2200 848 1613 947 1005 1555 1108 1169 167 165 837 1747 1745 1171 840 162 1152 160 166 816
12151 2056 520 7358 10395 4003 8355 4032 5198 4114 1941 11752 8607 7153 5041 7775 1922 7490 7928 8725 5352 2562 10522 373 506
12152 2796 2245 4162 9160 335 506
12153 9200 8312 3371 4416 1394 1602 2339 91
12154 8729 2567 3371 1909 10529
12155 3371 9470 3591 8200 210 5919
12156 3371 1155 11612 11351 11098 4976 10203
12157 3371 5784 7566 7476 3044 7208
12158 21 11356 11576 4329 4104 4729 3371 6228
12159 10001 11529 3371 11757 649
12160 3371 2804 4284 10208 3976 10853 8116
12161 7419 7336 4159 3371 7976 4226
12162 4546 4927 6630 3371 5337 5103 1972
12163 3371 9414 4057 2567 4175 3121
12164 3371 4095 495 460 4844
12165 11605 5930 3371 2206 3709 2398 10683 497 337
12166 3371 4919 3968 7360 6747 414
12167 9469 22 1519 3371 3044 9553
12168 11358 3371 11507 4408 1871 497
12169 357 477 7397 511 2221 10611 8196
12170 7423 591 357 2723 7650
12171 92 6546 6252 7474 759
12172 92 11758 1816 11460 645 1285 5222 151 7500
12173 92 4802 1725 6704 1097 1277 1279
12174 92 3438 718 11011 9243 8600 8135 10335 51
12175 4282 943 8143 46 942 2231
12176 4282 4797 7476 4739 449 414 5877 4352 10352 6490
12177 4282 114 5482 2877 8495 293 6356 8011 655 6472 1770 7065 1373 4925
12178 4282 4154 1099 3664 1279 4900 8260 2200 1442 1138 6726 4396 11759 2041 6849 8800 3562
12179 4282 495 6538 10796 6437
12180 4282 8327 3877 897 2528
12181 4282 346 2847 467 11067
12182 3206 3203 8292 941 3294
12183 452 3206 541 446 3205 3167 11648 8261 1203 1212
12184 11571 3962 7330 10768 9363 6181 3206
12185 3206 10485 10541 10486 10393
12186 8541 1089 2850 2854 3012 6246 7389 4450 1148 8366
12187 8128 6295 1089 9752 6187
12188 8997 8987 139 6608 9202 8950
12189 139 9659 2408 11599 5010 8113
12190 2840 440 888 7088 7385 139 6190
12191 3259 139 3800 4451 6559 9576
12192 139 4579 2595 5935 6649
12193 1276 803 410 6704 724 1065 413 10452 1715 363 1033 415 1661 1385 1287 1559 4684 1011 1323 974 1121 985 4911 4460 1687 1088 1087 4672
12194 51 2446 146 147 4460 2195 1932
12195 2853 30 4460 657 28
12196 7858 10318 9013 5832 11549
12197 5531 9977 9087 4057 11357 427
12198 3900 10640 3315 6551 1242 8152
12199 3900 601 888 9292 7507 463
12200 9217 1846 8239 4683 2825 4912
12201 2722 2852 5832 1028 1340 1267 1846 5307 1517 802
12202 287 1846 4707 5751 128
12203 1354 10043 6896 1846 6218 8972 10585 8390 10289 4215 1177
12204 6388 1203 1984 7036 7540
12205 8783 6120 5552 3865 10268 4823 9887
12206 8783 189 680 7466 11326
12207 1518 8783 8989 93 5784 1053
12208 8128 2682 8238 98 552 11540 4162 7882 4160 7883 10226 10098 6491 4447 11757 5256 918 649
12209 3640 4742 8837 685 4983
12210 3857 1590 2400 4502 1182 969 3640
12211 9841 5238 10349 3438 3640
12212 4439 10526 3640 10976 5967 9736
12213 2417 11143 10358 10359 11760
12214 5020 2175 2417 3689 9396 9716 8382 11629 7608 3763 6350 2940
12215 1445 8364 7604 1709 151 2417 10781 810 7943
12216 3562 5755 5512 51 2417
12217 2417 3382 4574 9466 4681
12218 2425 10174 3030 8631 2417
12219 57 4087 3454 8920 3563 3635
12220 2416 7466 1182 3957 812
12221 2416 2269 2496 1062 2729
12222 2416 927 2959 7931 5929 7981 10977 7289 3244 1553 3318 1689 516 2261 7906 1221 6207 729 5434 6227 1214 7827
12223 2416 5632 468 7063 1123
12224 5070 5697 897 1095 2248 7356 2416 10809 1307
12225 2416 7494 5845 9022 8409
12226 2416 467 6324 175 4175
12227 6313 2416 7359 14 1740
12228 2416 4416 8008 3427 4819 1492 5452
12229 2416 2501 3918 949 961 7372
12230 1254 2780 6055 2416 51 1262
12231 2416 7451 3227 5637 10253 2940 8380 4220 4221 9335
12232 6228 2145 1268 1486 361 2416 8971 7992 10117
12233 8843 2416 5835 4416 9849
12234 2211 9465 2116 8572 9549
12235 923 1177 2589 8925 2433
12236 6359 7986 7851 6151 3347 715 10960 9483 6424 9578 2219 10373 10139
12237 3576 9301 3891 2219 911 2562 5893 2859 1239 5029 1326 807 330 11617 1329 1017 1461 1847 1433 1079 1562 839 1170 1436 314 4032 1147 1439
12238 2389 38 2219 943 8201 1366 9000 3970
12239 2219 27 206 1736 8935 5419 724 10520 2729
12240 2219 9464 11436 2814 7727 2818 10056 11761 2872 4894 2873 5625 9937 5996 9312 2870 7264 10029
12241 2219 1897 9527 6820 7550 7384
12242 435 4747 7644 9577 937
12243 6927 8254 11320 4747 4748 6046
12244 2854 9486 3149 9394 7656 11566 7645 4347 11666 6798 6797 1755 9326 8841 8375 11598 8202 9325 11604 11602
12245 9845 1569 1723 4704 209 1278 848 942 1551 1573 1366 961 963 3039 2214 5542 969 1042 1703 975 1749 1176 4671 2494 2555
12246 1406 1457 1007 4671 1592 985 4602
12247 1510 6786 5920 6402 5568 7514
12248 2513 7361 1510 354 792 6126 10041 9816 9799
12249 1510 662 4957 450 600 5222
12250 874 1510 3447 2794 10660 11488 3677 8276
12251 4957 1510 7439 792 4825
12252 4761 2332 6603 962 1652 842 3866
12253 183 353 4800 662 7339 11369
12254 4396 10355 183 666 8083 9717
12255 183 2353 2653 491 7816
12256 183 1909 690 9557 7842
12257 183 2247 11615 11077 9980
12258 6332 1407 687 183 9746 3919
12259 6970 10402 9698 10456 6837 183 9152 10376
12260 183 3100 7763 2778 392 3184
12261 6715 183 4570 257 491 6646
12262 183 10319 7289 10342 9217
12263 181 467 28 9292 128 1071 312
12264 181 8655 7265 5418 5276 2303 5392 361 6650
12265 6377 4453 9984 5640 9956
12266 6377 7414 9293 3910 5120
12267 422 11163 1011 1010 6200 77 225 5857 6377 6865
12268 5103 9540 8555 6377 8989 467
12269 495 5465 22 497 7058 3148 185 2876
12270 7058 4934 5494 6308 11234 11046 2279 6405
12271 7058 7537 11053 5493 11234
12272 3171 2036 1974 5550 1984 2068 5549 11264
12273 10693 3922 1123 2036 5746 8845 1683
12274 2036 10000 9252 2192 1822 2060 1025 1921 1085 3338 1465
12275 2036 10926 9810 3849 9662 11235
12276 71 1138 5070 5085 5108 5245
12277 1248 1271 8148 9247 1029 1378 1157 395 4074 1405 1441 201 1351 2905 5070 1429 2860 4907 2907 210 1648 1325 1572 5875 964 1120 966 1216 1162 2059 1684 1166 656 1163 774 3195 1315 4601 1416 1687
12278 10767 8291 5845 7310 11191
12279 1015 1062 1069 330 2192 1181 1194
12280 7553 1066 1326 829 1069 1073 959 4646 5623 160
12281 1028 1542 3902 1449 1570 995 2192 1194 1069 1368 832 1395 1370 1586 6774 6699 3039 1287 4628 1290 4541
12282 5457 1154 408 1135 1295 2367 1069 411 851 5862 1456 1741 562 1743 1054 8575 810 3406 275 2059 5885 3249 1220 1631 425 1315 1364 3297 1145 1438 1686 1713 990 1226 1400 1464 1940
12283 994 4642 411 1069 562 942 5858 11038 1560 1714
12284 1518 2562 1137 1053 1307 1069 5392 562 1741 1073 963 964 793 1120 219 265 1434 1528 2059 2060 810 1164 1362 2909 974 3553 982 2061 988 819 983 1416 5830 5018 990 5886 1116 1115
12285 1406 1030 1132 1351 994 2664 1278 936 1502 1470 828 806 1069 613 562 1037 1075 793 250 1287 437 1292 1225 1227 1636 4672
12286 11614 1252 23 1481 2562 1351 338 4644 1282 11762 1069 1238 24 1310 416 755 6699 2377 2908 1023 1692 1019 1631 10071 818 231 5018 5830 1202
12287 2459 2199 920 1101 2858 803 1069 4907 2059 812 1560 656 8788 813 5861 984
12288 6704 1238 1295 4413 1069 738 1040 5857 1661 1460 1559 815 813 656 819 4911 984 1712 1714
12289 2513 4508 11146 6480 9058
12290 969 4686 1182 9172 9000 3914 2388 3999 8143 8822 11725 10762
12291 6788 5792 894 1347 5341 4638 10762 10154 5131 748 6240 842 8489
12292 3529 6995 7115 3945 7061
12293 9881 4616 9013 4509 8540
12294 5126 5147 3748 32 1488
12295 7247 1483 8729 11059 10859 4528 6362 1549
12296 3595 107 4749 4012 4010 10103 3979
12297 4803 10146 2544 2101 4018 351
12298 7825 3747 3995 3438 9904 2829 5191 11286 3318
12299 3669 11328 10463 3091 3944 11342 10596 7010
12300 913 9720 10212 2171 10186
12301 4815 5077 5299 10410 5698 8231
12302 1203 4815 2565 6805 3039
12303 4815 7341 2562 211 918 5751 5240 1647 8689 2836
12304 4075 4462 745 7351 1728 5403
12305 5882 6422 11046 4728 9778 9305
12306 6422 5930 2492 5939 9427 1816
12307 6422 497 80 48 2369 2383 7427
12308 6422 1048 5890 2053 3190
12309 6422 1965 10215 6424 10146 10019
12310 9610 6422 349 5555 10777
12311 8012 3509 4573 1725 333 1450 999 848 1470 849 6055 8237 1329 738 1520 1398 839 5556 1169 1362 1374 1026 3921 1114 4032 1225 1333 2062
12312 34 3307 8398 8527 7419
12313 8527 9467 9960 3984 5302
12314 3213 7355 7064 3309 5143 9435
12315 3213 11763 5746 7056 3720 8536 7760
12316 3213 8781 2567 969 8187
12317 3213 7355 5 7509 8957 400 89 9471
12318 7592 4308 11752 3213 7355 7476 414
12319 48 2684 7448 4729 3213 446 46 1159
12320 3213 48 9134 9823 9676
12321 2318 9607 372 7491 1413 3098 7186
12322 3833 7186 5699 4303 9766 10562 685 1066
12323 7186 7418 692 4546 10108
12324 3058 8379 51 4197 7186 1591
12325 3008 497 2677 5574 7490 3318
12326 7920 5574 2101 4493 6260 6327 8201
12327 1344 5574 8017 600 8283 423
12328 8647 5574 9345 5044 2834
12329 5574 340 4210 554 397 7354 4330 228 5575
12330 11300 497 11734 686 5574
12331 11347 4835 14 5574 8553
12332 5574 3422 3315 7064 3659 4041 11068 339 465 1033 2620
12333 11225 4012 1054 5574 3195 4411 4408 11234 8134 4144 4415
12334 11306 10740 6167 7989 4566 6697
12335 1664 8389 6076 4566 10043
12336 1110 4566 1000 10477 2803 1743
12337 7576 1126 10405 7805 2782 4198 4566 9787
12338 1095 5 6 40 367 7592 6236
12339 512 6236 6651 657 7357
12340 7553 8414 2742 4490 6236
12341 5294 3758 9885 4927 4890
12342 4032 497 339 7730 5294 10897 1152
12343 4903 4393 2514 1577 54 3751 4165
12344 5418 3360 11436 5605 4398 3751
12345 3751 10203 4717 9715 2342 10181
12346 6796 80 2513 3751 7179
12347 8872 3211 7920 1090 1092 11764
12348 208 4836 1588 1090 10614
12349 1090 2961 9664 3806 8358
12350 3094 8399 10907 3449 6830
12351 311 3094 5665 8871 4827 1849 2039
12352 3094 6304 1511 1383 7493
12353 4439 8622 3216 8772 8594
12354 3214 3877 10450 11065 8440 8772 2635 4099 3990 5831
12355 11611 3611 8772 9519 4949 10054 9729 3803 1040
12356 10254 3613 3624 9204 4326 5468
12357 455 10254 48 2636 9458 4988
12358 3088 10254 7402 9559 365 785
12359 20 54 4227 185 2589 4693 9336
12360 1183 3170 10277 2461 3088 4025
12361 6425 3019 10966 6227 4025 3896
12362 3539 3181 10454 11405 4025
12363 4025 7545 9965 562 400
12364 4832 522 4139 5919 748 5757 4025 6238 7010 909 4453 2413 1354 2567 2232 529 9809 9036 2546 7680 3628 8613
12365 1775 7693 5913 8881 2404
12366 179 385 174 7772 490
12367 385 8974 3693 179 7466 8844
12368 1426 179 3539 7376 9020
12369 179 7785 174 521 4348 4217 6366
12370 179 894 6120 3944 8976
12371 179 3673 174 4217 4905 451 682
12372 179 143 6546 205 7546 723 350 6898
12373 179 522 3665 2473 6491 4283 10034 2974
12374 1198 10657 5 2258 8511 179
12375 10733 9231 732 3363 935 4219 1210 1036 1431 1038 1074 8355 1159 1119 1233 6319 265 1385 1142 76 1020 4393 1078 4574 4008 812 838 1314 152 1083 983 1247 987 991 232
12376 10733 2085 2086 3341 3370
12377 541 1100 10733 3679 3301 2577 8091 5503 9338 8608
12378 3765 3741 625 822 1320
12379 2920 8626 11572 37 7370 5482 7973
12380 7558 1426 1599 2920 1702 8382
12381 5448 11137 2920 7324 10845 489 8775
12382 3569 2920 2922 4418 5633 2035 3986 9505
12383 2920 352 1599 2922 5802 3948
12384 2920 352 1599 2922 10259
12385 2920 4411 1599 680 2251 6399
12386 2920 1599 2922 6944 6984
12387 2920 10522 1599 2922 11691
12388 2920 1599 4980 9391 9169
12389 8060 8488 2920 4929 3433 2993
12390 4987 6187 2056 709 1887 3399 8323 2920
12391 1516 1453 6743 1082 1703 818
12392 1348 1158 1129 941 1569 1453 1278 1572 1573 942 4016 1526 1395 962 1396 1213 1214 5884 5542 1286 8788 1168 1299 51 10140
12393 4903 1453 7564 7553 155 9736
12394 3422 2733 3800 4778 5040
12395 3422 1590 4241 11460 6982 9859 838 11765 775 4219
12396 3422 1121 1010 3382 437 9970 8224 9855 9821 4725
12397 3422 9948 9949 5217 9289
12398 11147 5901 11273 10732 11003
12399 10732 7948 11522 4240 1413
12400 10732 2792 3782 2807 2782 3007 3006 1856 2143 5560 6856 2653 2448 1855 3396 1794 2138
12401 9621 443 6152 5722 5495 4265
12402 6152 7848 3814 3944 7201 3279
12403 9757 1304 1498 23 6743 822 826 937 894 1715 855 4350
12404 9757 3216 9957 1741 11106 8888 6098 4560 3584
12405 11197 10954 4474 2864 1582 4469 296
12406 11197 11198 8275 4465 8951
12407 4469 8024 4472 11197 2840 11198 8944 8380 7976 9465
12408 2243 885 5698 6864 6426
12409 4359 2587 4101 11420 1589
12410 4359 3111 6648 2373 1309
12411 4359 8274 11111 11470 786
12412 4359 4081 7513 4082 647 4538 8502 10446
12413 7778 7777 1354 6503 916 11188
12414 7777 9077 4398 2595 4740 4295
12415 7777 10987 647 11353 11421
12416 2030 866 2239 9982 8147 6750 7777
12417 1123 811 3225 11343 10643 11187 7777 10286
12418 943 7768 3859 3858 3903 3857
12419 9835 363 1448 943 80 465 10768 969
12420 943 3858 1182 8732 1555 4241 11585 6319 9991 219 1076 10566 4925 9934
12421 943 2863 685 4832 8836
12422 1679 5165 5808 4982 943
12423 943 4408 460 783 4502 4219 3919 969 5623 414 3300 6632
12424 5277 943 11399 3176 4285 6285 1394 6739 8856 8919 2101 5828 1217 11619
12425 943 3905 3918 3919 969 1159
12426 4501 3904 7617 943 3999 3918 4870
12427 2742 2229 1366 943 3245 1494
12428 943 2229 949 8414 7768 7942 9172 7071
12429 3905 17 943 606 11256 10617 9322 969 5697 1182 10729
12430 943 3857 7238 4762 973
12431 46 2231 11142 943 3957
12432 346 1095 1094 9958 1550 943
12433 943 467 2425 2338 5645 941 5978 3970
12434 2742 3905 1494 943 4686
12435 4027 941 5978 943 3858 4219 2231
12436 5026 943 8935 4954 8353 5027
12437 943 9676 2229 9521 9168 9043
12438 2035 4935 11343 4016 943 10428 7931
12439 10405 7352 943 1643 1307 465
12440 943 9537 4447 691 941 3903 969 498 659 1371 661 665 10899 7192 10022
12441 3539 943 497 4776 2656 7476 9555 9458
12442 873 943 3858 4543 990 6087 3846 11685
12443 9076 943 3599 5992 4593 6860 7768 8143 5481
12444 943 6515 6439 1731 2454 4259 9107 5821 6838 10878
12445 943 9168 4502 4219 1600
12446 8442 2603 3356 943 9718 323
12447 4507 1347 365 10591 3857 969 943
12448 2401 2246 600 9829 775 943 1709
12449 943 3858 3857 1590 3957 969 155
12450 943 3807 259 7535 3184 8825 10462
12451 6462 7908 10321 943 6464 6227 10454 3438 10990
12452 9676 10661 8272 943 961 2587
12453 8989 3999 7909 8634 7364 11291 9456 726 943 5238
12454 2309 2641 1354 3039 2744
12455 5846 2527 2198 9842 9677 2283 8223 6115 1049
12456 3666 2283 3438 11380 9852 10560 4424 8272 9043 4642 11376 8767 5820 10846 10635
12457 4339 5238 2283 5144 9056
12458 10517 2375 2283 6435 10418 5 44 1761 5514 11425
12459 3115 5850 5472 8792 8613
12460 6226 5496 7059 6904 1737 3800 326 7205
12461 7205 6941 852 2562 1032 5029 1501 1138 8596 1055 1489
12462 3508 2043 5087 7205 6576
12463 11565 11364 6995 3167 7889
12464 9460 5440 10048 11565 1502
12465 11565 8751 6999 7145 5034 6885
12466 131 11565 3101 9259 9265 4161 11390 7882 446 81 9840 2247 9627
12467 3144 3001 11565 6431 10461 2404 11070 9204
12468 4368 11619 10309 11766 9711
12469 5498 5512 7569 8548 1123 446 7536 4368 9501
12470 4368 3245 2742 10426 2229 838
12471 4368 2742 6439 10208 3955 9454
12472 4368 5216 3682 4088 2487 1969 645
12473 5249 5726 530 4339 9825 5300 9048 6376 5987
12474 11171 512 8194 5249 10325 9601 1347 9084 9082 1138
12475 5249 307 909 730 4082
12476 1741 5287 5249 1421 3025
12477 7570 709 612 5249 5519 784
12478 1987 241 4891 2733 10684
12479 2256 402 1095 9287 7468 189
12480 2256 1494 2834 4051 10940 6956 3628
12481 2256 866 117 8755 7057
12482 34 9235 2242 603 1707 27 6252
12483 2242 1657 8230 4270 854 5537 11512 1199 10422
12484 2242 3033 749 462 38
12485 1422 2242 1060 1405 1306 4154 1736 1380 936 1295 1352 1366 1325 1296 1297 24 963 965 1709 969 1119 968 265 415 811 1162 971 974 1361 1011 838 8788 425 424 3297 1145 983 1225 428 4606
12486 2242 8554 587 2547 6040
12487 2242 1763 7842 7756 751
12488 6233 462 3934 7584 4703
12489 8659 6526 9236 4579 4161 6575 9907 4663 6138 3052 11493 7472 9056 5501 8457 10265 5041 11640
12490 5213 5501 3469 8281 4818 7815 10524
12491 5501 4367 5291 8091 11740
12492 5082 5236 3038 5501 93 4934 258
12493 5501 3615 10138 2509 27 6571
12494 5186 10235 5501 4790 3260
12495 5501 3857 944 1182 4021 46 969
12496 5501 1092 9147 3747 6426
12497 5501 400 8865 685 1123 7937
12498 10935 6708 113 115 1091 8984 364 8364
12499 113 5421 6563 9368 2577 9109 1614 5828
12500 113 9781 1977 11475 3532 51 8113 7734 8804
12501 48 11224 28 497 1283 9591 463 11389 113 8558 8451
12502 647 490 113 2398 11353 4992
12503 8887 5291 113 2241 673
12504 113 7748 3225 11532 9513
12505 3800 396 7663 7052 7289 10421 745 2669
12506 8476 5916 3800 3864 4254
12507 7717 11542 2569 6826 8817 5196
12508 5514 3737 888 4146 718
12509 3737 4238 9301 7020 3366 11767 598
12510 9523 4398 3737 5940 530
12511 4797 11222 11029 7614 7664 1772 675 3737
12512 1648 4021 5557 949 3737 3761 5771 5313 10882 6347 4890 9925
12513 2967 6684 4810 7238 6274 8851 5655 4886 10031 2801 7264 2831 10268 1804 4740 8737 2595 3737 8318
12514 9656 3761 8887 11463 8507 10604 10712
12515 11465 11464 3438 9077 4867
12516 3438 6898 9102 4793 9707 3864
12517 3438 2834 3225 4832 4166 10479 3963
12518 3061 5014 3795 6783 7877 4732 10345 7386 3438 11432
12519 1776 8084 11654 663 3438 11005 11596 3251 11627 9491
12520 8397 3 3438 711 4435 2404 362
12521 3438 7179 8446 11649 7054 1744
12522 5835 4600 3438 5439 757
12523 2686 7997 7509 1413 3973 10143 10145 2679 4438 10860 3438 2499 6900 11302 3866
12524 3438 3965 10960 1118 1394 5232 1371 11457 10023
12525 6609 253 3438 7371 4324 2381
12526 6927 3438 2339 2303 1221
12527 3438 1909 7372 265 6226
12528 3268 3438 1049 9259 10697 3372 5191
12529 7015 3438 888 774 4252 4896 11262 9001 11530 11585 5430
12530 3438 5768 1203 6986 7138
12531 1268 11438 3438 2648 2562 553 1626 1008
12532 5737 11757 7182 10467 3438 7520 4524
12533 3438 6527 3318 361 8701
12534 7319 9241 11489 3438 10993
12535 1979 6862 2886 7656 3438 10924
12536 2169 3438 257 64 9522
12537 3438 3157 7672 8879 3594 2823 785 7611
12538 2351 3778 392 1110 7820 9943 3850 3438
12539 6465 7065 3438 326 4228
12540 3438 687 339 720 1048
12541 5784 22 3920 1100 1118
12542 4607 1310 3920 1114 990 1201
12543 3920 8468 3833 9736 3981 3
12544 1706 3920 2443 6609 1174
12545 3920 7466 976 4365 9857
12546 3920 6546 726 11446 5718 5698
12547 3187 892 6219 2564 5160
12548 3187 7920 650 7679 4925 3588 6572 9511 5911
12549 6786 11052 4663 5194 2569 10332
12550 9705 3837 6089 3080 10668 5354
12551 6089 2776 2827 6364 4776
12552 3837 7172 9661 10119 2467
12553 3050 51 146 10246 5023
12554 6433 1511 10246 1492 9459 7208
12555 10246 10369 252 10551 5152
12556 8520 1124 9647 823 910 1130 1676 1336 932 1429 2362 1281 1321 5797 1394 1621 1682 1106 1006 3897 1385 1233 1142 2861 159 382 1259 1172 1170 970 1563 1079 1171 167 161 162 1169 1113
12557 4354 10551 9671 9533 4797 5952 6947 7803 2506 11348 7320 9647 6786 10929
12558 9647 9903 1450 5947 124 8446 4621 6800 1347 1643 8925 5609 3981 10286
12559 3490 4843 1567 1513 7354
12560 4927 430 10108 5608 2971 8266 4139 8062 7348
12561 6283 5588 2459 8266 2590 4875
12562 3143 8388 8266 5309 5564
12563 10313 6800 9664 783 8266
12564 6531 8246 10433 556 7993
12565 8463 5118 5680 2457 6090 7048 11337
12566 8752 8148 1685 9640 120
12567 9640 3175 3391 483 1997
12568 1095 6374 2742 10575 10293 8143
12569 10533 28 3218 5697 11116 1698 6745 1066 1895 4459
12570 5697 297 466 892 2054 4261
12571 10699 536 2723 9107 1144
12572 367 6503 3754 7064 2264 1591 6843 4083 3922 7788
12573 9893 9773 3211 6503 4982
12574 8646 12 717 3942 6503 2847
12575 6503 1599 9203 5 5802 4797
12576 6503 9875 4745 3175 1080
12577 916 7062 6785 519 5698 308 10282 11147 11768 4393 5901
12578 916 11023 10731 508 7790
12579 44 11210 8716 1743 11073 7362 3039 2022 10918 2245
12580 10918 6156 10897 4196 8172 8355
12581 1153 2829 4389 2425 6039 6934 3708 9031 572 2823
12582 1153 2957 2967 3380 3077 1931
12583 1153 10825 10830 5014 11704
12584 10183 2053 3097 5570 1153
12585 11314 6880 11769 6940 2569 7222 11432 6164 1153 11201 5630
12586 4242 9081 9027 3277 6134 5052 1153 6253 5874 1130 5505 201 1448 3911 1740 1032 1132 212 8237 1064 4888 3318 4350 1371 1286 1617 1021 1558 9730 1744 168 226 1174 1149 1316 2494
12587 1153 9952 4682 11770 11771 11772 11773
12588 1153 1602 1308 1187 9750
12589 1153 3822 3167 8886 3828
12590 1943 1153 1964 1928 2113
12591 3726 789 3954 723 1198
12592 9104 1448 10746 446 3954 3962
12593 8276 1824 19 4762 3954
12594 3954 7430 256 1800 516
12595 6546 5783 17 5077 5976
12596 4069 10763 7842 5077 5478 5242 261 1661 11403
12597 6533 5804 7937 3913 2229 7070 265
12598 892 860 4217 8201 9347 6904 3087
12599 892 423 1471 10613 11752
12600 4051 5242 462 892 792 7351
12601 8059 918 892 7161 5484 470 7182 7333 11089
12602 9759 892 525 5698 7638 448 1407
12603 6043 892 346 8378 40 466 8376 4092
12604 9306 744 892 3542 7561 3667 3224 7736 2853
12605 1378 1157 1304 11700 363 7565 1612 408 337 1283 4665 415 1057 1165 222 163 2550 840 1711 977 223 1171 981 1391
12606 1548 1031 931 5862 1068 5742 613 1034 855 4269 1233 1214 1391 1174
12607 1265 1570 1070 7767 419 3387 813 1082 1220 1748 1631 1391 8565 5859
12608 193 928 1568 1011 1401 1391
12609 964 1520 967 755 1039 418 5542 1197 1558 1683 1046 229 1391 1315 988
12610 1391 185 8647 10748 7685
12611 487 5036 1391 7732 414
12612 1155 803 408 1132 1570 2662 3911 2303 1739 1353 1621 1550 4076 1553 806 6751 1284 413 1623 957 1616 857 4604 5863 4579 212 1689 1652 964 1487 810 1286 1151 4781 1488 1654 4641 1287 2908 4574 1042 970 977 981 1011 1631 1391 231 986 1316 985 1202 1227 1714 991 1687 1294 1115 1417
12613 1232 804 1001 1596 1715 7178 6772 1361 1391 424 1712 2061
12614 1391 7350 251 4435 11520
12615 1450 1271 940 1320 5742 855 1036 38 2548 1212 158 1709 965 967 4626 968 1586 2727 755 265 1041 168 225 1391 986 231 2935 987 4602 2555
12616 1194 1393 7702 1456 955 1074 1285 1142 3 836 1082 1711 165 160 167 1165 1258 777 1391 814 1179
12617 1306 7564 1328 7550 2668 4252 8948 11267 5503 8133 9929 9687 5301 11366 10036 10091
12618 8133 3348 7502 8635 5790
12619 5271 5759 4228 4139 2444 1770 7065
12620 7803 10352 6284 10345 8780
12621 7803 3171 6847 6351 2211 1309
12622 8947 8353 2788 7803 4954
12623 7803 5895 2506 5519 6135 2261 4393 1650 8157 1550
12624 11084 7803 8959 8353 10345 1354 8107 10014 5537 2408 4398 5196
12625 3881 2649 7803 8407 252 2373 4404 7699 6461
12626 8024 4474 3251 6288 4996 4468 7803
12627 7803 4954 4797 5757 7648
12628 7803 7802 10921 10130 7182
12629 4223 309 4949 4963 3761
12630 5268 3745 3761 7149 141
12631 3761 4007 799 9918 686
12632 9748 3761 10872 3850 7830
12633 1694 4493 3457 10498 11477
12634 1694 618 7710 8204 1011 11409 10751 11774
12635 6408 48 8483 1694 596
12636 8524 10975 9478 3958 3981 2226 6440 1581
12637 3945 5488 1502 2457 6554 4530 8978 10616 10997 4956 3753 1793 10280 1222
12638 3797 7092 1599 7038 10962 4855 1567
12639 1731 128 11285 127 1071 3431
12640 3084 4856 860 11231 2221
12641 860 3315 1868 4980 4492 5416 5442
12642 860 185 10230 5227 10624 3677
12643 8233 284 354 3084 6395
12644 3188 5056 635 3203 10418 5514 3084 4709
12645 5731 5961 6248 3084 7369 7993 2404
12646 3084 10827 6260 1283 9509 8505 3374 1222
12647 3968 9867 5950 9468 4598 7570
12648 5950 2937 10976 774 323
12649 4905 446 1550 8967 4536 2832 2515 5236 261
12650 1445 6385 629 11421 11765 2580 7834 2398 4992 8010 4990 642 8500 3802 909 8196 6629
12651 1445 1650 3941 793 764
12652 1602 4144 1445 7069 813 5439
12653 1192 803 1548 338 1014 2858 1277 2664 930 1725 1527 1393 1456 4907 4108 8237 6702 967 1359 1586 2727 2861 76 1299 858 2728 1445 1401 1463
12654 1389 3911 827 1067 1034 210 24 6737 4963 1245 1487 415 1298 839 1374 1445 1467
12655 455 10465 10362 4944 603 2101 8108 9034 710 1445 524 8153
12656 11110 4703 2056 2327 6846 6565 9775 11370 9724 7981 283 5536 3307 582 8313 8113 1643 5947 5423 1445 11775 7132 586 5229 8112
12657 200 198 1030 1132 1550 562 4646 1041 1655 1445 1401 1145 983 4606
12658 6571 1662 3423 814 1445 2840 10194 424 1402 5831 6972
12659 10266 4028 1718 2161 1562 1445 1026 1085
12660 4096 1030 6743 1445 1264
12661 613 1041 1287 11776 1010 1163 1445 1403
12662 7465 6904 3986 9885 9314 9481
12663 4145 310 545 876 4095 8537 7465 6252 8844 10047
12664 9597 6512 4175 7465 587 9480 2798 5426 9271 5380 7 5694
12665 7465 7940 6603 2938 4220 474
12666 4862 2794 7465 7241 4119 6072
12667 7340 6546 211 22 1118 7815 7848
12668 6545 618 10243 2259 1741
12669 9946 10243 9974 2866 8755 4307
12670 4127 1537 11120 6417 3040
12671 1537 80 6429 1909 495 365 3968
12672 3334 7509 4459 6469 11576 10818
12673 5523 7241 9896 2089 5928 3553 2004 9716 10372 11189 451 284 9496 7382 858 10636
12674 10721 2089 10844 10105 2091 4969 9171
12675 328 7998 4402 4300 6664
12676 80 3188 5307 328 2320 30
12677 5257 8446 8689 8007 3019 4253 6078 7065 10334 10684 10073 5976 1048 385 1599
12678 7545 10625 5976 6681 6327 3301 2567 50 221 4349 7848
12679 5731 9543 5976 2842 8184
12680 8274 5976 2842 9485 866
12681 5973 8510 3313 5976 5784
12682 5 94 8392 5976 2842 10271 5481 27 1150
12683 5976 3203 174 40 73
12684 750 5734 9620 5976 40 8988
12685 541 2922 8696 5976 9427
12686 5976 9823 8277 2543 3231 10421
12687 7296 1196 4661 6695 6240
12688 7296 3430 293 3524 2776 2415 2993
12689 7296 2562 1840 3023 4166
12690 54 7486 5239 2372 7296
12691 9002 9012 3211 831 4263 4925
12692 831 5418 5990 2303 11278
12693 10186 5873 6510 831 645
12694 3836 9601 831 4880 584
12695 831 6952 6962 5543 7240
12696 831 5832 1302 7468 8653 1164
12697 3315 7401 8952 8407 10363 10643
12698 8407 10931 10888 2107 1924 2154
12699 8407 6530 6800 11690 228
12700 878 2245 3192 5191 6651
12701 3192 256 7052 8627 2823
12702 6039 6934 3925 3949 3268
12703 3925 343 5423 10412 1034
12704 3925 7802 2912 10903 4790 7519 9030 8976
12705 3925 6607 2747 9623 11777 9193
12706 5185 2858 6235 8809 542
12707 5137 878 2593 11004 6589 6235 11283 5418 6775
12708 1494 2459 1050 1072 6404 2548 1371 152
12709 2286 1351 1072 1442 7757
12710 4656 1381 1408 1614 1066 413 956 1072 1140 747 1040 1245 1160 1562 421 1703 8788
12711 994 1072 418 2059 1558 1221 1512
12712 3154 2756 9766 1051 850 1105 1072 6756 1701 5888 4254 3249 8928 988 1564
12713 1064 1003 1072 1610 3340 1884 1178 1636 1229
12714 1252 1072 1568 363 1132 826 1321 10421 79 3 1010 5858 1703 816 10983 814
12715 4489 1273 1072 1286 1259 1200 3163
12716 1810 257 4620 1060 1192 5029 1336 1306 1367 1072 1141 415 1849 418 1362 1221 980 1085
12717 1072 3635 4384 4579 4156 2993
12718 1545 1406 333 1049 4644 1365 720 2192 6758 2666 1072 4350 1459 1286 6699 1061 1223 986 1712
12719 1134 2999 6775 946 1307 1553 950 1651 1701 1017 969 4120 1163 1364 1086 4351 2966
12720 1840 1028 11320 1157 1265 1050 4608 1572 1000 4665 1648 1701 162 275 842 2934 1703 1229
12721 2926 1351 918 4704 1450 1736 1277 128 939 946 1104 1707 1678 6726 806 1432 4579 4626 1396 968 1701 2059 1331 1169 1171 3866 812
12722 10554 9882 1701 6408 1703 816 9432 4329 3201
12723 1532 1380 1381 947 6694 963 4580 8596 4626 1701 1039 2060 502
12724 1695 2459 2858 4704 1551 1441 2906 965 1709 1396 1701 1460 1744 1711 1847 656 152
12725 348 408 9978 1501 1064 1442 1208 1066 1325 1688 5622 942 1192 1586 1041 1701 3039 974 1631 1703 1080 1437 1085
12726 1389 553 994 1736 4888 4642 4076 1103 938 1106 2906 1210 851 6757 5883 2726 4579 5863 1057 1701 1169 6961 9728 6165 2550 818 842 1025 817 2061 984 1247 5886
12727 1304 2723 201 1642 1138 1104 1066 7706 4580 6547 1708 1709 1245 1701 4104 1215 1039 76 2059 1710 1167 1023 11022 226 5938
12728 1276 2531 1532 1452 2905 1324 948 1151 1215 1701 1416
12729 477 193 2856 1545 1272 1124 2531 1130 348 10471 7553 994 1450 2905 1279 2200 1572 942 829 949 4269 155 955 1212 1159 1285 1701 3039 1558 1172 1560 5944 1184 228 425 1174 1415 265 1246 1656 1227 4602
12730 4243 2557 4285 11338 3854 234 11426 6475 10781 284 4295 6649 7676 9595 1525 361 4166 6022 7346 275 1679 3968 3031 5789
12731 5789 3918 1182 3919 265 969 961
12732 5789 7625 6695 4166 11356 6724 6725 8886 5633 4826 48
12733 5643 5789 6187 3532 11778 257 2451 8209
12734 4699 9979 6223 377 11120 11392
12735 4447 3957 939 5704 1182 3915 7384 719 9311 7509 11120 2832 7617 10042 2683 676 10694 9416 725 969 3983
12736 2718 7335 3372 559 6855 3689
12737 7335 4821 4696 685 8126 9278 2834
12738 140 10543 3276 969 79
12739 676 10049 5771 4591 6753
12740 1354 5575 876 4227 7741 11049 3613 2636 5771
12741 5771 2834 3346 7476 783 613 644 9500 491 22 793 1576
12742 2702 2091 11264 1974 10105 4969 7791 10844 1984 10230 2894 9212 51 2194 7270
12743 10349 7791 6812 7267 1203
12744 3950 2101 8554 1284 856 157 1141 1142 1233 382 1563 1313 1292
12745 8554 346 308 530 470 509
12746 8635 7077 10601 11217 947 2774 11675 6694 6345 8045
12747 2774 3080 360 9705 5762 2467
12748 9671 7802 554 8753 2413
12749 9671 2732 530 9547 2681
12750 9671 10921 4698 1643 7722
12751 3726 1302 9303 86 3210 6770 7013 10548 11058 8849 8653 11779
12752 6794 9484 770 4925 11619 9670 6418 7670 11457 4954 9934 11035 4972 11228 985 9822 4845
12753 3615 5921 1189 10515 2277 4954 799 10529
12754 9489 10015 4954 10345 5517
12755 4954 4440 6135 2891 252 5623 9836
12756 4954 7886 4352 7728 10723 7849
12757 512 185 2787 7448 6910 5075 5257 3691 2825 5240 9670
12758 6910 10033 7960 3031 4166 822
12759 10374 4654 6910 4835 6805
12760 795 5967 603 1628 6910 1602 1203
12761 4879 1781 821 6910 1492
12762 5845 6562 6199 11777 6910
12763 11183 3863 10218 3865 10867 1569 928 1573 2932 1628 6737 5863 1120 1371 3509 5864 985 11387 991
12764 8538 3346 3509 7030 8225 11019
12765 8577 2510 10894 294 2286 6221 9639 322 2733 631 11780 257 8390 2479 4841 4862 4069 1080 5773 673 4758 3225 2311 8581 54
12766 5248 9852 9676 706 10478 8174 8175 9197 3951 7207
12767 5565 5248 3372 3553 4434
12768 5248 6151 6410 1593 8534 2783 2780
12769 8959 1355 7566 11444 687
12770 7871 1354 5680 8959 4166
12771 6135 2798 5431 262 8959
12772 10928 10415 7722 6565 8959 4263 4523 8106 283 10011 5537 8113 5196
12773 8959 9009 8545 6284 10130
12774 3392 1530 794 8736 698 1640
12775 1530 7398 4292 2876 4159 1742 656 5857 6833 1033 34
12776 1530 5476 794 8773 1442 4750
12777 1354 2699 1530 2764 9560 4364
12778 2206 4827 2250 4190 4893
12779 2206 6791 1330 2111 3313
12780 8021 5654 10706 4027 2206 9011 9504
12781 844 11642 2347 6232 3157 3272 4164
12782 2347 10440 11561 6573 7348
12783 5520 7091 1124 1354 7652 2347 8167 590 4681
12784 5309 4798 2347 4248 791 1164
12785 2347 11157 3587 381 10516
12786 2513 450 346 1095 1094
12787 3354 346 3300 8596 4293
12788 346 308 1410 7427 2511
12789 9768 346 1095 4393 8282
12790 7851 10014 10429 8385 4181 8491 9437
12791 48 4181 4949 8402 1762 4894
12792 4181 4237 8198 4502 969
12793 4181 1599 9533 11136 10330
12794 7884 4515 7179 1589 10662 4990
12795 196 992 10601 1574 2668 4515 5882 1313 5410 9707 2218 2413
12796 1606 3155 5 111 4515
12797 4515 2834 7069 7745 4415 323
12798 4515 3404 1895 2282 7289 3725 3431 440 5268 1578 6831 4018 11108
12799 10908 960 4515 189 3153 4926 9943 4843 5695 4180 11192 8711
12800 4515 1474 5236 10168 222 9484
12801 4515 326 512 189 440 5813 10741 11781
12802 118 2442 5211 5258 4008 8920 10260
12803 8530 3672 48 783 462
12804 30 8543 388 423 4825 7509 307 3431 4491
12805 423 5492 4082 4984 307
12806 423 465 8983 7535 390
12807 423 10389 4510 4513 4843 8274 7354 8719 4180 1307 11111 11470 2609
12808 4936 11205 11459 423 8921 9232 1629 8824 854
12809 4043 1909 2876 11649 423 7443 7483 9593
12810 8319 11279 423 1978 10930 9353
12811 2841 461 423 3228 7330 440
12812 423 402 871 211 797
12813 1909 9658 423 4102 8095 186 27
12814 423 3202 1840 6226 257 1355 2834 470
12815 115 423 5 40 337
12816 423 7530 621 396 9402 8492
12817 7062 414 4237 467 732
12818 4237 11310 1513 1683 719 773
12819 8643 4348 452 4205 4237
12820 11051 4237 625 4935 8126 5481 4986 640 310 465 9600
12821 4237 235 10770 4162 5233
12822 1123 7386 101 400 6442 4237 9400 9095 9085 1066 542 5424
12823 4237 9715 7207 2511 414
12824 518 3951 5736 30 5454
12825 629 115 22 1283 210 4985 746
12826 629 3141 5815 8971 6287 5416 3133 2572 4295 297
12827 629 1048 73 628 1616
12828 6827 4445 629 6745 7509
12829 8191 9359 6885 629 4385 9475 1033 6634
12830 3228 11032 10283 310 4069 1011
12831 3228 1050 811 1849 1011 1512
12832 5145 3228 1321 4600 6651 5727 9264
12833 7494 745 9715 343 5871 8677 257 1080
12834 9715 9001 8284 10335 6756 6614 9683
12835 11730 7417 1347 10993 477 3750 6726 374
12836 477 7062 2853 30 3156
12837 477 111 4903 3968 364 466 596 8678 460
12838 477 662 3198 542 4138 2022
12839 477 404 744 10128 10690 4949 7888
12840 3300 470 5496 4144 477
12841 1909 28 477 539 3205
12842 477 2513 34 11401 4957
12843 477 470 4365 7359 3561 3300 509
12844 477 662 446 4075 5503 7407
12845 477 9350 7062 3668 799 236 4812
12846 477 185 596 744 8174
12847 477 869 189 7939 11123 1575
12848 9743 10178 477 4127 8200
12849 477 7916 732 9620 539 3558 9804 5745 5242 10686 189 3153 532
12850 11046 477 662 5147 5242
12851 7269 354 477 520 11450 9763 6187 748 5475
12852 5034 6885 9374 477 662
12853 477 8917 8221 10118 9294 4901 11782 9735
12854 6090 11690 2442 7522 7361
12855 11358 4903 7334 2442 4097
12856 3978 34 4041 2442 9208
12857 2442 185 9366 6382 10289
12858 7492 2442 27 4808 3287 8626 5643 4750 8834 9878
12859 2442 4571 603 684 2943 9036
12860 2442 2031 5882 1307 8490 1071 558 7820 4020 11504 4254 769
12861 7616 2442 4819 710 4467
12862 9657 3270 5983 10381 11210 2442 10215 5117
12863 2442 93 453 2959 5943 1406
12864 2442 10478 2351 1271 23 897
12865 10867 2442 799 11234 5452 4211
12866 2442 409 8182 11218 11106
12867 2442 662 354 450 792 210 4964
12868 2442 10474 6962 7203 6001 6984 6945
12869 3952 354 343 189 8041
12870 4205 8041 470 441 4180
12871 4509 1873 888 5401 4408 1741 462 4013 10138 5484
12872 34 545 5961 5401 10284
12873 10227 10971 10230 7004 10887 10555 6508 2079 11327 1856 1855 3396 2049 11697
12874 10555 10931 11541 10932 10890 10883 10884 9990 10887 10886 6509
12875 10555 10476 9989 10932 10883 10752 7158 7165 10839
12876 4428 5404 10306 6499 6410 9648
12877 211 175 174 4428 5404
12878 4428 1649 408 8867 588
12879 4428 8389 9164 8622 718 3093 5845
12880 4130 706 1092 508 465 4428
12881 4413 9982 798 10471 275 7107 3243 4528 2554 8410 8062 5901
12882 8647 798 4411 4407 4057 10274 9646 596 339
12883 798 601 5097 204 8533 3506 9359 465 6482
12884 3593 2834 11023 446 50
12885 10931 10476 6295 9740 10884 11637
12886 10931 89 6509 7333 5943
12887 10887 9989 10931 10886 10932
12888 10931 10887 6509 8566 10886
12889 6509 11676 10932 10890 10476 10887 7004 10931 9989 11541 10933 10678 10884 10886
12890 6509 10883 10476 10890 11541 10933
12891 11541 10933 11194 372 339
12892 6816 234 542 10341 7424
12893 6816 10896 11295 495 11088
12894 5982 10234 4316 3195 4985 9321 11394 5191 10975 5863 11307
12895 5240 261 107 8086 7903
12896 2742 3833 7903 11206 196 7892 4492 9555 919 6362
12897 1663 7062 4362 596 7102 9034 1344 2877 6594
12898 1663 3679 2590 3670 11029
12899 1663 5733 6200 5821 1474
12900 3811 4411 5718 3205 461 698
12901 3811 587 185 10188 2500
12902 5931 3225 2845 353 2877 6837 4793
12903 353 3540 7681 4446 5502
12904 3754 10408 2853 9274 941 3903 5534 6646 4007
12905 3754 7062 3211 11444 11008
12906 9509 3754 6966 3880 6078
12907 4333 8654 244 3754 2207 2218 2413
12908 3754 3301 2382 6790 4431
12909 6730 80 3605 7475 275 2843 5080 5973 3038
12910 2849 5514 6325 6596 696 2843 8147 3104 9585
12911 2843 9382 722 6927 34 5555 246
12912 4299 2843 3620 3227 3970 8743 10702 453 533 6800 4069
12913 1664 399 4821 10222 7366 3611 11749
12914 4029 4143 4429 685 34
12915 4143 3555 3852 7330 722 588
12916 4365 8562 440 4143 175 6903 448 815
12917 4143 9117 3870 6133 3703 3273 11254
12918 98 10092 8157 6885 10605
12919 3741 10476 9983 10886 3173
12920 10476 5726 935 7810 4330
12921 10676 10677 11703 11455 11769 10883 10887 9740 7893 7004 10476 10888
12922 10476 6281 718 8565 8566 3097 2189
12923 10476 10890 10884 10887 10886 6509 10933 11676 9990
12924 5307 3122 6368 687 4012
12925 7417 9516 7430 3404 5337 4775
12926 11286 10015 291 6942 3404 4976 9538
12927 3404 175 3693 265 7339 838 1245 10012
12928 9986 2035 4818 3404 8771 4976
12929 3404 9108 4004 6569 6797
12930 3404 2842 3587 7239 3539
12931 3650 6843 5872 11411 9309 2101
12932 3216 4534 6843 2340 1469 812 8360 10217 128
12933 6843 5429 5270 1698 3087
12934 7775 1469 9121 7298 10499
12935 9121 402 3999 7639 969
12936 2270 9121 4430 3720 2591 3667
12937 8196 5234 6042 9121 685 2414
12938 4413 3633 8667 3195 6040
12939 3195 3029 6541 8868 8869
12940 10158 3195 165 4184 1909
12941 3195 9236 10393 966 756
12942 3195 3971 9931 259 4823 2811
12943 519 10168 3195 524 10421
12944 10911 2228 9484 3195 3813 4950
12945 3513 198 3195 3521 3539 687 3527
12946 8175 4133 9762 4377 3195 921 866 5306
12947 8468 4492 3195 8867 3987 3278
12948 3567 10444 8378 9129 6918
12949 4297 5468 8378 7382 9793 4703 5314
12950 2322 4731 217 11783 6185
12951 6185 2829 6039 2425 6348
12952 6185 6585 5193 6477 7571
12953 6185 3677 2369 2817 5040
12954 5848 1235 1277 6185 1032 5862 1074 1041 1082 2982 1179
12955 6185 652 361 5826 4912
12956 8581 11373 129 7924 9814 10610 9845
12957 10610 7387 8685 10989 4294
12958 526 3558 354 450 685 792
12959 526 10645 6156 1816 7480 6182
12960 526 5933 4303 400 465 5245 2802 1591 2824
12961 526 3326 217 322 10189 8337
12962 8535 2876 5202 526 2641 5465 419 10767
12963 6904 526 402 354 8264
12964 3506 6909 526 11653 757
12965 8702 4923 7153 6486 4731
12966 233 5549 8655 3775 3651
12967 348 6283 3770 2694 8655
12968 8655 3670 5227 4398 5873
12969 8655 9153 6958 4154 2832 6949
12970 1768 7206 1998 11441 1018 5232
12971 6941 7206 7035 7074 6879
12972 8703 1334 720 1016 1040 5860
12973 10674 5615 10675 8703 11709 11710 2165 10673
12974 6255 3416 7289 3571 8703
12975 3451 3508 1203 6001 2575 3035 11648 8703 7105
12976 11131 8703 5457 1792 5038 8021 5879
12977 5089 1639 3702 9768 7229 9228 4022 5929
12978 343 335 6786 748 9020 9694
12979 64 343 50 3903 9934 7348
12980 4416 3691 343 7014 5113 732 1740 1309 2853 6922 11413 739 3981 4047
12981 2457 343 10270 189 5242
12982 9734 4502 10426 343 5144 6926
12983 343 4832 9513 755 793
12984 343 6530 3268 2515 2546
12985 8671 2172 3183 10759 7954
12986 8671 9745 8216 10493 3614 512
12987 8671 254 641 3858 46
12988 8671 9744 1571 9432 4646
12989 9744 9358 11304 3946 8847 5567
12990 9744 6039 3927 2823 7479
12991 35 10271 10043 488 5528 6444 10031
12992 5528 10386 5815 8720 7017 5149 2540 8109 8110 5537 4118 6729 7732
12993 5528 3623 2863 2457 4065
12994 2649 530 3995 1965 5528 10975
12995 5528 7138 7242 6986 6984 6945 1358 6946 1511
12996 5528 1048 9449 3539 8357 7754
12997 5528 3623 7481 5309 3569 5380
12998 601 9147 7047 915 2459 6771 6273 7367 4795 6480 8370 262 7177 6647 1616 4680 8013
12999 2390 236 817 2592 6651 601 10286 4690
13000 1536 823 2664 996 1018 998 940 1321 1393 1646 10086 1005 601 1354 2933 1118 11296 958 5883 2548 1654 3406 1152 1169 1200 1122 1317 1058 1713 1177 4032
13001 1347 6081 601 3677 2369
13002 601 11521 10489 8594 4535 10889 8604 8605
13003 1909 8197 601 7613 10737
13004 601 9708 9165 1646 6633 1574 1625
13005 185 5566 211 1237 4170 10331 2999 11598 3893 1646 601 1651 2491 756 1373 3 1746 5840 1748 229 7094 1605 1463 5030
13006 601 536 1137 5242 3226
13007 8493 4075 10853 8116 8102 11621 601
13008 2241 3083 7452 601 7449
13009 601 4527 7352 2512 1413 8163
13010 601 6360 9621 5120 11027
13011 601 10298 3866 9731 8946 10710 2233 10156 8138 2378 9860 5877
13012 11276 601 685 3922 4880 5933 3858 3857 3919
13013 601 9603 5478 10643 465
13014 3288 601 4533 7629 1758 1550
13015 10880 939 792 3198 601
13016 4210 10911 9351 601 127
13017 601 5718 9440 524 969
13018 601 732 1051 2858 994 2906 1622 1105 1016 1296 947 1728 1034 1744 1312 1630
13019 601 10591 5267 174 7657
13020 1130 1101 11377 348 601 4579 4604 1328 2859 851 1159 1197 2462 1021 1749 1026 1145 2062
13021 333 1239 1209 601 1210
13022 4056 2651 912 3891 1484 1239 951 601 1457 1114 1201
13023 2063 4303 11295 9152 6180 601 9127 685
13024 8539 3372 68 11029 6739
13025 1344 11323 2677 6454 5607
13026 1344 944 11087 1424 3569 5312 9588 6745 3205 3201 81 5756 10472 4528 5222 5223 897 4223 7608
13027 4365 1344 3175 4158 5571
13028 1719 3691 7764 9950 1344
13029 1344 10748 5351 7781 7547
13030 7725 1344 4753 308 9747
13031 4904 5422 10598 11558 6340
13032 10357 5164 4904 799 9211 3315
13033 5422 10598 11558 6556 6933 2425
13034 918 8841 1550 11270 5422
13035 4764 4051 5031 8635 3006 1203 3391
13036 4414 700 2833 752 8694
13037 3555 7490 4166 10154 9339
13038 5813 941 10313 4699 5850 9549
13039 5850 10279 6090 2742 4686 435
13040 8264 399 1909 7613 520 3888 7920 8956 3771 4207 752 4248 812 4321 11277
13041 7544 1203 3351 6960 1602 3917 1048 3635 4215
13042 2509 9540 206 3351 2500
13043 3351 6 7418 9955 6590 2862 340 5459 690 11589 7238 7349
13044 4222 8506 3181 4297 3198
13045 4222 685 7604 9388 5153 5287
13046 11558 3580 3682 2212 7958
13047 11216 11558 10718 3993 10910 11668
13048 6226 2565 6327 9655 6556
13049 600 9655 6556 2649 10741 8747
13050 4744 7431 7007 3129 10255 7188 7429 8775 2218
13051 3499 3440 11784 51 5034 6138
13052 1602 2284 6576 8245 3499 3265 5577
13053 8916 2173 6443 2973 5483 9625 2834
13054 5034 6953 4903 4244 1776 10233
13055 467 11189 452 2877 9580 10233 10392
13056 6556 1719 1741 2567 9984
13057 11278 2834 797 8391 1719
13058 2569 2348 10705 234 9573 2369 7785 437 3815 3983 6387 5301 11351 4034 3052 5879 4166 7508 3731 4217 522 1657 571
13059 8747 9934 10218 8062 4925 7348 7785
13060 3697 7785 5144 6348 8819
13061 7785 2501 8287 4803 10664 9165
13062 10602 5163 7785 11021 6523 3150 10321 811
13063 1356 6454 6925 11625 10872 7785 3315 3770 3001 10552 4295
13064 7785 3224 3300 6120 8723
13065 9850 2065 275 3246 6121 3904 4060 502 7785 2211 4908 5484
13066 4977 6956 587 1410 413
13067 587 81 8335 497 4095
13068 5868 11668 3151 4176 587 5845 3134 441 3139
13069 587 4155 7026 8864 10303 1394 2776 7410
13070 3649 460 2834 587 10423
13071 587 1650 8922 3705 3239
13072 7570 3576 9984 9956 810 3039
13073 80 5085 3582 3576 3350 6738 6514 348 921 4580 1114 988 1687
13074 3505 11384 2043 2733 2633 10877 8045 7855
13075 5546 3505 2043 4644 4608 4454
13076 887 6313 396 2056 8651 3188
13077 6643 7881 5234 1354 7921
13078 4335 6362 3039 5234 7180 2668 11673
13079 8846 10710 5234 3020 6664
13080 6534 10268 5234 3151 4007 11210 10614
13081 4162 5234 3314 5915 3858
13082 3909 7509 9498 10180 1282 5234
13083 1149 5234 2414 483 1065
13084 10858 11585 11150 9329 8943 8940 9305 6160
13085 3448 6239 5334 257 3557
13086 3557 2808 10481 9217 128 6518
13087 10942 1250 3853 8324 11549 3451 11280
13088 10942 581 1731 4888 6745 7509 2210 1066 586 9926 4628
13089 7155 10942 6163 9741 7161
13090 5008 11709 11710 3451 9923 11785 9917 10942 9184 6763 11741 11786
13091 10497 9877 1251 11074 10942 11692 9078 3253 9909 9910 9914
13092 10285 5546 3536 3155 51
13093 4236 9471 3536 361 5546
13094 5546 2188 2250 4862 7815 51
13095 3556 3534 9587 7354 4803
13096 7859 687 236 8123 3019 10175
13097 8123 4696 6104 48 29 2434
13098 8272 7275 9707 10473 5515 3539 9330
13099 9327 3668 254 2556 641 10473 2620
13100 10473 11293 2277 4523 3300 7668 9148
13101 308 10473 4903 4058 9391
13102 6275 4976 2414 381 10280
13103 9541 48 4145 6275 9469 2832
13104 6631 6825 8592 8665 6144
13105 9815 8563 3966 8180 2111
13106 8173 11314 1533 4236 11677 9201 6847 1759 11419 5534 6828 146 5150 8798 9815 10326 4277 11591 3181 2039 2383 4166 1972 3061 10595 3940 1049 11678 11787 11788 11789
13107 9815 6684 4217 5688 5431 7544 9072
13108 2733 9815 3563 3635 9975
13109 2723 6149 7370 11432 9972 5764 10842 6446 3562 3282 11175 3694
13110 5111 66 9605 9972 8628 527
13111 9972 2444 1770 10857 4228 4139 3816
13112 9972 555 4523 4325 298 8093 9613 9176 128 4253
13113 9972 911 2870 3677 6075
13114 3074 1957 2195 808 2196
13115 3074 1695 1351 1231 1193 995 1847 2204
13116 3074 2967 3399 51 7714
13117 3074 1802 2132 3077 2134 1941
13118 3074 3077 3413 2957 2956
13119 1511 1532 3074 8787 10034
13120 1879 1964 3074 1894 2138
13121 4800 6525 3894 7211 10856 10924
13122 7211 9372 3648 10813 4088
13123 9605 7062 11293 4147 4245 3521 3620
13124 8331 7545 10765 10637 11647 741 959 11109 8935 10853 9489 5823 7408 10404 7191 7982 9606 5933 290 3916 6513
13125 1909 4260 7545 3525 11784 4813
13126 6743 1137 946 7545 1709 965 6319 3249 5944 4601
13127 11753 11135 3119 11110 182 3931 10633 830 11667
13128 7587 2734 11135 9070 10126 10353 2504 6584 10052 9145
13129 11135 10854 272 10623 9693
13130 372 4801 2231 11135 272 10623 274
13131 3119 2962 4980 4996 8346
13132 3119 5750 5768 1515 4037
13133 3119 4754 4236 273 8346 1602 4295 3868 7690 9728
13134 3119 4263 8787 7176 552 1650 6080 8180
13135 4117 4422 7455 2390 4441 8662 10323 6540
13136 9732 6540 5312 941 5978 5969
13137 6540 6752 2169 2513 288
13138 6540 3347 11551 7483 1716
13139 8633 9458 6540 8587 6413
13140 11424 9053 491 3268 2649 6540
13141 70 7380 685 7369 1271 4292 3824 7448 9895
13142 3770 7380 792 5721 5731
13143 2046 7380 3391 2888 3093 10286 7345 10287
13144 9674 9440 7380 4836 7470
13145 5500 5494 7132 2210 261 9586 1245 3850
13146 863 1696 3424 5803 10378 9577 586
13147 11171 5940 93 7407 5291
13148 8468 7330 4551 4716 1709 3679 9302
13149 1909 460 8468 6074 1551
13150 4384 4170 3009 5020 500
13151 4384 7950 8563 486 214 497 5469 4187
13152 4384 9247 9848 1123 9739 1203
13153 7970 5173 4384 8839 5193
13154 4384 2736 2488 4438 2492
13155 7673 308 81 497 8670 11790
13156 6519 3257 205 9557 3093 8750 10481 446 9573 7342 9768 5267 9352 10689
13157 7342 2326 1545 3886 6084
13158 6 40 335 350 27 5222
13159 8388 9160 335 2056 6497 2648
13160 335 1756 11424 3646 6529 10772
13161 8448 2303 335 2385 9495 8014
13162 8365 11219 7667 335 22 10058
13163 4804 5870 6772 10129 6827 11042
13164 11729 483 941 10989 6827 11022
13165 6827 4934 6572 5242 11159 3091
13166 1015 1430 851 1284 958 1308 2570 4327 8819
13167 1430 519 234 10213 5236
13168 1430 6994 6955 7213 5543
13169 1430 6885 9237 1602 3433 4122
13170 4547 89 1363 1430 5882 4292
13171 5648 1430 1622 1181 212 4626 1559 1220 2982 1299
13172 6885 10375 1430 3356 3248
13173 4175 6956 3356 1430 11468 8339
13174 852 1060 4074 1532 912 1430 1194 1678 613 1296 1211 810 1298 1219 656 1403
13175 5848 1274 7381 1568 7553 720 2859 4907 6751 1430 1140 962 1460 3249 5858
13176 1430 7802 4694 5774 571
13177 7966 4333 3245 7768 2742 3905 2683 3904 3903 3914 4502 11446
13178 3896 5570 5545 11624 2488 5932
13179 408 8628 5312 7033 8469
13180 8797 6582 196 8879 10052 5276
13181 3944 11278 8797 8587 10977 1118 5191 10353
13182 1028 1267 6288 1271 196 1425 1451 2660 1366 1647 856 157 159 1200 1165 836 167 166 165 161 1114
13183 2 9099 2789 11184 3458 9870 2184 980 6288 4888 10210 3782 3390 686 11475 10123 5412 2591 9850
13184 51 11557 7273 6288 1886
13185 11284 2862 8003 8694 7026
13186 11284 3833 11012 2031 6647
13187 9983 8792 11757 10180 6916
13188 10885 9989 6508 10282 10887 11327 10893 11676
13189 10282 6509 10886 11533 10885 10933 7442 5977 10722 11637 11134 11290 10884 11263
13190 10885 10844 7708 2073 2088 3370 5586
13191 11791 2077 10888 2079 9922 5281 11792 9901
13192 11657 5848 3308 1610 8083
13193 11657 5855 4860 4085 5949 10422 211
13194 8707 7551 7552 10128 9932 10590 2171 11657 1271 536 5727
13195 6966 1407 1911 372 2262
13196 2262 854 4267 979 361 10494
13197 6219 4444 2291 10120 2262 189 9536 1137 5443
13198 9376 862 4817 4771 10111 2262 9387
13199 4244 10111 7613 7181 2457 5515 4858 2262 6121 11643
13200 1909 460 4227 4800 10276
13201 7543 9812 4800 4348 7776 9018
13202 5122 4800 6589 8127 3175 4944
13203 4800 535 5981 11388 6650 11626 8742 1095 909 4061 9834 4925
13204 8464 4505 10960 4816 3944 3372 3444 10137 793
13205 3862 4152 4026 9216 5644
13206 51 1981 1802 1800 146 149
13207 399 9799 4832 724 1033 9457 10915
13208 399 3175 8150 11124 8981
13209 48 399 8471 9423 9436
13210 399 5677 4632 4636 6019 6015
13211 4309 399 8981 7564 11124 8196
13212 399 6790 6866 572 10167 8983
13213 4429 6546 2590 399 480 4957
13214 9233 4994 10707 6090 11301
13215 9233 7107 5153 3260 3936 6632 361
13216 326 9233 8516 4240 10405 259 774 10595 11262 1630
13217 5499 4208 2716 7738 7940
13218 2446 2796 1307 4180 7354 4323
13219 4822 5960 9580 10615 4131 2565 5351 6405 3981 27 726 2446
13220 1235 4407 4008 10908 367
13221 10908 2061 5946 11308 11309
13222 4137 7122 11672 6510 3662 4326 4281 11475 9227 4504 3912 3857 4219
13223 6300 9122 4407 5134 10221 5287 6824 7386 381 3101 4200 9475 1443 5640 9778 5888
13224 6388 8752 3039 165 4793
13225 4387 3962 2734 10709 6388 453 687 5263
13226 11445 6388 9844 7888 2212
13227 6845 3697 8558 722 562
13228 3679 729 3588 11357 897 11275 8720 3542 440 5770 6845
13229 10774 3709 3010 1895 6141 10382 3349
13230 8668 3709 1182 969 6557 11469
13231 7494 3709 9147 9724 9557 1648 2212
13232 2353 3480 7127 5010 5901
13233 5715 9535 5475 5145 2353 5247
13234 2353 3315 4523 10046 7815 6828
13235 626 3270 1909 6596 5111
13236 1574 3151 6596 3972 217 4891 11722
13237 4477 4109 8643 11680 10241 11613 4321 3478
13238 7710 9440 3968 83 80 4109
13239 8998 34 6255 9178 3690
13240 5767 2443 7133 9178 5896 2225 1550 6956
13241 722 9600 5103 5116 764
13242 5350 2366 5849 857 3093 4996 722 1045 980
13243 174 7845 91 2065 722 11520 8204
13244 3915 1225 722 48 7031
13245 8442 9707 5247 3296 7448
13246 3315 911 1897 8442 11022
13247 6439 196 1494 6062 8442
13248 8442 11390 11793 11631 11794 7607
13249 6541 4942 11355 8915 10607
13250 8533 4942 5560 1182 46
13251 3807 8614 7915 6040 5485
13252 3807 2922 11224 9927 1599
13253 3807 8 4328 5274 1187 5141
13254 3807 3620 3545 10211 3318
13255 3216 7522 3807 93 9777
13256 5 2444 5759 1770 7065 4140
13257 541 635 4413 5 4142 3398 100 11397 9099 4396 10017 5802
13258 9362 5 3463 3113 8840 9202
13259 5 234 527 533 9944
13260 5 7243 9364 2444 9915
13261 5 37 9841 34 4161
13262 508 7360 10562 4217 866 5 600
13263 5 9495 6748 4205 10775 785 10493
13264 5 10144 27 309 489 3818 9500
13265 5 6863 6786 3591 4335 2248 8579
13266 7474 5 385 11393 3833 11336 6406 4925
13267 5 4367 5440 11447 10582 9254 710
13268 115 8503 10439 7570 2175 6037 70 6419 5 470 2850
13269 5718 446 9034 5 40 3962
13270 7742 7062 175 10563 5
13271 5006 7920 6 9370 11587
13272 8319 6 14 1355 3753 6174 6458 2291 7466 6775
13273 111 6 34 9364 265
13274 6148 8471 9409 8872 1770 9767 10632 7814 4317 9416 10256 6 1380
13275 3315 2834 524 4685 1511 2381 2789
13276 1404 1061 2381 3032 10326
13277 350 7723 4431 6637 5575
13278 350 7449 10374 1119 4570
13279 101 11144 8694 11051 350 6545
13280 2108 613 9835 80 789 4433 9471 913 350
13281 3833 350 4175 7483 9500
13282 1542 350 1056 3 1746 2059 1078 421 1747 1176 1712 5018 1658 3174 1115 1264
13283 350 1242 5145 2863 9541 1040 3968 3039
13284 3952 1909 350 2175 339 11257 8986
13285 350 9756 6655 3912 284
13286 404 5975 350 10045 185
13287 350 367 459 234 9574 453 3818
13288 350 2613 4029 451 797 5144 174
13289 600 5966 350 8848 11300 7378
13290 350 4367 1183 7145 4338 11102 11354 6899 1511 6249
13291 8098 2246 7650 10648 350 290 1549 1067 4528 3868
13292 9786 8249 11621 11052 8445 645 4681 5962
13293 3428 385 3756 4348 489
13294 2989 3330 6072 7299 6556 10659
13295 10659 8243 10339 9307 5986
13296 3592 7397 3726 8243 94 489 2991 234 1363
13297 6355 6303 4069 7397 10495
13298 9117 6435 1096 466 316 2565 7061
13299 2958 4184 361 2215 10131
13300 10131 5940 7360 568 11254 8457
13301 7879 10301 7068 5034 6786
13302 5726 101 3259 10805 10253 673
13303 1602 5726 3259 2261 9232 1371 3866 7432
13304 5726 2633 10877 4860 8613 1575 8725 10622 6024
13305 2829 2288 5726 6314 5948 1330 5860 3963
13306 5726 2988 4924 3894 1492
13307 5726 4354 7580 10900 9776
13308 8558 3477 3507 5006 6045
13309 3507 9402 11659 4324 7940 6378 1066
13310 272 10623 274 657 3507 1137
13311 3726 5314 244 630 6482
13312 3726 452 11415 11416 11417 9451
13313 3726 7169 9366 7939 4993 659 3140 6201 10785
13314 4411 3726 8276 30 338
13315 440 470 469 522 11330 6129
13316 469 3579 11078 1150 8485 8486 1872
13317 469 383 10423 7425 3693
13318 2796 3841 2733 321 7928 298
13319 2565 5890 465 3630 2796 4385 6800 7389 9317 4981
13320 8127 905 9946 8590 2866 9093
13321 2521 10755 4299 453 8447 10691
13322 3797 8918 11571 10340 1048 555 7360 6118 8489
13323 10340 6575 3665 4900 7972 2811 1183 8324
13324 10340 2683 7993 2172 7738
13325 7977 4348 10307 625 4438 11390
13326 625 28 89 687 9621 710 5759 11397
13327 625 7363 460 3634 6791 3983 653
13328 44 8708 897 509 4293
13329 44 6832 174 93 495 2228
13330 5075 8867 1118 6835 1245
13331 1602 4302 5075 555 263 4329
13332 6752 402 5075 446 3198 10727 5110 83 6043 5437 4180
13333 6040 7341 1469 6772 4731
13334 7341 2398 4519 3833 329
13335 6563 4523 6723 2408 8801
13336 3078 5722 7426 5117 4925
13337 7237 7620 3078 11058 7150 9184
13338 3250 4355 8280 9482 4976 516 4813 3020 717 453 7180 3691
13339 1845 437 7180 11790 211 4836 4719 4720 4721 4722
13340 875 4208 9410 9415 4399 7063
13341 2943 196 7568 11432 7552 875
13342 7297 6311 11176 1897 4338
13343 7297 3579 308 7331 64
13344 7297 10440 4284 8505 8381
13345 527 8485 10811 4057 535 10789
13346 932 805 964 738 1370 416 11453 5865
13347 5589 3521 3620 5215 9532 7361 3300 6369 6317
13348 5589 5959 8962 11347 8083
13349 5589 2338 6859 4513 8189
13350 5589 4081 9197 6211 8428
13351 5589 596 7352 10102 11397
13352 8694 7575 6748 487 4312 8091 8675
13353 6899 6154 8208 11119 2764 6912 1354
13354 1821 1887 2134 2151 2132
13355 2132 1830 1957 2195 808 1833 2117 1932
13356 5832 511 2268 14 6340 8750
13357 5050 4374 6125 1100 9644 1589
13358 9146 3999 3858 4501 1182 4216 969 2231
13359 360 3080 5680 1648 9895 3133 1710 9341 1434 1528
13360 1951 1791 1986 1879 2049
13361 1791 5478 7204 5813 2660 4124 3838 4499
13362 1048 7172 6529 1394 11763 11552 2303 5628
13363 2280 4823 9887 2169 7576 1048 265
13364 8158 1716 1048 5434 10123
13365 1048 30 5916 5855 2521
13366 4392 7044 1048 6483 3091 3667 9902
13367 466 7271 444 4821 250 1048
13368 8695 9941 663 1048 9984
13369 11610 2817 5925 1048 5380 10211
13370 8506 3153 3528 3670 5785 6327 1048 3540
13371 1048 11044 3300 7993 5309
13372 2841 100 83 3092 1048 7051 4407 9933 665 10856 6443 2247
13373 3716 11633 1048 11693 10006
13374 1048 3543 6483 1602 1203
13375 6155 11092 1048 3646 3091
13376 3430 2733 2776 4832 8737
13377 3430 3175 919 9330 420
13378 3721 6558 6029 6786 4166 2339 295 3829
13379 5514 4081 6211 4408 3211
13380 7520 6211 4081 2834 755
13381 6211 4081 961 1182 8113
13382 6211 4081 9557 1961 10661 2929 4862 1745
13383 11507 7749 6211 5959 8428 4081 3301 6497 8946 9936
13384 3597 3526 338 720 8819
13385 3597 4748 3480 8121 2408 11775 8117 10846 11379
13386 257 4803 6226 2457 2566 1413 8581 445 5113
13387 4803 3385 2268 8140 1550 7383
13388 10592 4803 6192 6097 9060
13389 8957 4803 5082 8500 9668 9265
13390 9773 2174 783 115 3575 28 3149 11664 1408 8187 3818 4265 615 838 961 4803 969
13391 8696 11084 3315 9895 11761 11723 2873 5996 2793
13392 10542 10529 250 8696 4137 2487
13393 2752 2385 2369 6491 4283 9210 5260 960 4772
13394 259 2238 4175 10135 10134 8598 4315
13395 2238 9756 4888 4820 9848 9842
13396 497 11126 2513 2652 792 2238 10667
13397 5523 8199 2238 628 10039 2787 8944 361 3062 9111
13398 3355 1998 6962 969 502 3857 3918 1182 6986 11177 11211 265
13399 11177 408 9183 5759 4228 7738
13400 9096 4832 9436 9460 5718 5447 7590
13401 1407 8273 1307 9096 1620
13402 9096 829 3962 10053 1245
13403 2911 9462 9204 4170 1364
13404 8126 8261 6482 11106 9462 3623
13405 10726 3087 1123 5573 5145 234
13406 9668 10602 3592 8143 5163
13407 2210 7170 5187 5413 5270 6795
13408 2422 7920 5767 4244 7848
13409 2437 7119 11295 2803 2422 10323
13410 9764 10304 2422 8869 3742 7624
13411 8864 1516 6253 5891 910 2961 920 1351 1280 3911 2200 1208 1036 9645 5900 849 333 1358 1151 1431 275 1020 3249 1810 5944 2982 1438 5030 4601 5887
13412 8107 8874 5535 1471 10853 11223 10411 11795 10413
13413 8114 1471 2339 5042 2494 10648
13414 50 1471 2954 4069 5452
13415 7566 1471 2751 3469 4832 1383
13416 4431 1471 467 4950 1522
13417 9711 6070 6069 1471 2428 491 913
13418 1471 512 448 491 451
13419 2974 1471 9399 8235 382 3315 590 1978 6073 6023
13420 4227 3427 11149 3172 10282 10105 11204
13421 11425 9098 8844 4254 9886 11639
13422 126 4994 8575 724 4429
13423 4429 40 8865 8487 453 480 508
13424 4429 7488 3416 9999 10484
13425 4429 427 7321 128 2820
13426 8373 4429 40 7116 6037
13427 4353 7886 7802 2967 3399
13428 911 3851 7886 5173 11554 8741
13429 935 3953 3670 4500 10642
13430 3953 5204 7938 2764 4027 5579 10301 9142 19
13431 3953 402 1777 5242 928 1620 827
13432 3440 2284 5753 6576 8245
13433 3440 5137 3043 2325 9848
13434 10443 11338 5763 1619 11291 4557 11399 2270 3440 398
13435 3440 147 1187 1340 4323 9750 8759
13436 5231 5291 4098 2003 7534 6431 4292
13437 2003 366 5559 11202 10682 4151 10540 552
13438 2003 10740 5967 2539 4769
13439 9526 7570 539 5452 72
13440 11012 27 1123 1741 175
13441 175 3558 9804 524 11341 1553 10164 151 812 999
13442 4051 7484 175 5226 5258 5795
13443 10865 175 4280 196 4198 1492
13444 7473 175 7385 7207 8685
13445 1028 1340 1268 1267 4534 1404 1270 1274 5457 1062 1441 1389 1235 1281 938 9204 1647 5623 1655 159 226 1045 9730 227 1630 989 4887
13446 4534 596 354 11361 34 706 8880 8109
13447 6115 11365 5787 10112 5873 8339 11468 7089 11736
13448 8795 2348 9887 2039 6728 4826 10001
13449 11447 5524 4593 11414 5334
13450 10485 10541 3023 3879 1597
13451 10485 337 51 9505 8777
13452 10541 10486 10393 8016 8448
13453 10486 2338 2368 1553 7299
13454 7955 8157 6405 606 2457 10479 3829 969 3983
13455 7955 2554 1630 10289 165
13456 4028 6500 7955 1354 5263
13457 9081 10760 6370 9652 7472 661
13458 2115 273 3129 4996 10225 9051
13459 3955 8194 883 3651 7360
13460 8855 3318 883 799 222
13461 1865 5545 1334 1792 3143
13462 1865 6801 2196 2117 1889 2918 3146 2155
13463 1887 2114 2196 3256 1885 1865 9061
13464 1865 3413 1582 9674 4144
13465 1865 51 2964 146 147 149
13466 1865 1597 6477 2487 5882
13467 3892 6928 128 6518 4178 10292
13468 9561 10156 361 5610 6695
13469 1847 2204 5757 1403 1592 1416 3618
13470 3618 3613 4227 291 462 10637 1647
13471 10202 600 3431 8723 3670 6629 6047 11029 1615
13472 17 7535 600 544 1741
13473 8353 6720 11152 4059 6490
13474 8353 4166 9378 6720 11152
13475 8353 10352 10551 6202 1620
13476 8353 11557 7694 854 647
13477 6920 3929 6143 9287 7747 9657
13478 3670 5470 322 11601 7702 4778 11536 6385 8971 205 4000 8223
13479 1419 8879 8971 7992 2820
13480 1586 2959 755 1152 7311 223 224 5158 1371 5160 10592 1682 8201 405 544 8971 9859
13481 10614 4872 98 7747 385 1909 4437
13482 385 40 73 489 490
13483 385 5255 3457 2961 2039
13484 7542 385 4544 2609 5314
13485 7738 10469 385 1518 11649
13486 6532 11361 385 5549 9480 234 4977 8157
13487 11048 6060 2973 5914 2012 3039 9440 5024 5861 9271 11663 2264
13488 11283 1761 11048 8191 5404 8510
13489 293 2779 5356 220 5699
13490 293 10475 9841 4396 8769
13491 6583 9555 8841 2932 3421 2733
13492 453 5902 1349 10475 812 1082
13493 2921 9824 352 8001 9242
13494 7062 11411 5152 1094 3521
13495 1355 7062 8007 1978 4737
13496 440 10604 7062 7473 2567 1741 3481
13497 7062 5244 4570 9439 1658
13498 7062 6785 7919 3763 4280
13499 7062 10686 416 11737 6387
13500 4393 7062 9682 4082 11606 4350
13501 2063 7062 467 89 1359
13502 10747 7062 3810 10558 663 7331
13503 4070 11691 11620 8848 7062 4411 6645 706 7910 323
13504 7062 189 5567 11418 3152 5309 1589
13505 6590 381 7062 7091 470
13506 711 8744 2592 590 7062 450
13507 400 4144 8650 405 7062
13508 9989 3549 2717 2718 630
13509 10674 9740 9989 10890 6509
13510 3313 8564 8565 8566 5977 843 10884 10886 9989
13511 911 7164 8565 6509 9989 9990 10933 6033 10886 10752
13512 11110 1182 3919 515 8346 8667
13513 11110 10436 273 6644 11781
13514 5680 3341 2169 2971 992 1199 9612 7534 6419 2973
13515 9001 4052 2169 6475 774 4459 7236
13516 3347 687 8242 2169 8 5492
13517 2169 4732 2437 9484 9531
13518 536 6469 1310 2378 2169 10265 6962 6812
13519 2169 10672 7157 10670 10671 6013 4630 4631 4635 6017 4774
13520 2169 1278 1152 6086 2728 762
13521 2169 3552 737 3050 1894
13522 866 3858 46 969 9851 3857
13523 866 6219 354 8115 3162
13524 5057 5586 7208 684 8168 866
13525 7474 1909 5873 497 866 397
13526 8643 866 4949 2101 8273 685 5156 5357
13527 1513 11449 4843 866 793
13528 5144 866 354 9869 9460 792 4321 1625 1689 6319 473
13529 866 51 1426 9848 5300
13530 4244 8126 4980 866 9927 8 544
13531 866 7096 3320 11155 10152 3318 4295
13532 34 9420 547 9360 974 866 5356 799 545 304
13533 4000 1649 2501 5700 4285 9555 645 7236
13534 2501 9540 6391 7692 2378
13535 2501 2565 4832 2567 3855 1398
13536 3673 3968 7364 4057 5141 516
13537 10043 5312 9712 4690 3673
13538 3673 470 8134 6632 7920
13539 3205 3673 688 543 5107
13540 3753 6981 10151 950 10347
13541 3753 3661 9359 8283 2565
13542 220 3582 6231 2536 111 4976 2929 4000
13543 4004 220 3377 3539 1330 9599
13544 5543 3409 6962 6875 220
13545 915 2221 220 10073 8280 10684 4239 5903
13546 10810 11380 9863 3386 9847 220 7830 7784
13547 220 5586 8759 2384 2111
13548 869 4145 4541 448 220 1602
13549 220 3599 4198 847 994 413 4781 1056 2060 1558 1024 226 227 1012 1046 11787 1315 1316 1264
13550 9448 5948 2938 8380 5586
13551 1718 11758 4526 6627 4711 9448
13552 9446 10126 2293 8711 2794
13553 2794 3001 64 3201 698 9933
13554 383 3148 9862 544 6583 7922 3191
13555 8512 1738 383 10048 586
13556 383 3431 4333 4591 11423 10203 10210
13557 11039 6684 427 8614 4283 9210 3039 383
13558 909 383 7564 1271 11485
13559 10201 3117 3135 9548 8169 1271
13560 10201 1028 1334 3467 1421 2715 10053 3448 1052 1613 1726 978 1364
13561 5913 4709 8678 4083 2208
13562 4309 9413 901 7998 5312 2173 4151
13563 901 2613 4392 7208 10692 9352 10179
13564 512 2954 3083 9167 1376 5129 7788
13565 11516 11318 3816 613 361 7080
13566 11500 11318 208 11499 2369 570
13567 11318 9390 196 1157 992 1725 200 1389 1451 1137 724 2651 3963 1181 6756
13568 829 862 6574 10494 9646 10397 10554 756
13569 4179 1164 10397 9882 2389 9449 9576
13570 10763 11382 6785 4801 5782
13571 6785 2736 3922 657 127
13572 7866 5783 3749 6785 5503
13573 9364 62 6785 316 3912 444
13574 9400 687 400 685 9800
13575 8543 9400 3558 9804 10327 467 5120 8844 1110 6580
13576 11348 7906 2613 5404 517
13577 4205 467 8016 1705 7365 9982 10478 9762 7581 9763 8175 9306
13578 11168 7850 1621 10334 8148
13579 10334 9697 5482 4247 4393 746
13580 10334 9697 10926 10073 8931 7320
13581 1840 6135 10684 9697 310 11699 5896
13582 10073 9697 2922 6968 5802 3941 3948
13583 10073 8794 9073 9059 9389
13584 10073 8623 10205 11465 8180 3816 4331 6078 8939
13585 10073 4451 552 4422 9965
13586 10073 3744 8601 6896 5534 5537 7934 11795 6850 4261 2834 8558 9736 10287
13587 3601 2374 9697 11741 11697
13588 10436 10707 4128 6354 3992 8659 7472 9697 3148 7619 3989 1413
13589 2386 8748 9828 10300 11721 6615 6603 9697 2834 127
13590 11487 10136 2675 10679 4633
13591 6733 407 1306 4154 7553 1736 1295 1738 11487 4907 724 4577 999 1138 1104 562 1325 1678 413 613 480 856 157 810 1044 275 415 1143 4599 421 1078 1152 167 815 1161 160 1560 8598 1079 970 10451 165 1169 1011 3372 1171 1260 645 974 425 11112
13592 11487 5299 9834 7550 1354 1650 6548
13593 9951 9530 4252 4253 1044 6078
13594 11298 9530 9951 7517 3315 5975 4335 5992 3171 2870 3469 9078
13595 9907 10061 2221 5274 9530
13596 3742 3531 9530 6598 11728 11427
13597 8112 5010 8117 6850 8879 9530 11104 4231 1107 8122
13598 6249 8967 3614 337 7877 6860
13599 5005 2513 3871 11233 10759
13600 5005 3979 8276 9217 2827 1726
13601 6922 5005 2303 839 813 842
13602 5005 3300 5111 288 6800 2274
13603 6253 8269 2457 4280 3677 4776 3130
13604 7242 11793 7607 7609 9882
13605 7604 4808 2699 1602 5835
13606 941 11189 5586 11645 10800
13607 10800 9142 10919 7027 10472
13608 2983 10800 10920 5772 2988
13609 560 10412 64 10800 3613 6978 8829
13610 10297 6518 7402 4000 9216
13611 4352 1117 6818 10381 2452 2857 4651 3901 2944 8790 10428 3236 4996 11411 11668 10578 9484 3595 491
13612 4353 4614 1028 4651 8155 10921 1677
13613 7395 8493 870 4348 8134 1182
13614 5287 5480 5800 5987 7885
13615 5800 352 1599 2922 8224 5310 3857
13616 10443 115 6106 440 8066 4145 8151 8261 2932 1574 1599
13617 3531 9611 115 3762 3087
13618 115 3349 3313 7334 6423 7534 8968
13619 115 3392 5928 6306 5144
13620 115 48 5083 4822 1145
13621 4999 5983 1071 4254 115
13622 115 48 7563 464 9471 2398 5214 5575 4216
13623 115 80 8725 9712 6040
13624 1648 969 9705 115 3504 8616 9541
13625 115 3218 2565 1649 10978 4743 11068 7820 9943 1307 9359 4997 11167
13626 9898 80 115 9509 369
13627 1426 239 80 3588 3260 3514 8010 3979
13628 80 8773 6771 7880 4477 4288
13629 80 2565 4466 783 1307
13630 80 876 859 10297 4210 4303 108
13631 3492 871 7391 80 7563
13632 80 3783 4328 9968 2209 7236
13633 5680 8976 5671 80 745
13634 83 9599 10194 4095 80
13635 10358 1909 80 364 9458
13636 4743 2250 80 308 931
13637 48 80 3392 9559 3941
13638 80 1531 446 3567 11164
13639 80 5632 10181 1897 640 9203
13640 7716 257 4980 80 9257
13641 452 9453 3983 747 10427 80
13642 80 3941 5117 4113 745 9755
13643 888 7579 80 5573 4374 4303 562 11040
13644 1410 2656 80 4799 2108 10986
13645 6252 2834 691 80 446
13646 4393 80 9591 5427 8273
13647 80 554 5440 467 9497
13648 80 497 446 1066 548 9970 5214
13649 80 1449 4095 8773 1448 1405 8541 4074 6237 410 1621 250 969 1661 5856 814
13650 5420 4303 108 2834 80
13651 80 8672 11006 684 1519 8512 1283 3984 7466 6256
13652 448 365 5465 7377 80 2834 413 5874 4388 453 10905
13653 3675 80 1123 581 5470 7892 11042 1574 8687 10745
13654 7702 80 5770 4091 6227 756 3868
13655 80 9429 10558 9500 8513 4408 3588 381 10996 8431 8232 1163
13656 4095 7364 80 9556 1182 10167
13657 80 4095 9513 3530 81 234 7481 465
13658 4372 3922 3948 8541 3211
13659 8541 2954 3245 4000 1895 6595
13660 4145 8512 3203 3679 27
13661 3203 8197 7452 455 655 9508 5561
13662 9690 3203 4102 6230 9812 8190 7566
13663 1137 4399 9807 4781 94 3203
13664 7555 11227 541 3208 2931 3200 9127
13665 541 3202 9470 10305 4029 8057
13666 1909 941 7534 3983 7269
13667 464 7507 8456 11254 8178
13668 7507 8058 5068 6371 8062
13669 7507 4918 7449 6922 1550
13670 8623 10205 9444 8180 7507
13671 3208 5718 10530 3732 9938 205 9270 9591
13672 7418 6399 3000 6775 1909 2667
13673 257 7698 5948 7418 2803 2804
13674 7418 10043 2786 6399 2783
13675 7418 2797 259 2789 3123
13676 10325 7418 2803 9205 467
13677 6356 3957 9556 498 10617
13678 4481 3838 6281 446 2736
13679 6241 10533 128 3591 11367 8289
13680 10533 5559 6717 9680 7688
13681 8761 9430 8056 7050 8090 11796 7981 9609 301 3248 9906 2783 6274 4893
13682 9866 5833 6502 11175 8667 4752 522
13683 2685 5833 7896 2498 11748
13684 5879 9429 10778 9590 5833 9781 4000 11797
13685 364 4393 536 4415 9863
13686 364 10748 81 22 1162 9554
13687 7356 9761 185 364 7366 9395 5554 5958 5137 5107
13688 364 5279 5163 7237 3960 11184 11638 2459 11760
13689 364 4416 495 363 497
13690 364 1829 28 687 10299
13691 5054 364 9129 9108 8191
13692 364 11045 2320 5102 5493 5109 4831 6327 2567 4324 111 1174
13693 1337 7888 8660 7727 279 364 5995
13694 6032 5586 7978 8759 6034 11127
13695 583 11127 6287 11371 1735
13696 111 244 8529 3291 11195 6221 6593 6055 786 8276 2270 5040 11127
13697 7273 9215 11127 5555 3169
13698 5928 7845 2577 174 7339 3833 4112
13699 862 2624 467 6619 58 460 8060 6231 6929 8678 174 10529
13700 174 6324 3703 4437 15 205 6217
13701 174 876 10879 1161 7189 1589 4047 811 8392
13702 174 7613 643 440 3398 789
13703 174 7091 340 3189 462
13704 6906 11798 6793 10317 10497 9567 7103 6908 11799
13705 11800 11801 3285 3284 6907 7914 9921 9922 9904 11628 1015 11802 10380 7606 10317
13706 10317 6906 9917 11232 11802 3617
13707 3617 3621 11803 11798 6906 11804 7195 11805 11118 11791 11461 11806 11692 11807 11280 3405 10376 11801 11434 6907 5601 11802 10534 1251 11808 6762 11799 11075 3284 11396 10459 11809 9566 11074 11792 1255 11599 10497 5846 6763 3112 11641 11076 852 1337 4620 10402 5994 558 9911 1191 6793 11404 8341 1015 9184 11810 7914 9921 5281 2182 9922 9920 6105 10317 9567 11811 10380 9918 11515 300 9344 301 7168 9198 8379 313 11812 9902 11813 9908 9913 11814 11815 11816 11817 11818 11462 11819 9905 9904 11820 11821 11822 11823 11430 2249 7606 11628 11824 2185 3248 9901 2183 10735 11825 11826 11827 3247 3249 1263
13708 10497 11280 6793 6908 11807 7103 11461 9566
13709 10497 9567 11813 9913 6764 1262 1263 1264
13710 10497 6906 11280 11461 6908 2053 7978
13711 10943 11404 11807 11799 11641 11075 11805
13712 9917 10943 11118 11801 10376 3405 11803 3284 11396 5281 11486 9909 9906 10735 1115
13713 11074 11280 10943 7394 11076 11461 9877 6793 6906 9567 11799 11806 11805 11800 300
13714 10943 1251 7394 9923 6906
13715 9877 2627 8946 1000 6572 1647
13716 9877 3169 2847 4053 51
13717 9877 9662 10165 11582 7235
13718 9877 11641 1015 1255 11821 9921 5281 9911 9918 2182 11515 9343 8379 7168 3248 2183 2694 11827 1262
13719 2063 11450 2291 9689 8866
13720 2063 878 10760 8348 465 4144
13721 2063 361 5610 6859 7345 9691 11212 10416 11292
13722 2063 8385 1777 3096 28 8531 4297
13723 6381 2816 1354 4694 10347 6078
13724 4127 1016 6448 3963 10145
13725 8344 6448 10146 2734 768
13726 9346 519 5420 8389 6090
13727 4935 6966 11205 3948 7451
13728 4935 11205 397 9507 728 10189 727
13729 581 11691 4935 915 1740
13730 233 30 520 1160 6944
13731 4439 11758 5700 3278 519
13732 4439 11208 11266 5245 2124
13733 720 5113 4439 3746 8776
13734 8729 4439 4365 7613 6327
13735 10703 6476 9980 10499 8153
13736 2615 10703 6156 1155 4654 1425 1129 1336 1135 412 1553 1208 1107 2726 1627 1629 1075 1654 1488 4781 1460 1109 1184 984 1059 5030 1605 1115 1228
13737 11390 9728 6041 3315 125
13738 3039 7517 4355 7725 11179
13739 7517 4352 6914 7422 5759 4228 4139 1770 7065 9934 7348 7346 4140
13740 4966 7092 2829 11524 5191
13741 2184 3972 7521 7092 5435
13742 8558 11535 6252 4686 10426 9745 3860 2241 309 337 9374 8333 7092 554 2215 9440 3857 9145
13743 10325 5251 5250 10129 801
13744 2443 792 6632 5080 4437 400 11049 656
13745 5080 4044 676 7501 2590
13746 5080 99 580 774 8431 7346
13747 4856 2941 8273 7354 3676
13748 257 10018 5455 8398 9491
13749 453 9658 690 3905 969 1182
13750 30 234 453 3372 10335
13751 5147 8635 3221 453 791
13752 871 3639 7452 453 1436
13753 585 4709 8345 453 4326 10115
13754 453 2829 257 9930 3916
13755 11590 4696 453 34 6325 27 2609
13756 2851 1282 3457 453 10208
13757 11205 5961 470 453 10559 7353 11276 10645 663
13758 497 48 3218 3968 453 2223
13759 3693 453 3531 3236 3913 3904 7449
13760 453 7693 10381 3008 8382 6003
13761 453 8482 2863 6308 8337
13762 5536 10405 11125 6735 5818 3224 11681 6239 1729 5199 10965 1737 4680 6647 11457 2540
13763 3848 8348 5287 7027 1560
13764 4818 3848 4408 11187 9793
13765 8979 361 10599 3184 6650
13766 3298 8979 5873 7802 6221 8047 645
13767 8979 1897 2972 6575 11320 9549
13768 10723 6720 8979 7728 11136 4352 2911 10575
13769 503 8979 6239 3525 3609
13770 8979 190 2887 3881 2339
13771 5476 1762 4352 5517 6947 655 7588
13772 4035 1394 11670 4352 6831 8738 6828
13773 7649 7602 4352 11828 11136 5952 11168 4281
13774 7093 2408 5534 7119 8807
13775 11386 4509 34 6966 4622 7770 5496 9497 2543 381 756
13776 10728 8538 5060 10704 3858 8987 196
13777 5156 4187 8538 5845 4716
13778 3043 774 9001 10576 7072
13779 512 4656 309 3083 8680 10264 1443 7356 8540 11225
13780 5609 7356 5565 548 7843
13781 3684 7457 22 6398 7356 2716 7353
13782 5259 7356 9854 519 236
13783 2570 7356 8540 736 2565 8726 792 10588 10071
13784 764 1010 5302 11502 6200 11562 8227
13785 2618 11278 6494 3309 7511 1442
13786 11278 8977 8355 8279 1593
13787 11139 7413 4051 588 452
13788 588 5666 5609 3052 571 6137
13789 6941 11554 6940 10368 7098 319 7226 6976
13790 40 732 684 11497 785
13791 4638 2133 40 2411 6812
13792 40 3571 5472 9594 339
13793 5965 8515 40 3558 10268 14
13794 40 8585 5151 8973 5881 8582
13795 40 11664 684 8161 7382
13796 369 40 9853 1410 8203
13797 40 73 4334 1 3400
13798 4230 4819 8946 1620 1321 7413 822 6395 9589 10438
13799 2676 2562 994 1295 1032 1365 1644 1321 1104 1212 2192 2548 382 1164 1167 4594 1686 986 1687 6759 2936
13800 6500 2863 8168 10259 9424
13801 10944 11785 2863 9908 5042 3253
13802 3189 4193 2064 5785 5687 9418 1443 2863 2512 4161 1359 8980 3184
13803 189 5242 3444 6546 7524 532 2863 6885 117
13804 1718 2863 4638 200 1724 1324 848 940 1396 4350 1042
13805 2863 2870 4862 5411 297 10036
13806 4348 2863 8614 2649 9859
13807 2863 8918 5134 4075 8614 8683 1761 6992
13808 1679 524 4951 1550 4166
13809 48 3690 1679 7030 8198 6783
13810 1679 6783 6896 11746 5268 5254
13811 2225 10613 1679 2038 7283
13812 9236 1679 4929 7497 4795 6440 4144 2464 2466
13813 1679 662 7564 9687 4357
13814 1679 2768 10376 6353 7568 7875
13815 101 348 3044 4101 8568 6338
13816 9270 34 8491 3847 6440
13817 8377 34 3444 2004 8426 2437
13818 34 9834 953 8986 4002
13819 7752 1061 5714 7038 1615 34 6212 6664 4684
13820 10989 34 2716 11098 10221 4240 4318
13821 7345 2082 34 8695 7316 4119
13822 6597 8253 34 5912 2834 4166
13823 7387 418 1810 1025 34
13824 34 326 3546 2444 3679
13825 9782 34 3349 680 7930 3475
13826 34 6695 8986 10483 1385
13827 10936 273 7566 4995 1518 10255 34 6458 9497
13828 34 2304 8846 440 257
13829 10593 9311 34 9314 3934 4511
13830 4835 34 4581 4166 392 2778
13831 7009 34 544 3040 5575
13832 7558 8731 34 3181 6037 70 9610
13833 3207 8574 7177 34 7486 7192
13834 3173 6333 2830 34 5550 1970
13835 34 9331 599 4293 10625
13836 34 7073 4193 4732 464 7455
13837 9414 9412 7378 7523 34 10690 9311 684 3390
13838 34 3675 9361 11610 914 19
13839 34 2937 8272 8140 5120
13840 3226 11529 404 34 4414
13841 10919 10465 10143 34 1123 10262 8887 10744 10296
13842 3218 2065 34 402 7884
13843 34 2403 11349 1685 1641 7813 9767 9082 6202 10172 10632 609 611
13844 7430 445 5452 3978 5525 160 34
13845 34 512 185 2351 10196 30
13846 1137 9746 8985 9509 7490 34
13847 1173 34 381 257 196 1602 389
13848 34 1777 2454 5570 11606
13849 34 3893 7810 11211 10365
13850 3697 9600 5565 9608 34
13851 5955 34 8330 4326 645
13852 34 1627 9065 2504 1317 9145 6651
13853 127 9429 3690 5503 8157 34 7430 7828 2004
13854 6751 9418 7930 4890 34
13855 5033 2284 4776 3583 1717 3899
13856 5685 10518 3451 11536 11078 2284 2428 5519 1340 4166 7889 51 397 147
13857 2742 2284 5033 9729 1650 3963
13858 2284 3446 7073 4193 6576
13859 2232 2284 10257 11468 6786 187 7877 8476 6576
13860 3727 5604 2284 10257 8477 2576 7107 7675 8709 8739
13861 4569 9724 11513 1020 2355
13862 2928 10315 4569 3149 3691 3481
13863 519 6556 7873 665 511 5915 4798 11035 6814
13864 3697 511 4436 869 340
13865 2449 6627 1123 1494 295 2742 941 502
13866 1173 4490 1313 7799 2419 2877
13867 3629 9235 3539 3679 9759
13868 2742 5149 7509 361 7536 3463 3629
13869 9478 9535 8634 3629 7361
13870 6499 897 927 9648 11616
13871 4885 4813 961 4981 8062
13872 146 7126 7131 11468 149 9074
13873 6125 1354 5350 7991 1094
13874 2498 5350 6683 3682 11354 5020
13875 7464 2370 812 969 10287
13876 736 2592 2543 7842 4339
13877 9762 564 4467 8949 1608
13878 10655 6753 1326 1036 415 1112 1704 1750
13879 5735 10363 6187 563 7179 854
13880 5710 9211 960 3358 6823 4179
13881 4953 492 9345 5524 6823 3978
13882 4461 7198 8660 2444 1770 2059
13883 5544 1268 1404 2393 1282 1119 7198
13884 11658 9234 9498 11783 2035 11084 2809 93 9314 11522 8333 3991 1203 3975
13885 7566 4239 684 11603 6087 6088
13886 9355 689 5461 7116 11332 8359 4231 10102
13887 6117 8604 5845 3819 7766 9441 5795
13888 5845 3315 4289 441 7379 1271 1483
13889 2398 5845 10975 6285 1394
13890 441 10148 5845 11522 10200 10629
13891 7197 2924 3863 5845 3962
13892 1271 7353 4219 3772 455 4696 3720 2832 11034 3970 9216 7
13893 455 464 7710 7789 462 1067 8876
13894 5137 9389 7973 799 4812 5476 455 9058
13895 455 527 5882 4228 4139 2444 11506 11740 5759 1770 7065
13896 6968 11272 3957 8508 4082 479 11600 455
13897 455 6226 2937 4022 3981
13898 5443 7476 414 455 363 9458 5784
13899 7059 8667 455 555 10389 6824 7993 3941 3948 3955 3860 10166
13900 9589 10959 7316 662 7613 7569 5514 455 4685 6752
13901 10045 751 2246 7424 6446 3966
13902 6687 4846 985 10924 2755
13903 9562 11604 72 9092 10924
13904 6723 854 10063 5309 10924
13905 2055 10687 10006 8634 1488
13906 2055 1298 1909 8533 28 6799 7354 8719
13907 8743 8694 11829 11637 5977 4306
13908 3201 9716 2277 5137 21 11658
13909 9497 4129 3315 3905 147
13910 3315 6680 2870 2250 3093
13911 6485 3315 6489 6425 3181
13912 3315 3549 2717 3372 2718 2719 6855 7345 3553 3763 9396
13913 3315 27 7150 5312 1511
13914 7661 918 4398 261 3315 1358
13915 3315 10039 4921 10094 7900 4003
13916 3315 2803 2754 6692 2681 2251 6274 3009 3844
13917 5113 2293 11516 3315 4198
13918 9719 3315 2870 7060 7054
13919 3315 4447 1331 10399 5987 2756
13920 3089 552 1650 7143 1648 3315
13921 3315 10391 4823 3093 4620 1337 6453 2247 2870 1651 11830 5680 2821
13922 8274 8273 7820 9943 3315 918 649 1307 127 6518 6646 8333 8608
13923 6219 3315 3341 10009 4161 554
13924 3315 6309 2457 4198 4865
13925 3315 3292 5410 5418 294
13926 3184 3315 4088 2258 1740
13927 3315 688 1282 397 7352 745 7351 9196 548 50 6395 4022 6584 7080 10175
13928 4161 10044 6726 3956 2800 7561 4448 4175 2285 10984 10210 10203 2250 9704 2870 7952 3816 3560 3315
13929 3241 3315 5256 8346 10578 4862
13930 7626 3315 4236 536 746 23
13931 905 8771 6187 3315 3175 1600
13932 3315 8324 3585 5407 10056
13933 6905 10390 259 3315 10115
13934 3315 30 91 8488 10600
13935 3315 2509 9883 491 5425
13936 6949 465 3315 1203 1511 2562 373
13937 5926 2988 8635 6072 10186
13938 910 1235 938 851 157 2988 1617
13939 2988 219 8802 8187 1109 6227 4267 8719 4180 3090 2448 4317 1709 222 1359 1683 10414 1107 11748 196 11670
13940 5767 2988 5988 1761 5113
13941 3645 2251 2988 7676 11167
13942 4783 10205 11464 571 4787 10705
13943 2428 685 8223 7483 812
13944 2428 911 9159 7134 4923 5221 361 9080 9865 5610
13945 2428 8113 4261 8802 7905 11831 11274
13946 2428 11067 6077 1164 4560
13947 3256 2428 1958 2117 1956
13948 3678 5772 322 2940 2938 8380 8943 7539
13949 4150 48 680 4619 3678 1909 4088
13950 2524 10567 11452 8081 2764
13951 2524 4079 7909 4492 6339
13952 3241 4118 6804 1214 1109 2524
13953 6697 5222 3605 10194 10516 7839
13954 436 93 5236 3605 8047
13955 3605 1552 1646 2669 992 11083
13956 6465 3605 11501 10970 11608
13957 5277 6964 687 4145 3659 9691
13958 865 5277 369 1909 7215 495 2496
13959 5277 6117 5251 925 10224 10638
13960 923 9764 1909 460 2503
13961 923 5723 4168 5250 1347
13962 923 5723 8046 3986 6752
13963 4087 3784 3484 900 5723 11224
13964 7303 900 1769 3372 3143 10304 2474
13965 3901 861 9218 4743 7047 1633 1683
13966 9577 4383 861 9230 9658
13967 5488 6115 7993 11166 2849 664 3690 1376 5783 11355 9036 10448 6260
13968 4477 865 11620 2266 7948
13969 8063 9055 7850 5559 2651
13970 8063 198 850 562 265
13971 2616 8063 1301 6117 6927 193 1695
13972 8063 11567 3171 7011 6879 7034 9642 11685
13973 2854 8063 2989 6586 1602
13974 6586 1602 7143 7156 7154 7077 11451 6108 6957 11624
13975 2645 4592 2330 4644 1425 1148
13976 1028 1334 7720 1392 2858 4644 994 828 1282 1017 1287 2462 656 977 1491 818 1403 1085 1658 1146
13977 193 918 5738 4644 1425 6756 5556 1023 1810 1223 1220 1226
13978 1275 1441 198 4154 4644 1736 1030 1295 1573 5622 1036 849 219 5029 1311 1017 811 250 1164 4581 1748 1026 1749 812 2909 1012 1113 817 4032 991
13979 407 1049 4644 2662 7682 995 1612 1003 1195 4589 1042 2671 980 981 1177 10140
13980 10929 6863 2486 11468 3797
13981 2130 519 2771 4027 8914 7026 741
13982 1340 6212 3145 6179 519 2004
13983 519 4094 6228 3917 11286 5820 3916 6603 6319
13984 519 2241 7136 6952 4302 3922 5035
13985 11024 2245 4337 687 519 6511
13986 519 7049 3294 3291 6723 2408 6728 1394
13987 519 7561 4504 3858 265
13988 3237 519 5226 789 10333
13989 519 530 1364 1225 7285 382 3052 571
13990 6579 519 1458 10058 7440 2734
13991 519 2594 63 267 536
13992 6556 1235 519 7980 9825
13993 519 11316 5580 6780 6812
13994 3803 519 6100 1185 4973 10590 2462 11258 6614 11372 9584 10496 662 774
13995 519 7120 5949 4069 764 79
13996 8747 1709 9373 11432 9365
13997 8753 9373 8537 7120 7474
13998 9373 11091 1585 1730 4528
13999 7050 7051 3646 10404 7908 10415 9379
14000 9990 10887 5977 6509 10932 11133 10890
14001 10932 11134 11533 6509 11263
14002 2247 10932 11290 568 569 8322
14003 10932 10636 2938 4220 3444 7893 6431 11533
14004 10884 10887 6508 11327 10932 11829 6509
14005 1657 7140 10932 7922 1400
14006 10932 11533 5977 8152 2932
14007 4411 7916 11422 7683 11324 3198 9196 6632 6279
14008 4411 8254 1909 464 81 1033
14009 1677 9173 352 2922 37
14010 6745 10618 4022 9179 11359 5718
14011 5718 186 10668 3003 3926 11191 381 257 752 4248 8582
14012 5718 448 4297 9396 5503
14013 9090 7379 1673 11443 11643
14014 9090 9702 11276 10750 10645
14015 3350 4550 3035 4947 6614
14016 3350 584 4995 3944 10274
14017 3739 3376 572 7709 8737 8014
14018 4934 4957 7709 7620 185 10488 1137 4890 5640 1083
14019 7709 3372 9246 464 783
14020 11734 662 4754 4023 7490 4993
14021 662 54 763 4069 6149 11361 8557
14022 662 5891 4365 7613 440
14023 1792 3181 1958 309 2117 662
14024 662 495 6327 9495 2567 792 5721
14025 662 185 522 7363 7208
14026 662 9 308 3945 129 1448
14027 1053 1620 3984 662 143 354
14028 662 1702 6554 340 9835 11422 9748
14029 7947 1066 5158 2853 4069 51
14030 3116 11158 2853 8302 6797 3128 1000
14031 1494 2853 30 492 3978 5879 9168 6573
14032 3444 7747 128 3372 2589 2718 7014 4232 30 6425 3157 6792
14033 4095 9584 5291 30 4013
14034 5567 30 8184 7830 11294 4135
14035 30 1243 2832 446 7790 8672 10179
14036 30 4714 643 730 2780
14037 9541 9471 22 446 30
14038 30 5832 3003 2657 2225
14039 4821 3537 30 4997 8855 11428
14040 30 6878 5044 5126 537 354
14041 6188 6380 30 279 11082 11309 2434 9580
14042 3150 8986 1322 10477 30
14043 30 6495 8060 9890 51
14044 5643 7603 6635 8606 7201
14045 5643 10995 6119 5943 5857 8701
14046 5643 3475 9708 6633 4452
14047 5643 10306 2431 11202 3410 4512 2649 9508 4759
14048 6728 6556 259 4674 2831 7889
14049 6556 11635 4633 6011 2810 10095
14050 6556 9333 7466 3994 684
14051 6556 205 3893 5855 6548
14052 7898 3153 6556 3913 2742
14053 8376 6556 8553 8855 1363
14054 8176 9174 3803 93 10744
14055 11434 8520 308 8003 7636 1199 9341 9872 6075
14056 5803 7636 363 6347 8428
14057 2850 9752 6927 585 9253
14058 4269 7834 6617 361 3184 9145 6650 3335
14059 9369 4339 1066 4628 10275 361 4901 11640
14060 9369 1650 5312 2577 1573
14061 8706 3194 5974 2560 10649 4294
14062 8706 9819 613 8542 7987 810
14063 2854 3153 6562 4673 6505
14064 2854 6791 6771 8366 8202 11659 7764
14065 5202 2241 11021 10039 10119
14066 5202 5057 2565 448 3904 4502 4219 2231
14067 5202 2173 6744 4393 2228
14068 8779 4303 8254 3862 10747
14069 4979 8254 2931 9891 7353 9317
14070 9167 6119 3181 279 5703 11742
14071 9167 2130 10123 6205 5684
14072 6187 9167 8670 1709 10496
14073 7169 4903 9350 2432 369
14074 7169 7644 8058 10492 10864
14075 3216 6431 583 6484 935 9932 645
14076 3216 470 3194 1099 1392 9082 7061 4570 9439 11761 685
14077 3216 8402 2516 143 516
14078 358 8327 1271 1683 1372
14079 10849 1347 5186 3890 585 9306
14080 10495 4293 7385 10100 858
14081 7385 9189 9836 6471 361
14082 7072 11185 11535 5191 3227
14083 606 6083 7024 8004 6072
14084 756 4442 5232 5759 4139 3251 8374 3845 606
14085 310 606 470 2500 3155 10695
14086 5313 11401 7285 9737 10712
14087 5313 680 7150 5714 9599 813
14088 2065 1180 5313 4408 4081 5282 783
14089 3766 9416 9405 1173 2832
14090 3766 11463 9016 11767 4292
14091 6151 6338 3588 5165 6788 10808 7915
14092 6151 1189 3609 6584 8879 10457
14093 3480 3708 6151 3762 1097 10741
14094 6151 9236 6037 2590 10615 1010
14095 2829 685 9538 2816 4512 9497 5814 6151
14096 4348 5257 10700 6151 6353 2718 9716
14097 4300 5352 9758 2852 67
14098 10477 10532 876 9414 3044 3679 8491 9867 3994 7434 8232 9426 5640
14099 7176 876 6619 6115 1062
14100 876 9781 3537 4081 3922 348 10158
14101 9046 4821 9850 8392 11326 308 3201
14102 8977 3175 4591 7738 3577 6443 5784 8855 6418 8599 9897 5525 5493 4466
14103 8771 6059 483 5145 11292 3577 10262 4757 10412
14104 270 7339 3913 5979 3858 46 8418
14105 1095 117 5456 515 5066 871 5006
14106 3154 1274 1542 1095 1061 1265 1642 348 1501 1037 856 1617 1260 1372 818 858 1058
14107 1095 6180 6179 10639 6885
14108 10319 1094 381 3189 7716
14109 1094 7912 6988 7850 6371 2653 6022 2569
14110 1094 10130 6073 4155 2086
14111 5482 1094 4832 2567 8162 6633 6097
14112 10623 9022 10945 8114 6219 9293 7473 680 571 11733 11466 10365
14113 6661 340 5447 1901 7852
14114 5895 2048 9763 4130 2209 8045 5727
14115 3276 1326 1600 6648 11435 8572 9576
14116 10543 5902 5939 4240 6743 1049 1965 262 4197 3918 6329 3278
14117 728 4681 259 10543 9736 1432 6592
14118 10665 465 784 776 5214
14119 3326 6599 7537 7474 6725 6603 64 2653 4280
14120 911 7555 1070 586 8752
14121 911 7554 5238 27 552 684 6169
14122 1225 3671 8338 10163 7904 911 969 1366 8841 261 3356
14123 911 1801 11415 11416 11138
14124 911 3273 10122 4100 4075 11180
14125 6657 3650 427 4572 911 4642 828 1137 158 1138 747
14126 4077 911 338 1532 413 562 964 4599 265
14127 2682 2589 11068 2546 2173 958 3330 3513
14128 2658 5797 51 3513 11341 846
14129 8677 4966 9968 2209 5260 3513 51 8613
14130 3513 3540 3674 3539 7219
14131 3513 4784 151 11586 11741 10830 5012 5014 5015 11832 11704
14132 7877 3535 3513 3429 5567 6477 7289
14133 3513 4966 8613 10389 795
14134 3513 4307 8613 4012 9984
14135 3513 3535 234 284 3092
14136 1354 1828 1941 3841 1820 2029 1824 1922
14137 2448 10701 11606 302 2808
14138 10466 5144 4388 10498 3968 4431 10979
14139 10466 4337 10564 4778 4216 6912 5040
14140 257 812 2733 3019 4426
14141 2733 7455 9864 7629 2234 7313
14142 2733 4088 1232 2203 3163 980
14143 2733 8314 717 2803 478 10342 928 10051 6970 11640
14144 9070 9492 5576 10189 3986 11297 2733 8721 8919
14145 2733 4160 9360 10495 8446 9864
14146 4079 1676 2733 530 552 7619 1203
14147 11226 2733 5654 8111 4325 6848 11478
14148 4303 8348 10873 2733 6207 10757 10324 3158 3157 4015
14149 8712 2733 6860 8467 1912
14150 2733 720 1307 6696 1289 1046
14151 11217 937 2733 8623 4459 11819
14152 2733 3935 2576 336 2399 5176
14153 8796 1676 2658 6694 853 2733
14154 6385 827 5987 2733 5356 4532
14155 2810 3307 2766 2733 5222 9224
14156 6776 9392 3442 8320 5793 4018
14157 3442 5287 11671 2560 2558
14158 6657 8149 5735 3083 8415 9765 9106 6396 10169
14159 4616 4096 3729 6101 6077
14160 680 5212 4535 5341 10352 930
14161 11345 11032 3162 10352 10342 11735 542 11084
14162 869 1671 3671 4579 6277
14163 869 1909 10545 8314 6523 5535
14164 869 6590 185 4832 448 2513 9711
14165 869 5255 10681 5113 8455 7407
14166 869 4919 5784 6180 687 1518
14167 7371 869 2398 6546 93 4571
14168 435 2840 8008 927 8220 516
14169 435 11484 10003 969 1000 502 3857 2569 9855 9821 4721 11161
14170 2593 3307 670 657 4624 6636 4992 1066
14171 6427 1335 2593 3390 10033 8230 3902 1483 1024 2551 3163 980 2494
14172 1478 3750 6115 2593 1062
14173 2468 6495 195 2742 7648
14174 7648 7708 10019 8604 8605 2073
14175 3710 9568 2945 4244 10388
14176 6330 1276 5822 6741 4541
14177 7602 6663 7649 2625 3236
14178 10670 10671 7157 10672 6663 2413
14179 4965 5601 2145 4036 6164
14180 9257 326 8196 2585 3858 10633 7810 4502
14181 9257 9494 4348 768 770
14182 10563 8489 9859 9257 7877 2512
14183 3506 594 4165 2293 3184
14184 4165 4696 54 11590 9788 657 552 4579
14185 5310 6599 2461 10181 4900
14186 6648 7530 6246 9780 361
14187 7530 7884 7174 7348 8062
14188 3571 6790 4333 28 470
14189 719 3571 7379 1887 11488 11443 1670
14190 3571 4399 1625 9474 11496 4006
14191 3571 2368 1523 6473 1615 5220
14192 1901 3941 2668 3613 11025
14193 2616 2468 1495 3611 10776 6863 3613 2052
14194 7644 7847 6627 6250 7650
14195 8058 4242 1538 8870 5873 8238 4169 635 9812 4153 6376
14196 6734 1643 4236 9062 854
14197 7662 3742 204 2163 8677 3154 196
14198 7662 4260 5200 4684 2669 9554
14199 8155 10311 4088 2591 2548 382 4641 4588
14200 4088 3851 10105 7474 10437
14201 2646 5959 882 822 2487 3992 2734
14202 6106 308 3528 7207 3313
14203 6106 3679 9684 3093 4498 5503
14204 9476 9762 687 2723 9994 11300 8677 98 467 28 718 7150
14205 2723 10186 4745 9293 3307 234 9430 10472
14206 608 396 2723 5461 6771 1569 1649 8973 5839 7552
14207 1479 4074 199 1051 692 1715
14208 4750 3541 7056 3514 3720
14209 6522 6856 1066 3983 7348
14210 6856 6801 4898 1792 1805
14211 1984 586 1550 3029 3318
14212 10587 400 10975 7891 6913 7236
14213 7934 10975 9754 3944 8807 11833
14214 1099 7407 11211 10975 7419 6646 4890 5746 1550 1307 3818 11618
14215 8678 10975 10789 4488 9580
14216 1709 6078 793 4350 7820 127 1683 7404 5759 1770 759 10496 1558 11606 10975 3022 1621 7661 10855 378 11506 3846
14217 9742 10975 4350 6646 1683 990 10743 9170
14218 6172 8283 4180 759 8189 7404 8719
14219 6172 1340 1837 7991 1236
14220 6172 9541 9325 4818 3053 11658 9498 6840
14221 3323 2288 3008 5930 5621 3858
14222 2576 4621 1280 9456 11223
14223 11358 2576 93 796 7407 5291
14224 2875 11310 2589 470 10700
14225 7122 10339 10305 698 2851
14226 897 793 2851 545 756 3
14227 10979 993 4832 1371 7843
14228 2956 323 9466 9616 3734 5524
14229 4797 6237 10298 1726 9616 11391
14230 8874 7995 6723 11659 9326 7649 329 5937 5010 10570 6755 5936 4350 8333 1681 195 10506 5821 11604 3480 770 7338 9670 5989 7601 11834 7632 10787
14231 10648 7601 4748 8098 3877 688
14232 5922 3230 2261 3476 4699 412
14233 8276 11034 8331 5922 6396
14234 5922 6083 4711 4556 9514 2569
14235 3648 6439 427 5470 949
14236 462 3648 3624 9278 3771 9835 8273 11220 793
14237 7222 3648 3624 11451 51
14238 6746 7687 1909 4373 1271
14239 4383 452 684 3981 8919
14240 5770 1901 7784 10055 10063
14241 1901 5040 4139 2444 11085 250 101 4568 8240
14242 312 1901 2719 2877 11437
14243 1901 2051 7030 555 5598 3990 11408 9066 4322
14244 2659 9968 9154 8931 8669 11319 11835
14245 1364 3879 8023 4481 6252 11432 1648
14246 1979 3431 6439 4393 1621
14247 7869 9822 11438 6650 11130 8710 9494 3977 1979 8273 3631 6345
14248 1968 3329 10561 9299 93 2444
14249 2351 10043 5033 2780 5682 10119 2411 5660
14250 58 7460 6225 4158 11102
14251 120 2255 2877 5955 6225
14252 2318 9047 3752 6243 3895
14253 6903 3705 9047 2961 3175
14254 48 8362 3149 9501 4863 4035 8333 3151 9047 4006
14255 326 9047 5946 11308 2828 10967
14256 3231 10186 2303 7072 6839 8501
14257 6458 6430 4805 5337 8841 1172
14258 5337 9965 8598 2729 9778 9542 10580 275 3866 10631 9731 2378 11423 4684
14259 5337 2557 6180 7760 11108
14260 5337 8733 888 3184 7080
14261 5337 1033 275 8410 2398
14262 4817 3822 6048 5493 11040 5337 9591
14263 8613 6169 6885 4875 6318 8178 5240 6646 4131
14264 73 9 8508 6847 3151 8920 961 5824 7071 756 5240 1066
14265 8402 11059 3979 8456 8322
14266 8402 3205 467 574 10051 3699 2398 5543 6380
14267 2679 10573 6276 2840 4493 4953
14268 2864 6276 4471 10039 4467
14269 6276 11362 1245 8927 6931 5439 6573
14270 10995 309 4131 8553 9513
14271 9276 1028 2748 2325 2562 4594
14272 8513 9451 1300 6718 4293
14273 4280 51 7900 2263 6261
14274 794 2263 4700 3175 1271 712
14275 4987 7091 2516 143 8184 2263 3643 7070
14276 2318 590 11680 1245 275
14277 5022 8968 10498 812 1080 818
14278 5022 1542 1062 1548 918 1236 1133 936 1051 1067 4907 1741 1736 974 437 3297 4672
14279 5022 7880 5666 3927 10706 2783 2785 2800 5695 8534
14280 8681 11828 262 3330 8456
14281 7729 7271 2834 9625 2837 258
14282 8377 4861 193 2531 1337 1265 992 1030 938 2362 5862 6758 958 1241 1371 219 265 5556 4581 1749
14283 193 2348 4572 8377 4880 1380 1239 1103 330 3401 5882 5020 1359 1039 1331 1170 3828 5840 1444 2982 8788 1299 1220 425 1178
14284 10258 9036 7516 6168 1583 6249 7376
14285 9036 3960 3373 9808 3249
14286 9036 870 6391 7920 5481 5482 310 8134
14287 9036 2516 4832 10750 4245 3249
14288 28 8368 5301 9814 5278 310 7701
14289 10144 8512 8883 3039 11372
14290 10144 8680 603 262 5413 5043 9145
14291 579 3484 10868 6315 6379 4664
14292 579 9949 9095 9094 9085 5245 4790 824 11208 11570 10455 1313 5406 774
14293 793 6099 797 5985 2502
14294 5505 1355 6099 544 4694 2569
14295 1569 10881 11373 8789 4877 4415 4597 3520
14296 9939 6685 2870 2806 4130 11384 8318 11014 4390
14297 907 3853 11017 8430 10972 5837 1840 10971 4969 2090 6454 5582 984 10134 4632
14298 1352 806 210 1653 7311 160 6732
14299 1028 9271 3902 2551 166 1259 1563 1745 162 7311 161 1169 1170
14300 2161 4637 416 7311 4078 4555
14301 5420 1274 460 5189 6228 822 1646 3961
14302 6228 4686 3905 3904 2251 2807 3044 6399
14303 6228 2647 11402 2188 2054
14304 7859 3653 6767 3891 2933 1035 2551
14305 10358 11063 10370 2489 4559
14306 2698 8646 9108 1180 4431 265
14307 2698 1828 2859 1241 805 2156 1837 3163 51 1465
14308 5706 2829 628 5571 11524 3889
14309 2829 28 8450 4776 465
14310 7072 11507 2829 6405 1354 5425 4519 9539 8366
14311 2829 6933 7336 572 6934
14312 2829 4776 2641 101 7725
14313 11675 2829 10772 8801 8380 7072
14314 6725 4823 4826 9887 2804 2829
14315 4094 7967 8184 497 8243 2221 6743 5668 7029 6502 3901 2020 9778 11141 8 6389
14316 3901 8677 7439 4044 119
14317 182 489 4407 6495 9444 11464 9872
14318 2797 182 1716 3891 10116
14319 10793 182 5312 1313 1164
14320 182 10534 6273 9909 6053
14321 182 3987 3278 9689 9487 11755
14322 9987 11415 11416 11417 1451 7063 11481 2579 10571 3280 11747
14323 3358 7509 496 4159 9818 2248
14324 9818 3639 1067 10286 4219 46
14325 9818 7132 10040 586 2248
14326 9716 217 2462 1492 9818 4600
14327 9635 402 5519 6554 2327 54 4390
14328 3746 9588 8640 9885 641
14329 3746 6786 5710 4457 10929
14330 8070 8515 5505 928 209 3416 7487 981 424 1201
14331 8070 6745 8986 11679 11836
14332 401 1700 3627 1355 9113 10100
14333 6698 11313 1081 401 185 4170
14334 8019 7449 5113 8176 2578
14335 7620 9875 8019 4022 11360 8918 9668
14336 117 5981 8019 483 10239
14337 11332 4059 8465 6494 11828 8450 10895
14338 1164 205 467 3857 4502 3968
14339 3431 1347 6439 10698 3245 1494 4502 10564 4216 9710 205 3150 7384
14340 10551 8114 329 3356 6802 205
14341 8148 10005 3902 1405 1518 363 1470 337 1195 5741 205 6424 3827 1165 1288 1167 2729 837 164 165 160 1079 161 162 840 166 1313 163 1173 839 836 167 1171 1084 1438 5861 1226
14342 205 6831 11229 7826 6828 6849
14343 10674 5008 6023 6024 11709
14344 10941 8658 11486 1254 2165 5008 10674 6765 10673
14345 10674 6906 11792 11837 11838 11839 7159 8661 10133 2568 7154
14346 11709 5008 2165 10674 10673 11710 10675
14347 5404 2334 1189 822 470 11460
14348 5404 1092 3634 3520 3720 7760 3984 8687 6456
14349 2241 8197 1033 307 663 5943
14350 307 10562 27 6374 6037 8153
14351 2743 8620 11083 685 307 1840
14352 88 9069 307 4308 1909
14353 307 3541 6966 8288 11340 4799
14354 685 9564 307 3457 7930
14355 7261 4164 2281 5938 1308 11473 3057 9965 4731 1017 6898
14356 111 7956 6544 3796 11473
14357 4210 4819 3593 5940 309
14358 1407 748 3833 10138 4745
14359 7979 675 9181 4745 4492
14360 4745 10249 4348 8924 8134 10585 10568
14361 599 4745 9498 6159 4426
14362 4745 495 2736 2837 9179
14363 7423 6337 470 9929 11344 784 11378
14364 9579 7353 10827 405 473
14365 11191 2961 10827 555 5410 265
14366 8964 10056 6143 4762 5608 4777 5232 4893 6603 8347 847 2787 2250 2803 7624 8235 196 2693 7679 8467
14367 48 9389 8602 4081 2876 724 7558 2035 4734 8144 8865 4693
14368 10318 1028 1340 5066 8375 1495
14369 10318 2425 10706 2823 8824 11831
14370 11317 10234 4160 1432 7882 11052 2504 3184 9145 6650 8742 4901
14371 9118 9907 8112 7407 5413 7810 8107 8015 11647 11052 4200 5196 4263
14372 6858 10861 2111 5036 1974
14373 11404 7394 6906 6908 1974
14374 1974 1975 3642 2069 1908
14375 10523 7038 5604 1974 9632
14376 5549 1975 3642 2069 1974 2068
14377 2724 10492 10864 6561 6864
14378 2724 1389 6914 329 7684 5191
14379 3218 7457 3763 7014 684 13
14380 4081 3558 11333 1110 9998
14381 1909 1231 1456 1325 856 966 219 1371 1373 1165 4628 1110 1323 1711 231 4601 1202 5859
14382 1157 1067 562 1160 1359 1056 7178 1110 710 1010 975 4910 1713 3540
14383 4608 4665 955 5741 413 958 4579 1215 1683 4908 1110 1685
14384 1273 4607 1495 1130 1676 1265 1570 1611 1133 5460 1239 3963 4642 1193 947 1325 1623 4350 219 415 969 1110 1290 1403 1686 4643
14385 1110 2565 11497 312 6633
14386 193 1516 1060 496 1307 806 8863 1287 1110 1560 11779 816 1416 4602 1940 1087
14387 495 81 3968 4431 2842 8191 1872 9747
14388 10848 308 8279 8072 8983
14389 9345 3567 5490 797 8865 416
14390 8843 9959 8865 22 1152
14391 2748 11549 2625 111 8930 7850
14392 11116 6940 2513 3316 3398
14393 11116 8849 7810 2231 265 8884
14394 8406 556 5164 10177 3091
14395 2957 3399 1330 2096 2095
14396 942 1108 963 1330 5856
14397 1330 9480 6005 6011 9111 7842
14398 5053 1380 1443 5744 1330 7449 4601 11458
14399 1062 1448 409 1330 1226
14400 6174 4408 4819 6128 756
14401 6174 6468 10083 259 7889
14402 8947 3508 5768 4088 6936 8271
14403 2756 2239 11302 11400 11644 11356 4329 5013 5014 4320
14404 9968 11400 6824 10259 10021
14405 11400 3242 4525 10429 8118
14406 3169 7450 11400 8796 9750
14407 10231 4326 6591 9886 3650 657
14408 3650 10163 1909 7466 10876 10936 5291 6433 8243
14409 5226 5024 11527 5196 2571
14410 3649 2043 51 812 647
14411 4223 2516 143 4536 723
14412 4223 1909 2834 8537 338
14413 4223 11295 497 480 3155 8178
14414 1502 1193 1739 48 6180 231 4911 1178 4223
14415 9006 5523 8472 7458 4438
14416 3377 5023 5356 147 222 1576 10258 11734
14417 11632 11448 3377 5698 2398
14418 11275 3377 3062 2093 7761
14419 4234 8969 5286 5519 9786 11693 6361 774 6858 5437 3377 11671 1040 1744 10649
14420 6180 8675 8970 3984 685
14421 8675 524 95 5299 9725 1780 4512
14422 2856 2562 333 1015 1030 935 1035 1021 1744 839
14423 5407 2562 1354 1180 2303
14424 2562 63 10035 8608 1040
14425 2562 460 11784 552 11485 10142
14426 5341 10143 256 2562 5040 8180
14427 2562 196 7960 2303 361
14428 193 826 4704 2562 5028 1001 209 4781 4350 966 1056 5884 6699 1021 5702 8724 3174
14429 333 1677 2562 1569 1280 201 1724 2658 4888 2367 1572 1321 1282 851 1002 1648 5741 1555 1651 1214 219 1215 1076 1311 756 161 1218 4590 980 981 1114 1592
14430 1597 1015 2562 200 1030 946 4144 1053 4580 5009
14431 6770 4620 1255 2562 553 6694 6696 4600 1234 1416
14432 281 1597 4325 6723 11759 8803 8804 2650 11753 9062 8826 8618 8807 5989 8103 5534
14433 1597 51 2051 1262 1886
14434 7015 3249 11817 11815 9909 1597 1262 2183 3248 9916
14435 4951 8333 4475 5536 10964 1597
14436 6339 11339 8536 4598 8941
14437 3409 6001 6339 10493 9505
14438 2589 5431 11193 1351 8160 6339 1123 1741
14439 5838 190 2747 706 8108 3866 6723
14440 10150 3010 8736 5056 2330 11524 10181
14441 5310 8238 11320 2004 10150
14442 7355 10442 3309 1906 9288
14443 7636 581 2451 3083 1906 9401
14444 1968 2957 3380 3414 10390 1957
14445 10861 5038 4630 11779 7167
14446 2694 4773 3002 2111 10861
14447 8174 11444 6387 9494 521 9944 2877 7830
14448 685 2923 2756 10681 11566 9050
14449 11507 5722 7426 3574 9278 6056 1624 894 8279 711 5892
14450 11298 4790 4028 11133 5802 51
14451 2841 2743 9681 720 10307 8465 3623 1285
14452 2457 3008 7815 2087 10509
14453 3729 7560 2087 2086 7497 10268
14454 1649 3944 5822 5085 8015 6896 1624 2087 7922
14455 6541 2702 3096 7930 326 10771 2453 2454
14456 3584 3088 326 5431 3984
14457 326 11022 7236 491 234 1759 1118 9674
14458 326 2461 3039 3968 10708
14459 893 326 4285 6285 6317 1394 4175
14460 326 1761 5027 1413 262 6464 3868 7021 6227 7519
14461 4621 8223 7134 1961 8122 7190 11147 3131 5195 5901 326 8942 3866 2378 5010 2412
14462 10559 326 3225 7524 7490
14463 326 6458 3087 5889 361
14464 326 2499 6970 7001 2997 854 7086
14465 2513 1242 792 6494 5217 9094 11570 257
14466 6494 4492 1646 7044 6469
14467 409 3722 2649 6494 7100 846
14468 7315 3175 8727 928 1486 6646
14469 4081 4029 9098 107 7512 120 6719
14470 107 7512 336 10535 9692 5575
14471 9402 7873 5759 107 2444
14472 7512 403 10667 2770 9953
14473 7512 9315 5798 3567 2958
14474 3027 1054 7512 9956 8882 259 8583 70
14475 2156 2029 1830 1842 2005
14476 6567 3973 283 8112 8113 5829 2570 5196 8816
14477 7742 467 5832 58 7 1558
14478 5832 801 5796 1646 1413 1107 1226 991
14479 1347 6767 5832 6111 10548
14480 5832 8327 11009 5529 7766 1354
14481 10855 3116 7568 6569 3278 570
14482 8425 1099 11329 5053 8653 6502 10606 4234 941 11058
14483 5423 8957 9699 271 11424 15 5269
14484 3567 4293 2841 2604 2832
14485 2841 685 3960 680 3091 7352 642 11765 8010 6636
14486 5902 746 23 2832 8972 228
14487 8553 1731 2496 6249 5902
14488 8428 5902 7343 3979 7837 5757 4047 6129
14489 6437 6502 5902 5828 1083 5309
14490 5902 5572 4456 2679 3775 279
14491 11568 9933 1629 1107 2570 3492 10156 8599
14492 4342 349 613 3492 27 308 3690 24
14493 5023 1912 51 1889 2155 2918
14494 2018 4415 1856 1931 850
14495 8083 6554 2314 7752 3272 7172 1322
14496 503 8848 11204 11783 9753 5275 4786
14497 111 8848 13 28 6792 10694 2241
14498 8848 9676 8712 9521 329 4622 6464 4600 11733 11376 1203 271
14499 2440 1625 7713 252 2332
14500 2229 51 2332 3316 2327
14501 2332 7568 5236 1569 932 8965 7440 2782 4075
14502 2307 2764 2303 6977 2332 1340 257
14503 2332 2327 9053 10011 11665
14504 2641 1404 4888 3825 1106 1563
14505 2641 1572 11840 4608 7609 5505 1185 4543 2048 11474 857 3407
14506 4949 4002 4088 10330 524
14507 141 3999 9867 6956 524
14508 524 5471 10737 6337 250
14509 4934 524 1761 648 1137
14510 48 9998 692 524 618
14511 11756 10222 11367 4814 524 3270 3212 6376 9321 10879 4842
14512 524 3781 6517 6490 4541 4088 6894 4727
14513 524 10184 7747 3606 1678
14514 10624 2250 3964 524 1354 951 5519
14515 100 5006 524 51 10421
14516 3205 2513 2221 524 1322 11304 3210
14517 11422 524 317 13 1214 1589
14518 1082 524 185 400 813
14519 4934 4386 8543 5514 5475
14520 10490 1273 7977 2651 6551 1276 1395 1394 1016 7926 7458 6696 5875 9965 4161 805 6454 11390 833 834 842 2129
14521 9940 10697 6990 398 7458
14522 7458 3582 2625 6760 3770
14523 2333 7458 8880 5412 10223 5435
14524 918 8977 261 7655 921 9708 7458 7389 3810 5874
14525 3541 3679 3646 3656 6483 3554 6282 1730
14526 3541 7056 3087 4215 3569
14527 3541 7760 4186 8241 11566
14528 10002 3541 4281 9226 9706
14529 7284 4805 3992 3855 2504
14530 3147 3168 9894 9062 8618
14531 3147 3148 9734 8858 7134 1574
14532 1567 2940 4220 5759 11299 7054 8281 3148 9765 1455 10446 4717
14533 3148 27 1630 111 9022 2744 3040
14534 7091 6102 7870 4508 8712 8126 7522 6968 3162
14535 1908 148 5550 1933 2096
14536 741 3183 6166 246 64 7232 2573 4220 7761 5550 10053 1358 6631 9827 1908 3642 1976
14537 2400 5550 1908 2080 51 148 10891 3642 4559 11841
14538 2834 6350 1769 5927 491
14539 7231 493 3451 10000 9252
14540 10034 6545 2802 10734 9955
14541 4364 8420 4933 2004 7407 2585 8131 9092 69 8285 11203 5640 3922 4890
14542 10311 10139 10978 9795 2940 3567
14543 5940 3091 9441 11437 10878
14544 8349 9868 8233 9587 8486 1243 8201 9747
14545 5114 4146 6530 5497 4407
14546 6530 3207 544 6848 11505 5873 7768 11552 10043 8046 2783 5705
14547 10999 1525 6469 8843 8790 9514 10071
14548 10381 7442 4624 1551 4035 11084 7588 6329 9219
14549 7442 9589 7215 239 5593 9990 7431 9676
14550 5767 8098 11009 8265 6803 5010
14551 8098 10648 2173 5006 1302 5420 10862 6864 5238 1421 1523 2647 1498 2199 333 992 8561 932 940 1573 1123 1033 806 2933 951 2934 1299 2820 223 7440 11043 7094 1085
14552 1875 3268 7665 7663 8670
14553 3268 9684 11500 2546 4482 11842 10413 8808
14554 1738 7298 7901 4843 4180 3268 1307 6347 11522
14555 3268 2245 8047 10912 11465
14556 8095 7001 10413 6897 6633
14557 8095 9593 8964 3062 10601
14558 2912 10723 2911 11084 665
14559 11663 2870 3068 3064 918 4443
14560 2534 3994 3224 5722 308 4832 897 2230 1271
14561 5722 2603 5233 10622 10559 3009 11397 10984 6051 11090 7483
14562 5722 2567 6327 6056 9127
14563 10505 76 11081 4487 9896
14564 6427 5174 1538 9013 4333 11843
14565 10465 4263 3594 279 5864
14566 1640 10465 7849 11610 10007
14567 11844 10536 10465 6103 4633 11840 5583
14568 10548 3504 1364 4120 3634
14569 2051 4227 8839 3274 3233
14570 11363 4703 4227 3535 3586
14571 3478 6324 7150 89 6061 5889
14572 2749 6324 1252 11777 1255 1049 5795 1022 2492 2494 1940
14573 3431 6538 718 11569 4186 8281
14574 193 3431 942 855 5742 1036 961 964 1313
14575 3431 5698 3359 9008 1160
14576 3431 6736 8490 2389 4216
14577 3431 10455 11660 4317 1092 6043
14578 8621 3431 518 888 8156 9957 4151 9413 7806
14579 4413 1762 7563 230 732 4057 8593 3527 11207 7591 4734
14580 4413 645 9315 2590 9964
14581 5753 7414 2516 143 792
14582 7414 3175 9875 4248 234 1351
14583 5255 4089 687 1650 1066
14584 4145 1761 8915 5255 3669
14585 5255 88 1895 2241 6274
14586 5255 4030 5254 400 656 9062
14587 698 3204 111 9854 9319 2334
14588 4979 5731 2334 8563 3043 4248 790 648 5142 1123 5258
14589 1304 2334 512 1103 738 969 2462
14590 2388 10253 2334 4219 4814 4502 10564
14591 5278 4512 11734 9807 4949
14592 7371 2513 6571 6182 9821
14593 10386 9555 1584 2513 10906
14594 5795 4253 11258 10532 2513
14595 3944 1688 7514 2513 1572 3121
14596 2513 3952 354 189 4756 10987 10426
14597 2513 2660 1354 70 1511
14598 5767 2513 6193 1413 1525
14599 3158 2653 11720 9378 366 4303 2513
14600 9395 2513 7699 7655 5276 9311 5412 3130 3857
14601 4326 2832 2513 554 545
14602 1307 4843 2513 354 792
14603 2922 2513 4276 10540 8287 4923 2649 913 10813 5423 3991 4497
14604 2513 402 3218 9450 10270 9998 7061
14605 1092 512 3151 751 1581 7405
14606 1092 512 4710 5484 4167
14607 1092 4293 8091 799 7071 189 5242 3336 2231 502
14608 1092 2326 2161 1003 5029 1064 1034 1142 1434 3249 1078 1122 5861 2062
14609 7941 2994 7543 4698 3693 7982
14610 7008 2516 143 3392 4519
14611 2325 4239 1320 4791 3835
14612 4791 4527 273 10255 8346 7338
14613 9455 8324 2543 10562 6181
14614 862 1909 10562 9399 508
14615 1515 1273 10562 715 1274 1516 3415 1483 1731 1060 4638 918 1451 5312 4622 994 1351 1739 3932 1742 1119 7173 4599 2727 1435 1162 5702 1710 8724 3921 970 1077 2061
14616 3569 3968 10562 27 2264
14617 1238 10562 4843 793 5650
14618 544 10562 3858 265 2832
14619 365 799 9927 3093 969 3279 544 46 3919 8489
14620 2251 1182 969 10626 8380 3320 1370 9927
14621 9927 7727 4431 2814 5938 6592 3850
14622 9592 9985 4064 5254 941 9927 1620
14623 402 3952 7560 5745 2210
14624 402 450 10904 792 143
14625 402 367 539 9366 684 537
14626 626 10697 4045 2175 11138 402 27 4329
14627 9552 9974 2240 9964 4027
14628 3697 732 261 4228 6518 4139 470
14629 308 10630 339 309 6865 10867
14630 3922 1118 7152 3011 2810 5746 3844 3096 8531 8498 9438 10663 3981 222 6865
14631 9854 463 7577 7357 6865 10471
14632 6986 2975 1792 6899 1802 1824 8711
14633 4507 4243 8389 3583 11178
14634 4507 3668 10613 7018 770 4646 7348
14635 874 48 4095 9982 8175 10266 752 788 789 3043 718 4097 8147
14636 874 3205 5926 4216 10139
14637 2931 1071 2569 11532 3535 2232
14638 83 710 1703 5085 9924
14639 5085 7579 4138 6610 8241 11503 2653 3040
14640 6627 4616 4249 7459 4196 10046
14641 5443 8174 8198 2567 465 1309 4701
14642 8312 10843 2188 7652 5026 732 11746 5443
14643 5443 4373 278 7763 2400 1933
14644 5443 4348 4934 10208 5485 4111 6308
14645 731 10769 733 5443 687 1408
14646 2686 10704 4618 4296 5468 1389 6743 1050 720 1707 3174
14647 4615 2876 8177 1067 4205
14648 2577 630 4615 4919 10796
14649 6928 4615 9819 6022 4543 11043
14650 8986 48 9449 11077 10241 3318 50 284
14651 5964 48 8773 10540 7537 9022
14652 48 2173 9350 6497 4229
14653 48 783 613 1370 755
14654 4832 11333 840 6616 6898 3375 48
14655 48 446 2834 4646 9771
14656 48 3207 4665 337 4597
14657 9696 9522 361 2215 10793 48 459 7334
14658 48 10102 1280 8983 11199 265
14659 48 1567 9128 62 9753 9638
14660 48 27 467 1305 687 10264 5291
14661 4210 48 10029 3131 5679
14662 48 5906 10252 7661 6396
14663 5757 48 974 7001 9186 10058
14664 48 1421 467 3638 11342
14665 48 1307 11670 7755 1513 9934 1371 5949 11845 732 1144 11846 902 10238 470 4983 8938 793 4205 8274
14666 48 4753 495 5967 544 9292 413 4646
14667 48 9736 4426 3975 7170
14668 48 2373 7264 2818 11698
14669 698 2834 48 4408 497 8010 7404
14670 446 48 6534 4408 10188 414 8421 7757
14671 7048 9831 48 10214 1396 11457 4925 11754 986
14672 48 517 8237 9051 6957 11758 1347 4523 10564 6315 6897
14673 2565 51 146 48 2515 148
14674 48 7776 11128 7973 5053 6458
14675 5896 685 3656 4982 6394 799 46 6923 1484 1182 6912 11471
14676 5896 3083 3545 3521 4339
14677 2957 2967 1887 2956 3399 5411 2966 8618 11147 11768 11833 8122
14678 2957 2956 2967 3399 3380 3414
14679 2957 1823 7448 3251 11593 2781
14680 2957 2967 3414 3077 3399 808
14681 1805 1898 2967 1806 2155 2918
14682 2967 1887 3399 1958 2196 3256
14683 1799 1859 5676 1951 1887
14684 6245 5009 7208 11352 1887
14685 1887 2108 2128 1792 1905 1933
14686 1887 2956 5034 6985 2966
14687 4757 11363 2209 2369 570
14688 282 7048 5150 5000 283 7632 6850 9837
14689 3489 63 11403 9312 562 8278 3138 9895 2821 4894
14690 147 146 149 51 2189 148 2401 2348 7889 5353
14691 2401 7668 1602 2457 2463
14692 6819 3819 8582 10199 1438 1849
14693 6819 381 11847 8761 10300
14694 10313 10617 421 2462 10307
14695 10313 3662 3584 3580 10181 7567 5418 11037 3088 3345 361 2215 9073 979 9012 491 2338 3101 4981 5434
14696 413 275 1022 762 1109 1299 3921 1024 1011 4263 11848
14697 4263 3100 9012 5992 9118 7985 279 8001
14698 9846 7855 1186 4263 3594
14699 3599 3100 3594 9118 9810 279 6138 4263 5992 2234 1347 3002
14700 1555 4263 4622 6795 11746 5190 2041 8112 10701
14701 1478 5992 6191 3405 4322 1513 2188 6725 4263 11514 944 5823 710 460 7332
14702 4263 4330 6048 3963 1658
14703 4263 279 4090 2515 10148 10425 10182 7708 7345
14704 5276 9504 6156 2754 9496 3964 9198 5610 4263
14705 4263 8787 8201 4735 2961 7275
14706 2187 7204 3532 4263 9447
14707 4116 8627 5028 4263 6156
14708 10753 8100 2399 2594 4119 1828 663
14709 2594 7592 3805 8684 11307
14710 3563 3635 729 487 10876 10996
14711 3563 9786 3674 5380 2434
14712 3563 7681 9455 11756 4257
14713 3563 7639 416 11737 11738
14714 3563 3635 3539 10161 9365
14715 9612 3563 3635 3540 3674 3539 3091 3814
14716 4996 273 3563 3539 3129 2497 1909 11160
14717 11172 11343 2174 9507 728 6798 9627 4532 5208 8612 1591 11018 9808 617 9059
14718 7320 6565 5247 10589 8612 3963
14719 4324 4984 8698 8612 4993
14720 2437 6786 5927 7928 4828
14721 2437 5131 10996 7401 1624 3019 11749
14722 2620 5575 6572 11503 7578
14723 2620 9351 6968 6277 329 9130 3275 8879 6650
14724 2803 2787 2789 2783 10056 4893 10031 11014
14725 5544 4886 2804 1433 418 2803 11435
14726 2803 381 2443 262 1961 11014 2783
14727 4497 9696 2803 259 275 8410
14728 4893 2803 2789 6274 2818
14729 2803 4303 2826 1082 10029
14730 2803 4880 7909 9107 430
14731 10704 2803 11730 7282 2820 2831
14732 5709 3008 3759 5710 6353 6570 5654
14733 11180 6452 8347 11149 4206 3677 5435 10272
14734 9432 4934 9427 2627 93
14735 9 5911 4160 2801 6726
14736 9 1354 10211 111 413
14737 9 11395 11352 9465 686
14738 8604 6631 10436 11382 377 4524 8639
14739 614 10436 10435 10596 11513 11668 3140 3132 4993
14740 9255 9523 3579 7364 497 7359
14741 690 3579 8150 11225 7940
14742 3579 10450 11336 11600 397
14743 9516 3484 6620 1271 7925 2567
14744 4193 9516 10449 6465 3670
14745 1267 4686 3858 3714 1645
14746 3748 3714 1271 11371 6142 3086
14747 2311 11093 11454 47 2393 2669
14748 4415 6813 3615 6180 10709 465 4832
14749 193 2647 823 1100 5854 1210 8863 1444 1043 1747 6813
14750 870 2970 3725 10322 4821 470 6813 11277 361 6650 7080 11516 10639
14751 11439 8531 4224 6813 3100
14752 10315 10069 10994 2837 470 509 465
14753 5769 396 11690 10216 9653
14754 10351 5835 3269 11569 5354 2652
14755 8011 6128 10138 756 9485
14756 403 1697 11095 656 770
14757 369 4012 126 6545 8920 70
14758 9086 6579 7466 3405 11808
14759 7585 7449 2067 5131 9107 4900 1726 336 10309
14760 8251 460 6571 6463 11057
14761 8251 6199 6895 11313 9201 10761
14762 3690 4095 369 6380 22 1502
14763 467 497 530 9389 3690
14764 10798 9449 6645 2543 5394
14765 6705 851 4662 1233 4626 221 418 1219 1122 2462 224 1747 3921
14766 947 5875 2667 2666 5866 1628 1040 1586 1142 1233 3406 1141 1109 1143 382 1459 159 1219 1562 1170 161 165 160 1079 1563 839 168 1260 842 816 1292 1059
14767 822 1031 199 826 4608 1067 1509 1283 1715 4662 1579 6756 1458 4574 1219 1218 1184 1112 1711 1045 816 5652
14768 1548 1236 206 1425 1392 1406 1037 3825 157 1211 4580 1219 6773 1008 424 1085
14769 6425 1380 1134 1064 5029 3911 938 940 936 412 806 946 1680 1219 1604
14770 193 2645 2651 1191 2859 937 5875 1064 1622 1120 1160 5888 5885 970 3249 1219 1085 1686
14771 1496 1351 10804 11172 1133 3911 1256 827 1394 1034 2932 2202 1729 1628 11033 6649 969 1219
14772 193 4592 936 1501 5742 24 1370 1160 1655 2214 1045 4431 1174 1227 1636
14773 994 1278 2303 1739 3963 2933 4578 738 1045 816 1438
14774 6733 1424 2858 1615 1321 2933 410 5623 6319 2552 1288 1045 1560 1025 1463 1202
14775 1376 408 4704 1064 1470 1741 1045 1560 1747
14776 2156 1928 3340 1860 1884
14777 2156 8581 2303 1941 3397
14778 8362 2048 2633 687 497 8260 9683 10309
14779 2048 4579 9968 10021 9192 5420 5163
14780 467 1578 9497 9244 465 2048
14781 7690 2048 8047 10952 10953
14782 4247 2048 6571 4966 4438 6433 10369 8260 4048 9011 5423 8613 2082 9883 4360 7407 5291 6916
14783 4705 1307 1715 4925 9934 768
14784 9293 7872 3093 6158 4363 8914 1759
14785 520 5242 9293 11112 7873
14786 4498 236 9293 1182 4330 968 4267
14787 2690 9456 261 11712 11587 9118 6897 10826 9062 8828 3488
14788 907 3149 11078 4048 1203 11385
14789 907 6767 7555 1070 9421
14790 10492 2278 910 9984 2517
14791 11549 9250 2549 1257 11206
14792 6847 941 9518 3903 8192 6142 917
14793 9930 9182 6660 4459 1009 11627
14794 86 2924 89 6660 7540
14795 10616 10501 9149 9928 10997 4531 7426
14796 7426 3833 1066 1320 10970
14797 7426 10748 10808 10440 10388
14798 10748 51 10490 7723 3543
14799 35 2855 9571 11098 4771
14800 3467 5418 5412 5411 5276 2800
14801 3634 127 4026 6518 3011
14802 9899 1582 774 4459 6144 5555 586 1574
14803 7846 6043 1741 645 5143
14804 4927 2211 128 4570 9439
14805 6534 185 539 6073 2258 7179 3858 9048 11149 6745
14806 6303 7688 894 4591 3162
14807 5519 440 2587 7788 5944
14808 9078 5519 2407 3760 6550
14809 9395 5519 5414 1327 2779
14810 1203 5519 9786 5571 3670 4776 802 3816 6261
14811 9442 8723 5519 3161 6490
14812 6541 5519 2398 3000 2670
14813 5519 321 2111 5222 2037
14814 2527 1123 917 10695 5519 11380 9836 2940 2938 1511
14815 2246 2657 8380 5519 6572 8180
14816 10695 6409 9625 7921 5519
14817 8511 6195 3175 4374 9764 1173
14818 1478 5536 4325 2041 6849
14819 111 10498 185 1478 11300
14820 2013 6801 1891 1943 1933 1308 1945
14821 1029 948 1394 998 4584 6319 10660 164 1810 172 2982 991
14822 9463 3630 8348 3854 2569
14823 6835 1107 9051 10422 11721 11560
14824 8117 8808 11721 11638 1629 11543
14825 9847 9555 3231 11721 2932 9134 9676 3865 536 1066 8514
14826 8126 3574 11553 10139 5816 5813
14827 4503 4219 1164 2463 1197
14828 6060 7765 10778 4503 2556 9243
14829 111 7466 4503 1591 7524 6482
14830 9207 6438 503 7184 1274
14831 7328 4063 503 1413 361
14832 503 3275 7223 11849 1511 6080
14833 6627 9048 10106 9851 9309
14834 352 7466 6180 3909 7610 1327
14835 352 1909 5759 2821 5664 2061
14836 352 1599 2922 5802 397 2580 10422
14837 352 8277 7378 9862 2398 8986 702
14838 1028 1599 352 1273 718 1117 1098 1097 1051 1277 941 209 2200 848 2860 2326 828 1367 969 963 8595 1038 1159 4350 1487 3 812 5702 4574 838 981 974 1748 3582 3869 7071 1402 1592 985 983 987 9041 1087 4606
14839 11505 6490 6284 11136 7902 8727 10899 303
14840 11723 5696 10080 5710 6284
14841 8449 93 4918 11675 4859
14842 3184 8879 9057 10951 6650 271
14843 6370 271 6397 3895 8879
14844 8977 7936 7039 3977 9020
14845 10369 6044 7320 2209 9459 7855
14846 6519 7855 11732 4493 11850
14847 5725 6116 4253 467 5236 10059
14848 3241 10059 3591 3630 7873 5868 372 361 11655
14849 10059 9313 290 7684 11206 410
14850 10059 6815 7668 2971 5291
14851 8017 11157 515 9351 8269
14852 11157 7064 3309 11305 5955
14853 11157 6791 9929 9107 6745 4160 8579
14854 9382 3218 10986 3567 4131 1576
14855 9147 2870 3531 1532 8260
14856 9147 2261 11644 11303 3854 7343 11297 8418 2207 2218
14857 9724 9147 2954 4891 10278 6462 11137 6651
14858 11832 11579 11851 11852 9723 11762 2938 11694 10076 11440 11853 9662 10403 7605 11854 11741 10831 11705 7609 11697 11855 11743 11856 11688
14859 9856 10077 9662 10069 11751 11170 10072 11857 10826
14860 9662 10403 11858 11694 11751 10820
14861 2054 11859 6031 7162 7160 11235 11860 11170 10836 9662 10069 9858 11696 10820 11697 10824 7156 11717
14862 11700 10944 10069 9662 11170 3164 6028
14863 7160 7163 9662 7164 6031 6034
14864 9662 10077 11235 10069 11170
14865 5635 9662 9901 3165 9905 11712 11854 10820
14866 11695 11694 11169 11860 11696 9662 11576
14867 9662 10069 10072 5014 10336 5932
14868 9662 9856 10069 11170 11861 11694 11701
14869 11614 10076 11699 11861 11716 7605 11455 11862 11580 10818 11863 5009 9303 11694 11235 10832 11789 10676 9662 10820 11099 10787 11325 4221
14870 5157 1647 9992 3214 8392 7725
14871 4979 5203 8713 6180 5110 2876
14872 497 8713 464 4297 1586 5508 5507
14873 8714 9547 369 5154 468
14874 5523 2503 3979 4933 4903 6285 1371
14875 4808 9014 5227 3140 10910 6350 5584 842 3151
14876 5890 9338 4133 7364 2241 70
14877 5890 5240 1066 9803 3983 9542
14878 7639 663 2564 856 5890 10894 3175 2836
14879 2245 7072 2175 5191 5890 11556
14880 5890 7309 11553 5813 3988 290 1511
14881 6337 502 8704 5502 1739
14882 8704 2457 11465 11129 7568 11464 7322 3829 8180
14883 9588 7772 2787 6523 5821 4226
14884 9588 1368 3151 632 1182
14885 9588 676 581 1731 2451 2453 4259
14886 9588 6410 1243 2764 127
14887 530 3724 2108 1792 217 2569
14888 2108 1805 2904 3390 51 1816 2029 4226
14889 3585 7448 3599 5889 7948 2679
14890 552 1336 6462 10565 3599
14891 3599 3475 3314 2031 1285 1744
14892 3599 3594 5992 11746 5537 1034
14893 8931 8849 3599 10926 11454 1068
14894 3680 5025 2054 127 3599 355 10224 22 3019
14895 8998 4977 4044 6602 8986 11297 6319
14896 4258 10814 6138 10612 4358
14897 100 3553 4209 13 8235
14898 100 1909 14 234 5779 9265 5460 7820 1307 710
14899 100 530 11103 645 11234 793
14900 100 63 5302 8871 823 7938
14901 3385 1606 2865 6317 3407
14902 6791 8273 4179 1307 3385
14903 2779 6392 6138 8440 248
14904 3679 6949 3742 2779 3091 2871
14905 3739 7069 491 581 4447 2779
14906 2779 8113 10210 5010 8046 10016 8817 11739 843
14907 194 2779 5428 5356 3534 4966
14908 5276 3273 2922 4133 6252 1599 3548 2412
14909 1599 2922 8805 11476 11538 5149 2540 4699 7632
14910 10442 5879 1449 1731 1451 338 198 1351 9596 938 1065 1307 948 562 10048 1311 265 1617 812 816 1500 814 491 424 1712 991 3174
14911 2528 4131 11652 4526 8867
14912 5593 8561 10728 10693 10948
14913 3380 1336 1511 1340 257
14914 1340 51 146 8769 2149
14915 1340 5544 1180 1544 6733
14916 1629 5010 6729 1107 4261 8758 11638 6849 8113 7934 6804 8811 10963 11795 8801 10413 11842 8808 1108 2548 6806 11379 6851 11759 11542 8800 4506 11602 1584 5829 8822 2570 665 8618 227 226 10725 9062 7905 8826 11727 8806 8807 8048 1340 11147 11768 7190 11273 11274 11864 11547 11833 11865 11003 11001 11002 11548
14917 1028 1340 1154 91 199 3336 408 1030 1525 1031 1065 724 949 1613 2907 4665 2548 968 1655 5650 1286 2384 1184 3869 1315 1246 1712 5859
14918 11811 301 11822 9920 9911 11810 1340 558 9922 9923 9912
14919 1340 1028 4573 1496 948
14920 4391 2870 6177 2411 208 1340
14921 1340 1252 2926 1029 1378 920 1030 1451 6753 994 1455 932 935 411 720 1659 613 1550 967 4599 5856
14922 1340 1695 1237 1502 4665 155 2667 1038 1006 1245 162 4684 1220 1080 2204
14923 1248 1028 1340 1334 1271 822 941
14924 1404 8021 2799 1340 11256 989
14925 6029 9631 9632 1890 1340 146 147 148 2070 2080
14926 6394 1340 51 146 147 148 149
14927 1028 1340 1525 5883 1019 4351
14928 1340 5879 1736 1233 809 1142 1008 1299 1512
14929 1340 4912 7752 3612 51
14930 1340 11068 10046 6896 1620
14931 1792 1958 1957 1340 1803 1828 51 149
14932 1340 1299 1234 1220 2982 1810
14933 8250 217 3151 7007 4707 10923
14934 8870 217 7309 1792 1957 6702 1113 2062
14935 217 8753 9314 3175 361
14936 3266 2333 3525 2781 2054
14937 9392 10921 11323 6992 527
14938 3416 6122 2082 274 11733
14939 6122 7345 3091 799 452
14940 9037 10320 108 6241 4193 11221 1064
14941 6241 3448 3863 10218 211 7661 7229 6897 252 5149 8841 6548 1625 8457 246
14942 3857 6241 4418 2672 6330 8634
14943 5975 6393 4704 11227 1551
14944 290 10181 4464 9107 10882 552 9171 8319 247
14945 4797 10294 1590 4219 3970 942
14946 4797 6096 835 3418 2674 846
14947 6183 631 279 5460 2503
14948 397 10570 7381 10437 5609
14949 5837 10658 2643 6929 3878 2173 8250 10976 8725 9045
14950 2173 6376 465 10289 1589 415
14951 7298 5236 3011 2173 6425 8871 11307 2218
14952 2531 1051 338 1548 410 1740 724 942 2932 949 806 6768 1456 613 1729 2173 1296 1497 2549 158 1628 1627 1909 793 1160 4599 1654 1322 1162 969 11776 4574 421 777 8392 9500 5488
14953 1307 759 8189 7404 7665
14954 7665 10584 4499 8216 10104
14955 7350 11057 6482 9333 4217
14956 6171 3469 3601 5689 552 3293 10145
14957 10145 4656 1237 1279 1321 1208 1646 1217 1374 1152 167 166 1009 1169 811 1220 161 164 1364 1246 1466
14958 9982 257 1061 8008 10437
14959 5989 11801 9218 262 8008 6971 6134 1718 11088 11445 1621 4326 1620
14960 5352 8616 597 4776 5392
14961 5352 2639 1868 2232 9071 1748 3868 361
14962 7699 10898 8932 8106 10008 11500 10139
14963 2004 2516 10697 4696 1081 8733 1083
14964 10303 8294 11454 11274 11833
14965 10303 6979 3054 262 11323
14966 10303 4993 9898 5143 7915
14967 7275 10538 491 5276 2792 7809
14968 3653 1268 6762 6731 6733 196 937 948 6454 10132
14969 3806 5256 5781 10738 1012
14970 11736 3788 3451 11840 8617
14971 9758 10773 2700 9058 11680 758
14972 3733 7828 6531 4249 9659 789 10773
14973 10773 4081 1214 7764 9062
14974 10731 9594 3941 3948 3955
14975 10731 10606 10531 5236 5502
14976 5074 7207 5009 1648 512 5120 1308
14977 1034 825 512 7473 8195 10591 2511
14978 2834 512 1638 4029 718 6746
14979 512 6187 7666 8753 6199
14980 512 4137 2653 2736 3805
14981 7956 3300 512 5802 905 7024 8951
14982 512 8619 3981 2412 223
14983 10099 512 11675 941 921
14984 7001 512 4297 10967 6226
14985 9863 5437 3980 5438 5163 512 5436 11412
14986 10868 729 5757 236 7072 961 838
14987 8849 3975 7382 10734 4057 9946 9586 10868 2802 9956
14988 11159 3582 6496 4353 4599
14989 3289 10683 6794 4353 3782 2821 5864
14990 3410 1829 1838 208 1781 5236
14991 3905 3858 7617 1829 9399
14992 8187 8122 1829 9885 8113
14993 6515 11460 1678 11133 5353 10933 11623 11100
14994 752 7542 608 3888 4248 6277 329 491 7906 8115 1681 8237 10748
14995 3542 8646 9982 9763 8755 496 3372 5888
14996 6799 2429 3101 586 147 8646 8355 2373
14997 8646 6730 3941 3948 7591 10169
14998 11095 8931 960 51 8646
14999 8314 6693 8646 6351 2801 3252 10460
15000 5955 101 9020 3184 9549
15001 4188 101 10120 6042 657 11348 2966 10890 10886 9885 4836 4890
15002 101 7742 4541 51 4493
15003 1542 3154 1154 3101 1377 2338 1203 1425 732 1277 5460 1381 3911 1408 1352 1647 1284 832 5883 101 856 2090 8606 9212 10230 10706 5885 3406 2059 1260 1200 382 858 3297 10972 1656 1059 1228
15004 10767 9964 8732 101 381
15005 8769 101 7848 8201 9587
15006 101 4320 897 7884 9929 2182
15007 1511 3100 452 3594 5992
15008 4461 4685 11423 5702 3100 3594 11685 279
15009 2855 5189 1274 688 3100
15010 1031 6410 5109 6590 9289
15011 9207 10978 6590 10425 755
15012 11386 4416 81 6022 6021
15013 5216 10105 467 6631 10710
15014 498 4208 1761 764 6076
15015 862 1301 1538 3552 4430
15016 862 3470 4592 1124 5026 7652 10005 10330 3707 1117 3008 1406 1651 4350 1487 1215 275 161
15017 862 897 2527 2198 1155 4166 5408
15018 11024 7215 2791 11650 3760 11435
15019 7807 11756 10870 4706 5109 6725
15020 10799 9379 10404 11526 10321 11411
15021 725 8173 7379 891 11142
15022 4087 1097 1100 994 827 5862 1034 8935 1242 832 157 24 809 1370 415 1703 1112 1403
15023 1347 4326 7989 2734 1171
15024 1347 7581 7497 1271 10690
15025 1347 4265 2465 6464 3150 5040
15026 1347 10620 3245 4900 4283
15027 8345 1347 3999 10426 6044
15028 1347 450 340 9959 7815 792 8073
15029 1347 4168 2393 4646 755 8863 7265 1043
15030 8413 9958 1347 51 146
15031 1347 10609 9887 2041 8112 4711
15032 11407 1366 9706 8172 11784
15033 8439 1139 8172 897 2230 2231 756
15034 446 698 903 3231 824
15035 5251 3452 1980 8068 1734 10578 7080
15036 11612 1674 1587 9453 7778 7539 10062 5236 1688 211 4814 9342
15037 5666 11756 1674 2799 11031
15038 2211 4393 7379 964 897 11005 1674
15039 1674 889 6580 5864 6047 7018 10023
15040 1674 8248 9739 7201 1215
15041 3282 11480 1838 1354 2228 1674 1271
15042 859 7295 3575 8175 5250
15043 3207 4161 8173 1271 1066
15044 8173 889 4303 99 10903 4971 564 146 4466 9328 4139
15045 1671 3580 4665 1271 8512
15046 1671 10128 2230 4162 960
15047 4986 746 8794 6969 6631 10778 5920 2840 5715 6514 4407
15048 2840 13 10489 4473 9495 10644 1573 9321
15049 2840 63 9508 1313 10629
15050 3161 2840 8974 7413 4467 795
15051 2840 10687 7509 747 224
15052 6600 2840 3668 1122 1021 6622 9820
15053 897 889 7379 6440 756
15054 897 7379 7581 2230 1271 756
15055 897 5759 4139 4317 3249
15056 897 7379 1271 11275 7954
15057 897 10440 8986 1413 4256
15058 1909 7581 1587 891 890
15059 7603 9054 886 11522 979
15060 11527 9786 9460 4257 3162
15061 9857 9468 9527 7549 5298 4820 9786 11340 437
15062 7760 11658 8010 4992 7118 10446 11693 9786 8501
15063 2764 9786 6373 3897 11766
15064 9786 3679 2025 3983 8845
15065 9786 3463 11571 2175 339 6398 3039
15066 4289 441 466 9240 2982 7320 3271 11491 6352 5276 3000
15067 10242 4289 441 7404 793
15068 6371 1410 11355 3370 5611 9506 9104 7476 7618
15069 9998 10551 7920 4481 4228 418
15070 257 4739 6536 2279 11046 8685
15071 11046 1735 7815 2801 4810 5561 11014 2413 942 1159 4729
15072 10464 1028 1268 2300 1421 1180 6731 1292
15073 5891 8 2877 11094 10524 4492
15074 2065 5891 1503 1315 3249 10701
15075 1028 1248 7310 1379 196
15076 1028 7310 1155 1232 418
15077 8196 3300 909 3771 10625
15078 11103 7571 1676 8712 8196 8956
15079 8953 5746 5143 5250 9958 8196
15080 3153 6718 3885 4326 4951 1616 9000 942
15081 8250 4137 7521 8867 4350 7876
15082 8250 1545 1128 2658 997 1195 6756 418 973 1500 1364 2494 1658
15083 8250 5927 9551 8100 10058
15084 11097 1135 6756 8094 7105 1299
15085 9192 7370 3710 10504 3984
15086 3710 10404 5820 10415 4374 11071 7042 10521 361 6824 4981
15087 4283 7319 3666 7390 552 4160 11489 10095 3011 6000
15088 11131 11709 11710 5039 3451 10000 9252 6000
15089 4966 7219 10292 6582 9667
15090 11335 6582 2339 2372 4824 2668
15091 924 4537 6458 256 3000 5188 1280
15092 2308 3356 7135 2307 10464 6932 3569
15093 4868 7421 10744 10296 10218
15094 7975 10224 2368 2972 5267 1018 8073 1707 6858 10210
15095 8020 2327 10043 2804 6643
15096 8918 8020 9490 4166 10621 7988
15097 1805 10870 4166 1313 3562
15098 1805 1792 495 6583 497 3039
15099 1484 4338 1812 2095 1805
15100 1805 9632 3057 1843 51 147
15101 1805 1802 1856 3274 2113
15102 8782 6888 1805 51 146 6001 6957
15103 2013 1805 1928 1912 1804 1890
15104 4163 2691 2211 4160 7883 10098 1432 3009 2 4770 7693 6347 5586
15105 655 10682 4390 7808 10007 2801 11529 8297 9045 5988 11202 2857 4921 4458 11735 6358 3829 2457 6510 11594 6309 11482 10001 6206 2394 6603 3677 7900 4866 6766 11479
15106 6598 6309 5680 2457 5671 3829 3019
15107 2657 2954 4236 2643 3595 3731
15108 2657 11728 4780 9864 6774
15109 2657 2649 9478 515 6885
15110 4736 7742 5662 1429 827 1615 410 7904 9104 762
15111 9661 1257 7742 51 146
15112 11255 7625 9030 10978 7519 3088
15113 4095 9761 9942 1137 1054
15114 9761 11020 2564 5212 5165
15115 9761 4408 317 9310 9836 3035
15116 7379 9761 3725 8477 8689 941 3857
15117 11091 2995 6319 5889 1913
15118 5623 2995 4896 1121 10951 10953
15119 2995 905 3916 562 3142
15120 8600 1735 10601 520 11192
15121 9779 1735 11605 7270 2086
15122 1334 1128 4621 854 1193 4584 1108 1212 1629 1109 1605 1115 4351 1333 1116 1264
15123 1334 1303 1265 994 1351
15124 1334 193 994 936 8863 2982
15125 1334 4656 1336 6652 6877 1004 949 5557 1553 157 1413 1849 1488 265 1057 1286 1390 1172 3163 1712
15126 1334 1527 1622 932 1142 6774 1172
15127 1334 1542 2325 1156 1498 1157 1494 1191 1015 1569 920 1425 1097 1101 2200 3911 936 1429 410 4642 1381 724 949 1139 1742 2932 961 963 1037 1159 1285 1215 502 5856 165 974 3249 838 265 983 1086 987
15128 1334 1268 1154 1156 1517 1494 1000 1289 1184 3868 4911 1177 1227 1417 1634
15129 1334 9320 1545 201 1642 692 920 1501 4642 1644 2543 1715 1354 806 157 5742 4604 4907 935 964 1435 164 4909 1184
15130 3275 8380 11352 7976 9465
15131 11017 3782 894 799 4927 9780 4780
15132 1268 2645 1427 1135 1329 1074 1021 3249 2462 3869 4351 1940 1116
15133 1028 1268 2326 1612 809 1086 1658 1439 5843 4351
15134 1028 1268 1523 1274 1117 333 1525 928 1455 854 4579 219 1197 2060 1019 1226 1202
15135 1268 1404 941 1265 4339 1279 1067 4911
15136 1268 2645 1516 1255 1448 1099 4575 1425 1736 1320 1715 1329 1074
15137 1028 1268 9027 7645 2856 5884 2552 223 1361
15138 1268 1421 1496 1236 4608
15139 480 5420 1081 520 4292
15140 5460 1741 480 755 1361 1083 225
15141 5862 1739 1551 1282 1002 829 1104 330 480 1210 8595 1214 6319 755 250 166 1173
15142 9419 480 4217 10027 2716 7409
15143 686 480 185 309 8557
15144 4861 3391 949 11383 8777
15145 4861 4007 6273 4778 11866
15146 6966 11179 650 5442 9399 7349
15147 6966 9347 6040 4144 421 10686 5488
15148 6966 4986 999 4161 10251
15149 4646 354 340 792 6248
15150 354 450 7570 2927 2832 11225
15151 354 2516 143 486 228 9791
15152 6885 354 2402 8126 7405
15153 354 5144 2832 11362 9353
15154 354 450 5242 2832 792
15155 450 8126 11301 354 6090 257
15156 2515 189 5006 446 732
15157 465 9944 189 2171 1571
15158 189 3153 4050 10530 723
15159 189 6134 2198 3554 7064 10190
15160 6600 3809 11327 11829 552
15161 3615 9469 4187 7063 9500 7920 2834 4431 6896 5143
15162 2511 7920 4696 9523 11228
15163 7920 2961 2716 8223 8134
15164 6020 7920 687 5240 3983
15165 8157 3984 1602 3858 3038 793 4047 7920
15166 7920 643 9812 3725 7078
15167 9044 7981 5989 7694 5536 854 6850 4325 5535 11867 2409 5010 10928 5006 7920 10016 11273
15168 4690 9591 497 93 870 54
15169 450 340 9854 11059 2511 9760
15170 5934 450 1123 7207 6772 792 1067
15171 1762 11006 1308 9248 8672 2172
15172 1762 5802 257 8917 2567
15173 5645 10224 5653 5614 1015 11593
15174 429 613 3205 7207 5288 414
15175 95 8274 4821 3300 663
15176 10972 10230 2610 10181 1897 6575
15177 4149 7792 10972 6516 9887 1970 8851 2818
15178 6359 6204 4978 663 4082
15179 4533 261 9945 4364 9947
15180 5447 7353 2833 812 713
15181 6056 4414 468 4342 3039
15182 1123 5425 4218 465 4311 4414 11305 8273 2811
15183 7473 4511 6465 3330 11679
15184 11113 789 7473 3986 4303
15185 11283 11778 10037 5674 1161 554 2818
15186 8156 11283 1 436 7726 3142
15187 9779 10981 9763 8340 3757
15188 4440 6928 9316 10333 204 8007 5857
15189 6872 6870 7138 6998 7075 6871
15190 1624 6998 4891 8399 9644
15191 11372 4166 2073 5983 2088
15192 8338 10163 6397 6529 10966 2463
15193 4583 11740 3983 3745 1443 4502 8240 2231 5433 7192
15194 6862 4081 51 825 10183
15195 196 5989 10796 802 11500 9251 2776 11435 8555
15196 2776 2461 8218 9210 960
15197 1421 1354 7219 6477 3057 6029 2776 7011 6940 3263 2369 7227
15198 1028 1267 2645 910 4621 1496 1108 2548 1212 1107
15199 1840 1267 3902 1406 692 7553 1460 812 1152 1046 1080 1847 2204
15200 1267 1459 1009 6699 1122 1148
15201 1267 1265 1646 1680 4646 1160 4576 1299 1713
15202 11608 10890 9360 11290 11676
15203 11188 4291 9433 9431 8785
15204 11188 11480 5037 6145 2660
15205 7570 8380 11150 4120 2463
15206 1394 928 3062 8666 7578 7570 10901 9111
15207 7570 888 2546 6116 265 838
15208 7570 5440 5053 28 3968 545
15209 7570 4622 54 3211 3207 8184
15210 7570 2683 7973 1061 11176
15211 10194 4408 9094 1586 7570
15212 9441 6078 2413 4137 1909 11288
15213 4137 10720 9443 1648 1033 1016
15214 5186 3245 2389 3918 1257
15215 5186 2278 10456 10570 5795 10571 7691
15216 5186 1031 994 1351 3908
15217 9027 1271 1676 1351 1280 1000 969 1360 162 9731 1374 3868 7094 1712
15218 6766 2954 9027 193 7912 1271 2642 6751 1354 3897 5885 5824
15219 2616 6863 6786 8192 555
15220 1885 2126 1912 1856 1855 2918
15221 4081 443 185 685 2590 812
15222 185 446 195 4511 1730 1584 9817 5757 361
15223 185 8878 3670 3893 509 3966
15224 185 1081 539 596 6325 8833 108 11590 10419 11234 5452
15225 11089 3970 185 2565 539 11590 473
15226 10206 185 9642 108 9185
15227 1633 185 495 539 2515
15228 7365 10268 9982 341 545 547 793 712 1271 4991 4696
15229 4696 2082 3763 7014 10451 11845
15230 5424 8619 7839 7837 3981 7346 8880 5906 5756 5757
15231 4426 7345 3523 2008 2502 8154 9484 5751
15232 11256 4681 11651 8239 10191
15233 11256 7492 10547 2054 4731 5609
15234 2579 685 11193 7568 8160 1282 9513 10641
15235 6642 3032 685 3459 2656
15236 8932 6723 7632 2408 11572 685 4127 1909 9600
15237 441 6546 440 3972 6797 685 7466 4447
15238 11408 685 2241 1322 93 5142 4493 6138 151 3052
15239 7732 9499 4646 6273 6318 11517 9698 685 8 5141 11648 1187 1185 2053 4323 4732 11525 7346
15240 685 618 2414 6440 7713
15241 685 4622 5759 4139 7065
15242 685 2604 7126 11218 6885
15243 3585 918 5460 337 685 2577 7950 1007
15244 230 685 1602 9058 1282
15245 618 6037 88 4317 11748
15246 8224 6943 5034 6945 6001
15247 7412 5149 8809 6807 8046 2409
15248 10105 3534 6726 4160 4426 11532
15249 5958 10606 599 545 11066 11041
15250 11066 5715 5145 10766 4465 10526 9366 8388
15251 11458 309 5532 27 4377
15252 5786 5035 4027 11469 5924 8543
15253 2955 1354 2888 3413 1969
15254 8268 9776 2955 17 1633 6743 10095
15255 6946 7222 7111 6871 6154 7067
15256 2068 1984 1977 1975 3642
15257 2068 1975 1976 2887 1816 1917 1837 3070
15258 5768 1976 51 2143 5040 7235
15259 1977 5604 2685 11073 10210 2494
15260 6376 4438 1977 5431 1489
15261 10362 13 3155 470 4932
15262 13 4550 489 8689 94
15263 1301 6090 1494 2742 3905 822 199 4656 1265 826 969 1284 963
15264 1301 10365 2463 10945 8542
15265 5052 2388 942 969 4408 4138
15266 4095 626 7323 416 11738 8877
15267 4062 4095 1354 546 1309
15268 9854 448 4095 9756 1909 3857
15269 4095 111 2742 1450 732
15270 4095 127 6518 6414 9542 4312
15271 4095 2516 7271 810 515
15272 4095 8838 10607 2221 2258
15273 1376 4095 5448 4709 4703
15274 5461 2954 4236 9279 1511
15275 8779 5724 1 1518 2339
15276 8760 585 9145 11722 7080
15277 3229 8287 673 2261 9540
15278 4472 4471 4467 8025 3229 953
15279 5675 2248 6187 10911 8963
15280 5792 6187 8846 2685 3083 10514 1772 2248 2764 7556 8686
15281 6187 256 5767 4154 1569
15282 6187 261 1550 586 918
15283 4790 6187 3677 5276 465 2690
15284 6187 4979 670 7390 2209
15285 6657 9982 8174 9676 10661
15286 6657 4523 8265 7887 4322
15287 3889 2101 10194 3122 8555
15288 466 5481 4269 128 6594 9924 2032
15289 3922 466 4148 2241 5746
15290 5108 4308 7569 465 466 9835 5892 10657
15291 1149 3318 664 466 471
15292 466 4622 2771 7195 1741 1036 963 4781 959 6547 974 983
15293 8151 5157 3941 3948 11457 3477 465 415
15294 427 11178 894 684 1307 8608 4466
15295 11178 1581 4810 3981 4254
15296 3960 2755 7497 11093 8677 11178 2742 7769
15297 1028 5238 1516 4269 265 738 1654 1849
15298 1028 1271 1156 4620 1525 941 2161 1064 5029 996 1572 1688 945 961 963 1159 964 1213 1396 1460 1170 1360 1312 5944 1746 1011 1061 1121 228 1114 1291 1658 2936
15299 1028 1515 4782 2200 1741 807 1360 1077
15300 1028 1303 1425 2658 2366 1002 6751 1354 1288 1023 1436
15301 1028 852 1731 1432 1197 777
15302 1028 5604 1338 1484 4108
15303 1028 6314 718 5879 1235 732 1481 338 997 1032 4584 413 1408 1137 5875 965 250 837 1692 1323 1025 117 1083 1318
15304 1028 1516 279 502 1617 1299 1438 989
15305 1028 9222 1270 852 214 822 2860 1353 1067 1194 1519 5797 158 6454 1370 1654 793 3 11776 421 1011 1711 1025 1085 1177 5886 4602 4643
15306 7249 1028 4620 2662 853
15307 1028 2198 6314 1516 1158 1448 338 2933 1622 2543 424
15308 7526 1474 9626 8586 8882 8583 4551 9967
15309 3336 9626 11104 234 6699
15310 9626 1421 1515 2742 1098 1014 2465 1281 1327 1328 8223 6702
15311 4665 4408 5110 363 349
15312 4408 1845 51 7384 3918
15313 5107 4408 4301 871 460 1706
15314 747 4408 5273 1066 311 4628
15315 4408 4819 9008 164 474
15316 4408 446 4205 495 8
15317 1405 698 8773 1909 4408 363 949
15318 8060 7173 4408 4248 11008
15319 4408 4832 448 451 4607 1337
15320 4408 11012 1426 2834 783
15321 4408 7476 7362 9008 414 9992
15322 9507 728 4408 2248 11757 261 586 1550 9609
15323 941 4408 1354 50 4819
15324 5110 8201 4408 5421 446 9600 10439 783 4985 3036
15325 3242 2557 4338 8767 1354 4638
15326 8167 5645 3661 4015 10916
15327 4882 3028 4780 6026 8167 7636 3661 7959 11312 10034 10035
15328 3519 5674 4621 1525 10435 10535 5868 10596
15329 10435 272 610 3140 11342
15330 10435 272 274 3988 6201
15331 10435 11374 361 611 4295
15332 262 10435 1196 6202 2497
15333 1957 10573 2678 2095 4461
15334 10573 7219 2111 6695 2678 2270 6937 3964
15335 11225 1307 793 10573 1011
15336 2163 5879 1235 992 1731 4622 10130 10181 1736 2367 1193 1213 1436
15337 4622 11730 9988 4619 2451
15338 3154 4622 408 209 9730
15339 4062 1896 1030 4622 1481 4888 1103 155 5742 1106 1210 1297 656 1704 4711 8647 991 232
15340 5103 3968 5289 684 2907 4622
15341 4622 562 812 1354 1940
15342 3975 4622 5759 4139 7065 6584
15343 1377 1274 2459 338 4622 1265 2531 4704 931 1071 1738 1070 1688 2366 395 5866 939 5863 1214 1151 1373 1216 811 1372 1748 977 231 985 1202 4602 2555
15344 4622 7106 10818 5759 1770
15345 8160 799 5523 7984 8185 4622 774 2175
15346 5712 3862 4622 1367 4579 1385 382 2377 4641 1561 10324 3174
15347 5439 9586 4622 3983 2249
15348 7068 3409 7129 6951 1203 6999 6888 6885 7066 5034 1602 11849 3355 6942 6957 7145 4067 6409 5543 3277 7126 10695 6949 6107 6886 6883 11569
15349 2222 9155 11080 4993 985
15350 6423 6042 11080 2369 10398
15351 4117 7087 4077 9694 11080 8853
15352 4219 8385 9889 7760 10456 2022 3040
15353 11371 10358 6357 1271 51 8186 8817 5041
15354 3506 4754 3151 3931 4684
15355 1705 2877 4717 362 5795
15356 8142 1308 6142 4543 11790 2568
15357 8653 98 4790 8142 9587 2973 2974 3180 8131 2684
15358 9929 9798 11537 5623 9202 8846
15359 10791 3525 8221 51 376
15360 3865 10791 4898 7873 2589
15361 10791 536 4900 8047 8228 5824
15362 4229 3670 10791 9130 4160
15363 10791 2402 5236 10094 6696
15364 10791 3622 1602 941 4392
15365 332 9754 58 544 11286 7732 4793
15366 3080 2372 774 4642 7283
15367 10097 4102 4599 501 838 9699
15368 10097 2672 11609 5716 242 4273 9145 6650 2572 9390
15369 969 3443 3860 3914 4253
15370 9540 1426 2490 10063 7491 11029 5415
15371 3966 4145 3122 4175 7491
15372 8927 657 8851 7727 1077
15373 6766 10941 9909 6850 9914 10784 8823 5829 11868 8806
15374 2954 732 9893 8108 128
15375 8947 530 2954 645 2497 2373 7042
15376 2954 1035 1552 5232 10119 1285
15377 9535 3724 10796 2954 3018 8345
15378 2954 8311 4876 4665 7988
15379 10966 9013 2400 1654 5889 1488
15380 9013 4236 3154 11753 10129 8621 4154 4407 5138 9670 11846
15381 9013 196 2459 1359 1400
15382 7817 2516 9202 4446 6143 452
15383 2516 143 4210 10529 419
15384 3918 961 2516 7353 265
15385 2516 9621 8195 6797 3128 7357
15386 10327 2516 5144 2832 2565 3043
15387 10713 1160 143 5282 223
15388 6053 10323 8647 6054 10777
15389 8758 1108 2548 1212 8647 5196 11725 8816
15390 4389 3101 2662 6952 5862 1843
15391 4389 308 4082 7967 5114
15392 4389 6039 6934 2425 6335 4027 10706 2823
15393 11429 6040 7957 4389 2425
15394 4864 4934 544 4389 7484
15395 4389 6039 3101 2425 2823
15396 6931 6957 4389 11079 5991 11195 5609
15397 11679 11491 11869 11550 9548 10578
15398 10589 10926 3580 11319 11679 9241 4159 7026 1897
15399 7766 6485 8343 7741 7958
15400 3091 4476 446 8 7407 2241 3948
15401 11078 4048 8409 4476 7273
15402 5783 9451 9058 8557 3815
15403 5783 5835 7022 2762 11554 6685
15404 5783 51 146 147 3858 3915 265
15405 5783 8956 9642 2221 3300
15406 2660 7649 1494 8388 6825 6812
15407 2660 6160 6433 10151 11618
15408 2660 11836 6044 6504 11732 4158
15409 6799 6433 4496 3058 10108 4060 6697
15410 11709 5008 10941 6799 10050 11785 10944 11796 11232 11870 8656
15411 196 2530 11553 395 1452 1724 1723 1737 1394 2932 1002 1413 1396 1371 221 1558 6740 2551 1024 1221 5903 1800 816 7984 1114 1085 1293
15412 11011 9288 11265 9301 8693 8223
15413 5341 2011 3904 151 1044
15414 5341 8839 530 1624 1572 8952
15415 5341 5879 1965 645 5560 1843
15416 5341 8102 8108 7632 11419
15417 5341 3032 1602 11573 6134
15418 4008 6425 1354 2339 774
15419 2198 8277 9315 935 8444 149 2569
15420 6561 1062 1612 209 6490 6694 1371 1213 1120 1373 1216 161 5864 162 2552 2730 1299 1500 814 5030 1059 1438 1058 5831 991 232 1228
15421 9054 6565 5534 5537 6722 5010 8113
15422 194 3534 1183 407 5604 4646 2082
15423 3729 2230 942 3860 4160 4162
15424 3729 3951 8277 9331 9521 5931 9198
15425 5715 4091 2719 11009 9926
15426 5068 1182 4219 2877 5269
15427 9464 9929 4076 5542 1742 311 7298 4449 2278
15428 3291 4694 10506 11659 5815 9555
15429 3865 10506 5815 8111 4925 9934
15430 10506 10386 7338 11449 11783 11544
15431 8917 1016 8852 10506 4283 4740
15432 10506 1325 10386 10689 1729
15433 5489 7779 7688 9869 470
15434 4303 7985 7779 771 9702
15435 7779 9453 9441 11407 10063
15436 5738 6515 10746 8475 8089
15437 6515 7723 9848 9185 953 9819 6518 10410 4139 1377 1154
15438 5008 134 11710 11708 4424
15439 11791 5008 3451 11404 11799 11692 11803 6764 11814
15440 5008 2165 11709 10673 3451 11710
15441 10673 5008 3451 2165 10675
15442 3451 5008 9252 11396 6907 278
15443 5008 2165 11709 10673 6764
15444 4420 10006 4333 1061 9229
15445 5802 3638 1549 6818 969 9313 1384 10416 8061 236 3771 1965 4497
15446 7645 4236 1271 9486 9308 11659 11604
15447 7895 6731 3727 8409 1286
15448 11700 9078 1250 10735 3253
15449 2639 5042 5198 6029 5754 989
15450 5835 1123 1511 10314 7995 2369 4251 11467
15451 3588 3463 8872 7434 9984 11466 11222 10240 7014 1909 9760
15452 3204 7173 10240 955 157
15453 4324 7140 2672 10326 10213 6210 11231 7675
15454 2454 8333 6026 7478 11370
15455 7014 3968 4348 367 6252
15456 4348 790 4183 9888 9985 3668
15457 274 3140 4348 7848 9531 8392 9484
15458 1600 786 4862 6775 4348
15459 4348 2834 8485 9608 397
15460 3160 492 2339 5653 4390 8871 6075 361 6968 1840 2765 306 5747
15461 1475 1252 1498 338 363 198 724 855 2906 24 418 6664 1703 7344 10241 1085 2400 1714
15462 9631 8168 89 146 10590
15463 9631 2247 9903 7455 3181 11465 11129 9444 500
15464 3310 10538 11648 4731 8258
15465 2374 11769 11871 3310 8737 9001 9524 10594
15466 4110 4472 4471 4467 1581
15467 446 491 4110 1118 10626
15468 11433 6544 1370 4110 468 5748
15469 489 5230 2928 7430 10091
15470 1180 4154 5241 1612 3825 4076
15471 3211 5885 1200 9288 5241
15472 886 3694 8490 6029 151 5353 6335
15473 6029 5200 11872 11863 10826
15474 6029 1633 6889 6984 6946
15475 11424 496 1118 6835 7948
15476 4960 5421 8119 24 5756 414
15477 882 5768 6191 6251 4775
15478 4333 11388 5240 8157 1066 1648 3983 2958
15479 3090 9203 3664 7347 4333 3030 5412 3646 10166 4338 944 275 1164 1744 10656
15480 4333 3988 3972 6914 10572
15481 2080 3410 5665 2964 2979
15482 4236 3018 6723 5535 1413
15483 2994 6074 4816 6076 4754 6812
15484 9235 6052 5946 11308 11082 11309 6897
15485 9235 1625 11539 11674 11563 11636
15486 11103 9108 404 7909 8160 7470 7821
15487 10000 9252 5032 5039 11131
15488 5032 10673 6023 6024 93 10136
15489 10843 4422 11575 6951 6892 10937 7233 7235 9454 11711 6364 3041 4302 5032 11579
15490 905 3549 6922 530 4037
15491 1606 8060 397 8274 8273
15492 1606 3668 9450 8841 5828
15493 9535 10575 4963 396 1606
15494 9231 9129 9625 5280 10245 6479 10782
15495 3380 1828 2095 1824 2096
15496 1392 4042 8271 4043 4324
15497 11139 9862 6820 10779 4283 9210 4772 9806
15498 8666 2052 5615 555 7219
15499 5615 8763 4358 10817 7232 11873
15500 5615 9073 11365 11477 3798
15501 8324 11715 3700 4257 9455
15502 6607 3685 8184 6846 2054 3918 4867
15503 6607 3311 11129 9958 4640
15504 3862 6376 2589 1066 1574
15505 3862 8659 11354 9184 4462 2993 7604 2938
15506 3862 8883 7619 7153 1615
15507 3862 111 7967 8157 11443 10591 4033 5757
15508 3284 3862 10815 313 2183 11857 567 7607 11656
15509 8931 11732 10151 11271 5712
15510 5712 3009 3251 6347 3844 2681 2 10088 11478
15511 9658 3454 2867 8140 7482 4814 5575
15512 3454 2834 1242 5309 311 1772 7450 7738 4793
15513 6117 6142 593 7081 9244 8047
15514 6117 1050 3877 1277 8237 3562 3184
15515 193 1180 4665 1283 1208 1653 1298 250 982 1176
15516 1450 1241 4907 804 8210 1596 967 1039 1298 1055 424
15517 1124 1613 1708 1298 1745 7906 1316 2555
15518 8174 9763 1298 10606 10100
15519 7527 1724 4608 1615 1527 1573 1034 1716 1488 1162 1021 1298 5864 2729 1503 1604 5861 1656 1605
15520 199 4621 720 828 1622 6772 1298 1631 7266
15521 1030 1051 1431 1298 3827 6571 2728 4646 1403
15522 1030 1100 1132 1570 936 4642 5742 1037 1371 3113 1298 1166
15523 5742 1497 1037 856 1296 1586 1298 418 1055 814
15524 2282 11589 1298 1349 8633
15525 921 613 1709 4626 1586 1373 1076 7178 1298 1361 1044 168 4628 656 1390 818 777 4911 1686 984 1636 8295
15526 1235 6134 1381 1408 1518 684 850 5741 414 1298 973 3297 2971 9189
15527 5620 5134 4297 8504 1852 1792
15528 6719 6394 257 5434 4175 2961 8616
15529 7014 2961 7345 3091 630
15530 2961 11094 5309 6924 11077
15531 3758 4291 5835 2395 5689 296
15532 3205 969 8701 5835 4261
15533 5835 1567 6860 2905 775 7105
15534 1565 5477 7939 10986 9620
15535 11801 6105 9918 11515 11434 5281 565 2183 3248
15536 11434 11812 9329 11813 313 11815 9918 300 7914 3112 11870 9184 11796 9921 9901 9906 11826 7006
15537 1248 1271 2662 1046 2008 2728 10253 79
15538 1248 1269 2651 1724 720 1622 5392 1647 1456 330 1329 1395 1354 219 1586 4781 1076 1685 1684 159 382
15539 5874 11172 684 413 9790 7410 446 2834 5214 1174
15540 7410 10066 10065 10068 6507 10067
15541 10508 9823 8287 9578 8272
15542 3677 10508 3009 5710 3358
15543 9200 1141 163 2377 1226
15544 4088 1108 1141 1233 1142 1143 1558 159 382 1683 1172 160 836 163 167 1161 811 164 839 1169 1313 837 1079 841 970 1173 165 1152 162 166 1165 840 1171 1170 1563 161 1560
15545 1255 2393 4108 1139 1141 1233 1142 1662 839 1152 3163 1184 1167 777 1084
15546 910 1496 333 6753 1611 7176 848 850 3897 1141 159 2550 1223 2204 9041 1636
15547 193 992 7935 1141 836 1292
15548 1253 1483 7693 1141 1169 162 382
15549 1470 1141 1233 1114 8635
15550 3679 4388 603 10455 5117
15551 3679 9396 4430 3093 7021 5357 122 3643 7482
15552 6439 10426 10294 9000 3679
15553 1000 3679 3525 4860 7080
15554 894 3679 446 2604 349 10809 842 8839
15555 7942 3914 9937 1159 3679 942 5943
15556 2974 3180 2541 11269 5914 3667 7884 3679 279 11685
15557 3679 3390 5873 7345 10366
15558 3858 11220 810 3679 9442 3091 1869 10185 7943
15559 3679 7021 10152 3318 10113
15560 3679 1490 4392 628 7372
15561 3639 3679 8260 4783 9243 8345 10776 1123 2230 5570 8723 10818 1077 11766 11035
15562 518 3679 3646 9716 1624
15563 630 3093 3679 5380 3091 361
15564 4597 3838 3720 51 146 147 148 149
15565 941 4597 5914 9169 3674
15566 528 9361 11261 4597 2342
15567 4597 9192 3641 11340 3720 10504
15568 2211 1770 9602 9716 9427
15569 3569 844 308 498 854 5198
15570 7850 1622 562 3569 971 1225 1400 1417
15571 10301 9192 10776 2025 5518 799
15572 10114 2694 5685 6367 5696 3938
15573 2651 10114 7336 8456 8323
15574 2053 10114 11627 3845 8768
15575 11717 11713 3776 11574 4635 11863 6025 10114 2753 6863 10929 10085 11874
15576 10114 2074 3776 10847 2188 2054 4122 10112 6697 3296 10113
15577 6606 3778 7980 5600 2369
15578 11805 3617 493 10534 10944 3285
15579 408 3971 4373 2690 1214
15580 3971 2452 3358 7568 6615
15581 8635 7796 3904 8287 5931 3316 4320 11057 9694
15582 1837 1912 2151 2129 6190 1859 1856
15583 2431 6619 2823 7430 1781 6594 1137 8380 4220
15584 7581 881 2230 6645 676 6971
15585 6971 555 7030 9803 131
15586 6971 10698 7408 719 1271
15587 10453 2614 9127 337 308 10558
15588 4599 7546 7730 9599 2291
15589 10095 7941 5983 7514 5633 10968 9065
15590 1802 808 10095 1892 1828 2013 2964 88 4631 4635
15591 11356 4327 1730 7021 1190
15592 3719 2565 9207 718 788 790
15593 10871 1407 8159 4320 6772 9853 9654 710 1055 5746 9511 8983 415
15594 8549 3663 556 7539 799
15595 528 7542 10643 4526 5751 11652 5927 5928 4832
15596 2590 1031 528 8184 3330 2820
15597 10780 10441 3865 826 4415 4743 5160
15598 8236 2742 550 6772 9278 810
15599 2245 6283 329 550 10996
15600 2716 1709 968 550 7121 11230 4135 4136
15601 2261 6135 4474 908 2143 11190 9168
15602 6135 8866 8867 1513 11261 10209
15603 7586 9623 8263 11642 9446 6649
15604 89 2172 7430 7564 6578
15605 6060 11305 4623 2610 9878 8986 1743 5218 5759 4139 7065 5303
15606 8138 3734 2403 7835 6821 8409
15607 6821 3734 4491 1152 8489 2492 4793
15608 278 7591 9080 2985 5411
15609 3724 3087 9854 4088 812
15610 7407 7120 5086 3087 234 5938
15611 4218 3087 11517 9595 9712
15612 11207 3087 5190 6846 8113 7893
15613 6956 3087 6994 4479 3019
15614 2544 11217 958 8852 8469
15615 7992 11552 6970 3944 5700 3360 165 7432 2609
15616 7992 93 4320 7837 3981 165
15617 10495 7994 4824 11194 2032
15618 10226 3423 10853 8116 5423 4325 6898
15619 10854 3423 10255 7188 8347 7367 6052
15620 5156 6527 2565 6306 11128
15621 2565 10810 7378 4217 8023
15622 2565 2291 8643 9536 470
15623 2565 6327 2567 7590 3039
15624 647 4990 5240 1066 1625 10641 2565 8729
15625 4983 9992 2565 4832 2567 5117
15626 7365 9762 4130 4728 2565 4308 5117
15627 2870 4823 9887 4159 3676
15628 9595 10326 914 3676 487 4061 11397 10974
15629 2742 7604 4862 5191 3676
15630 2870 10195 3010 10061 5710
15631 3010 6689 2782 4398 5609 10265 10118
15632 3010 5710 4866 7282 10509
15633 5418 2811 3010 10509 259 4392
15634 3129 3140 2451 8346 11669 3010
15635 9680 5426 3941 3955 8297 8157 8276
15636 7140 4481 687 7077 7842 9216
15637 2569 6994 4684 8153 6134 7270
15638 6994 4924 497 613 11305
15639 6439 1590 2973 11269 8382 10722 6994 8725 223
15640 1443 27 4224 9427 9437
15641 6891 4324 10860 10989 27 1123
15642 1840 5729 888 27 414
15643 11369 7391 9483 27 10641
15644 8949 1573 4538 27 4472 4471 5474 969 1034 1589
15645 27 7695 4323 3183 7905
15646 27 9460 2214 8802 8537
15647 4934 27 3922 5951 8205 7234 10592 1285 10838 9111
15648 27 4778 6048 3897 2569
15649 27 1123 1137 1000 7726 4646
15650 2130 8553 3770 2160 10439 27 4523 1574 1589
15651 27 1285 9360 11105 10644 697 4469 11165 8026 4465 8949 1581
15652 1199 7892 6453 3012 27 536 3893 4519 7979 675
15653 27 9208 3674 3093 10161
15654 27 3336 10341 4514 2834 3968
15655 27 1376 497 8109 1034
15656 27 3857 2389 8418 974 11471 838
15657 687 720 7535 27 339
15658 9923 11807 11699 9902 4421 3337
15659 3580 3345 203 9066 11797
15660 11339 9849 3641 4500 5518 3544 234 3090
15661 11339 3628 10283 9934 7348
15662 11339 2286 8502 1214 6463
15663 3860 3543 4776 4878 4220
15664 11557 4684 3543 9665 5855 10390
15665 6332 1909 2030 11643 4407
15666 2030 4416 9169 626 1569 4926
15667 336 1018 6863 11522 4452
15668 6786 2834 497 444 1182 1353
15669 6536 7676 2504 2217 6786
15670 2369 6786 11644 571 3052
15671 2286 284 6786 9654 8045
15672 6786 10588 11180 9693 10579
15673 7702 11536 6048 3963 3964 2046 489 8369
15674 9058 2479 5505 400 10284
15675 11862 9352 9107 4269 8986 11314 3964 4778 1702 11760 11875
15676 3259 91 3175 4792 11420
15677 1804 3400 51 146 1928 147 148
15678 1804 10196 2807 8851 10056
15679 2488 808 7022 3400 5775
15680 6716 5302 10168 4681 47
15681 6716 6371 2056 395 11330
15682 5793 28 687 1743 6486 3941 3955 645 10566 64 1458 967
15683 58 7877 3429 2625 22 3375 4698
15684 1029 1275 1449 338 1306 1380 1381 1064 720 1067 2907 4604 1215 1311 1055 1174 1317 1178
15685 11172 1276 1029 1304 1271 803 1723 994 945 1688 9179 1034 3893 1728 8237 1709 1310 7265 250 811 1174
15686 1029 6959 7210 7095 7226
15687 193 1029 1157 1568 4074 6704 6743 1238 210 1403 987 1635
15688 1252 1029 1731 1099 918 1451 1132 1570 1351 7176 1455 969 412 38 4578 4780 963 265 382 3249 11175 5944
15689 1029 1378 1377 1154 2926 2531 1157 1304 1517 2057 1498
15690 1156 1517 1029 1448 822 2459 1265 4075 936 1429 410 1738 942 1282 1622 1432 1073 1329 1159 1520 1041 5888 811 971 1312 1121 777 1145 819 1463 1656 1564 2936 5831
15691 4575 1029 1378 8717 22 5139 10222 5109 7189
15692 4091 2719 2082 3689 9716
15693 4640 10417 5247 6646 2466
15694 5247 10470 4103 10268 7808
15695 9208 5537 5010 969 10784 8048 8118 11527 7905 11727 11544
15696 9208 1377 1335 1157 1060 822 3893 4607 4577 998 1370 9731 1402 1202
15697 9208 9271 8345 3844 2821
15698 4437 11145 9440 6637 4131 36 9532 7350 10048 9716 284
15699 2268 6538 6637 214 7069
15700 628 2457 8025 7100 3295 11432
15701 10040 4030 8371 7334 10529 10872
15702 206 4888 2664 1659 948 1106 1286 2982 985 1837 1318 1333 2062 1465
15703 1905 1859 1837 2042 1933
15704 8715 8174 9763 8720 545 8485
15705 8715 11105 545 547 9360
15706 1253 1337 1236 8715 4910
15707 3669 11503 4908 8884 504
15708 2434 7209 465 3669 3545 237
15709 91 3918 1182 46 969 5506 4992
15710 6252 308 11053 9865 1380 11257
15711 308 3204 5102 6180 2871 9836 5272 4820
15712 308 111 83 337 11496
15713 308 8201 93 416 414 11737
15714 308 5482 626 310 9924
15715 2004 5778 308 3201 3968 497
15716 308 8102 7934 8815 8048
15717 308 1909 8302 1182 656 265
15718 308 2025 4407 1909 1591
15719 5286 5436 774 8284 2867
15720 1909 4159 9240 2461 10634 3666 9542 8626 11079 756
15721 1515 5874 196 7615 2858 363 997 1003 1527 853 2933 1367 2202 1962 1216 1287 1197 5650 227 226 229 1315
15722 4541 7615 8868 2870 8869 6335
15723 7654 7318 2939 9329 3030 329
15724 4766 6882 7128 6938 7129 11849 1511
15725 552 3687 2025 11340 5518 3984
15726 915 3624 4075 4007 11667
15727 3514 11437 3548 1349 3711 3091 3656
15728 2625 6239 11448 4245 509
15729 882 2625 1849 8122 7190
15730 11131 9252 7089 7720 7922 5354 2289 2288 8764 9719 4512 10898 11699 11716 10592 6004 8628 10680 11876
15731 4278 3372 3646 3588 8047 8723 10794
15732 3372 6855 628 11311 6616
15733 3372 918 732 1394 1621
15734 9691 3372 3646 6158 3670
15735 3372 3307 582 8313 421
15736 10939 2590 10382 7378 9418 1443 5252
15737 6045 4045 10925 5268 11019
15738 51 6045 2025 3544 6917
15739 6045 7524 6571 554 544
15740 8199 799 6045 6361 9807 10275
15741 992 2387 9576 2457 7702
15742 9737 3819 404 2865 6227
15743 3307 9737 7466 10054 586
15744 8428 128 4081 968 2221 4293 3300
15745 4328 10043 3944 127 6444 7201 4846
15746 4328 11758 1118 3278 1245 11653
15747 3591 7172 1525 9168 275 5434 2412 5435
15748 6445 11767 10157 11769 11871 5021 6061
15749 1308 3291 6445 1127 4292
15750 7261 1650 1449 2362 2204 1940
15751 3091 4966 6392 3711 3667 7038 10183 1869
15752 6392 8822 675 661 5030
15753 6392 3201 1018 544 5218
15754 3537 10996 10211 6855 8
15755 11828 3537 1455 1053 562 1714
15756 6793 6255 3345 2972 555 5219
15757 788 3043 4187 6255 769 11357 5218 5303
15758 11767 4083 4880 5485 4445 1123
15759 5700 2589 5914 717 6398
15760 5559 2303 1354 6543 2589 446
15761 317 8823 10323 4033 8801 9500
15762 7361 317 4029 5245 2457
15763 6390 11807 6908 6906 11076 11641 9567 11798 9604 1269 193 11792 3617 11440 11750 11700 1427 9920 2202 301 300 9900 3406
15764 6390 672 9348 2352 4358 11635 11559 1822
15765 1905 2114 2119 2963 1013 257
15766 6073 918 8343 2175 4976 4426
15767 6790 1123 51 3803 7149 9585
15768 3615 5040 1123 2653 5289 9898
15769 1123 4260 6252 390 5967 7343
15770 5981 5505 11367 1123 5914 3693 10796
15771 1123 8598 4315 3183 2573
15772 2082 6866 1123 7027 6181
15773 6796 3201 751 1410 9138
15774 11292 7837 9944 3628 4511 7346
15775 10948 9891 11518 1631 11163 11502 1011 1121 1010 4708 10751 11774 9505 10952
15776 2592 10948 9891 11391 11163 8227 1121 8228 817 502 11428 4001 9505 338
15777 10148 4510 9825 4243 3635 1426
15778 4354 10101 11568 6687 1269 6731 1542 4170 1483 348 1676 941 1724 1723 1427 942 1307 6768 1728 961 1139 1689 1366 1120 793 1285 1359 167 1199 221 3868 2729 1604 5830
15779 2459 4354 6763 1524 4579 4704 6774 1259 5542 4778 2494 990 1940 1115
15780 9095 11208 9094 11570 5245 7812 4354 93 9060 11505 4295 6650 7080
15781 1449 1873 9133 6790 4297 750
15782 4297 7210 2577 9133 4210 5447 8060 9022 710
15783 4023 3244 4945 4081 9022 4638 5658 265 6072
15784 4023 446 4099 10120 5240 783
15785 2280 141 6052 3123 6574
15786 8300 9538 9366 10614 8281
15787 4734 4088 4930 8972 462 6787 608 4714 8581
15788 9860 9390 4704 9138 4793
15789 9366 4640 9455 9390 2270
15790 3218 10663 628 1218 8553 4410 751 1518 1569 10405 7892 9696
15791 3218 381 6913 1513 11261
15792 3218 941 1099 338 1570 994 1282 413 1074 1359 1586 1286 4781 382 839 1361 4581 5702 1122 1221 1058 2061 1264
15793 3803 93 8751 4175 4292 3218 3620
15794 4626 7450 3594 11746 9427
15795 3594 5992 7746 2927 889
15796 6541 9002 5040 11015 9633 1146
15797 8751 6431 4292 11877 11695 10072 6084
15798 2700 3429 451 7336 7435
15799 6940 7035 6939 6802 2493 1333
15800 6802 11839 11878 6333 6814
15801 2457 3824 6349 5276 3000 11410 262 2351 8202 949 756
15802 4987 1909 10690 1050 719
15803 4987 1161 415 10499 8988
15804 4987 8421 7577 8451 11049 5575
15805 2778 6188 667 668 1256 1442 1383 6168
15806 1596 1068 2189 413 3057 250 1631 1174
15807 5009 6949 3057 6885 221
15808 7197 4194 6985 6957 1511 6942 6930 7126
15809 559 8653 11429 2647 3903
15810 2246 2342 1066 7784 5420 4418 4125 7401 6725
15811 2246 2429 9668 7659 969 11474
15812 6476 8726 3912 4216 4418
15813 8654 8158 8136 151 3670 7030
15814 1838 206 11272 1370 966 1292
15815 2647 1838 851 1109 2060
15816 558 10512 6105 11811 9902
15817 208 2834 28 4088 9497
15818 9058 208 7562 9028 2248 968
15819 2225 355 491 4469 7993 11534 774 9001 11262
15820 10991 6395 8366 6771 288
15821 7241 4211 6395 10759 10626
15822 444 797 7547 7463 7852 7456 8152 6829
15823 4474 3683 5642 7440 9903 8446 3845
15824 3141 5680 6103 1845 2160
15825 5262 4131 3224 9496 7348
15826 5026 5262 4462 4481 4322 5505 4201 5231
15827 5767 1304 1738 410 828 562 158 6547 1358 416 4781 250 858 152 1713 819 1416 1225
15828 7695 5767 5010 8113 978
15829 5767 10698 5870 2101 5757 11126 6137
15830 272 10567 3931 274 4996 8346 9693
15831 272 3775 274 2398 8302 994 1351 3910 361
15832 272 274 4176 10502 6797 6798
15833 272 4527 11180 2497 8082
15834 272 4505 2035 8294 4186 8281 4818 274 1567 11219 7973 9308 4996 4180
15835 272 3931 274 3140 8347
15836 11861 8796 11699 11712 10832 11879
15837 8766 11169 10787 11861 10672 7157 5012
15838 11861 7055 6550 387 11436 2814 1262
15839 7034 2651 1253 3930 1306 3221 2664 1366 1509 4603 4888 1286 1216 1143 1287 969 1433 382 1260 159 816 1169 167 160 1165 1079 161 1161 970 165 839 162 1259 1009 1258 164 3297
15840 7022 6976 7095 11880 2673
15841 6489 3111 3542 8843 2870 670 3293 4122 6512 9352 2690 11214
15842 3111 2556 10122 2788 10593 2821
15843 7804 51 89 7702 3111
15844 9348 2749 2754 5605 2331 10847 5607 6170 1544 2038 2329 6205 8849 7150 10080 7055 2797 3760 3364 3735 10083 2352 2791 5993 10859 3170 5658
15845 2749 6906 4771 2753 6795
15846 2688 2749 5609 10847 5706 3007 5672 9660 10692
15847 3171 2750 2688 6687 9215 3757
15848 6933 3230 6039 6335 6143 2823
15849 1909 1649 1118 953 5839 6487 5477 8150 9848
15850 9584 3803 3365 9576 7323 6320
15851 3349 6304 4228 4140 4135
15852 5560 4674 1843 3646 11207
15853 8730 6247 9717 4909 1185
15854 2239 562 70 8650 813 9717
15855 4112 11450 193 8 2326
15856 9595 4075 10549 1828 9813 9834 7551 9857 4720
15857 5964 937 4281 8536 6456
15858 7621 234 3444 2065 555 8653
15859 10546 7621 6230 3473 1695
15860 4229 3521 5357 9443 7842 6414 4135
15861 10138 3521 7561 7209 238 237
15862 5478 10795 5474 3635 6483
15863 3635 3588 3463 10776 3670 4430
15864 889 773 4253 11258 10532
15865 889 9982 3691 3928 9314
15866 889 7379 1672 3463 616
15867 10128 11275 945 3860 3857 3914 949
15868 3170 7492 3298 51 3844
15869 1237 10577 3554 6282 11357 4638 9050 4322 1242 5702
15870 10577 4698 4559 7070 1159 7237
15871 6695 10154 10183 2569 3433 10577
15872 3912 3857 8597 502 1895
15873 1895 2414 726 465 1161
15874 4303 5873 257 7972 3068 6643 3050 4694 4499 1895 1998 3562
15875 7320 3122 7152 10220 1895 6087
15876 5144 3945 2832 1895 7401
15877 9994 1137 716 9712 5229 562 4052 1895 776 4140 10179
15878 9234 3720 8536 1738 3231 6748 51
15879 9234 3520 3588 3463 5518
15880 9234 5571 204 196 4088 2656 10373
15881 462 8972 3520 11212 2430 9234 8471 1066 9361 3858
15882 4123 207 9459 4981 2872
15883 468 187 8700 404 11056 427 8614 5143
15884 187 8843 9226 3091 5044 11643
15885 5420 9603 5478 8967 9975
15886 5420 365 732 8151 4932 465 4646
15887 256 4418 5420 9574 9716
15888 5420 5478 6976 7076 6880 7131
15889 5420 11021 4535 4127 4433
15890 410 1137 1715 3201 1497 3401 613 1070 6737 7351 6704 5420 548 810 414 1076 4964 250 10583 1055 1560 3983 228 3869 502 425 6129 1416 1247 1227 9220 5859 1229
15891 3893 6066 6965 11353 4007 2327
15892 4180 3205 10439 783 9461
15893 4205 11277 3205 4210 6398
15894 3205 2453 10027 7842 1429
15895 9600 799 5246 7812 460 10158 11556 446
15896 9415 3943 446 9416 8621
15897 446 2834 9309 2248 1161 7189
15898 3346 8576 9424 446 4416 9414 1741
15899 446 4820 9687 953 9819 7551 5301 9857 5298
15900 446 9318 3318 1160 414
15901 4677 10419 234 8337 3202
15902 4836 2877 3003 985 3225
15903 9555 11261 329 518 10127 7677 6126
15904 6071 992 2220 10998 8700 612
15905 6071 8849 752 9100 3857 544
15906 6071 530 552 11039 11674
15907 1376 6148 1073 8197 81
15908 1828 1912 1816 1823 2095 2177
15909 4458 2811 2680 11382 3007 10108 2767 2782 6725 9887 6346 3011 6007 2810 2369 4629 3170 5045 5603 2039
15910 5045 348 11330 11612 7096
15911 2291 3663 4474 4472 4467 1573 8619 4925
15912 8146 10039 313 3128 11015 2394
15913 8146 11349 3151 10380 3139
15914 5587 905 11301 3484 11018 11117 9109
15915 1203 4003 4473 1582 4469 4467
15916 4473 8949 6385 2580 4992
15917 1307 4473 6418 7579 2606 7577 8397 5575 11645 8982 4438
15918 11351 5527 5756 4473 5524 5757
15919 9205 9358 9402 795 9411 5961 9034 4473 4468
15920 5570 2053 2569 6014 6020 6022 6021 4543 11043 1187 6038 1186 5586 10271
15921 5136 6231 7191 1246 9489 11647 7001
15922 5136 912 2202 1024 1969
15923 1792 1890 2155 2918 1914
15924 1792 3444 6167 4795 147
15925 1792 1806 1856 1824 1915
15926 1792 1802 1828 2095 7978
15927 1792 2195 5656 3054 4398 8709
15928 1792 51 2825 1589 8239 11790 8919 1307
15929 680 396 3880 9366 2264 4982 7724 7065 968
15930 1421 6314 1051 941 396 1496 1064 1003 812 1436 5785 1114 1400 1226 4724
15931 999 10637 5312 396 1646 7080
15932 396 3207 9891 275 4957 1066 3318
15933 396 4259 2734 9290 4162 1282
15934 396 8260 4339 7967 6047
15935 7784 257 632 8544 10629
15936 89 7784 11208 9094 11266 1317
15937 4281 5196 3356 2368 8107 7479 10023 2041 3230 8816 3027 8803 4325 4778 7192 4880 10691
15938 4281 4215 9068 10074 10075 9296 9294 11782
15939 10764 3027 10479 4944 1053 9018 70
15940 1602 4767 6941 7035 10539
15941 10539 6059 2135 2690 2189
15942 23 1548 1101 1392 348 692 1097 1238 1018 2200 1715 829 4780 1552 1743 1371 1488 419 755 969 5864 8788 977 422 1631 1437 1059 987
15943 1379 2200 848 1382 945 1622 1715 9200 1210 857 1257 963 5863 1215 1654 1488 3 1558 1169 1172 1223 7094 1317 1316 986 1177 1636 782
15944 1273 1695 6731 1676 692 918 1570 994 928 1380 1381 2200 1137 1621 4907 2932 1138 1066 5741 1140 1680 4579 963 212 1074 128 1285 968 5888 2059 4574 5852 1184 978 7094 1713 1177 983 5018 987 2935 1464 1564 2936
15945 2200 1596 1810 2149 4910
15946 1542 1271 1124 206 2199 4656 1135 2200 1070 1555 5795 3 1023 985 1224
15947 4074 348 408 1470 936 2200 684 963 1076 1143 756 502 971 159 382 974 838 1084 983 3174
15948 1271 8656 7176 1324 2200 1295 1470 945 942 1068 941 3858 5978 3086 856 8073 1432 963 961 964 265 756 2727 1313 969 502 4628 838 1259 970 160 1169 166 1057 1043 840 164 811 161 974 4590 162 1173 163 1167 839 165 1079 1258 1315 5018 5830 983 990 1687 1466 4672 6759
15949 6968 4244 3153 4749 7710 8972
15950 6968 5150 6723 5535 2408
15951 1695 1155 1271 1117 6134
15952 6134 3858 1182 46 969
15953 6134 2212 250 164 2492
15954 6134 1187 2053 1185 9750
15955 3617 6134 1255 10459 11396 1254 3285 7914 11810 2182 6764
15956 11792 10944 6134 1067 10300
15957 9858 10821 11719 7233 7234 7235 11711 10836 11860 10824
15958 10820 9858 11235 11718 10072 11170 11881 11696
15959 2288 6834 10564 7448 6651
15960 11075 11641 9566 6762 4169 2288 11803 6906
15961 11195 8660 8661 4461 3451
15962 438 6940 3645 1134 11605 6409 3451 11635
15963 10000 51 146 147 4690
15964 10000 9304 11576 11840 10817 11456
15965 5287 11293 9252 8184 9175 11254
15966 11736 2182 7195 1255 11682 11656 3621 11798 9567 9252 10743
15967 6748 487 5009 2650 9224 5864
15968 9280 3295 6748 3827 11685
15969 445 487 5269 8982 7321
15970 1602 312 10516 1487 9745 8501 1655
15971 5287 4356 2006 10516 5446
15972 11708 4557 11573 3809 11235 3164 11858 11794 11631 10818
15973 3588 11085 799 3520 3527
15974 9290 9556 9819 8345 5299 9836
15975 7283 5677 5670 5676 5673 5694 10085 6725 2038 11382 3046 1458 10809 10401 6482 2751 263 2834 6895 9713 11567 2681 11366 10088
15976 2751 3845 3062 6603 8801 11662 1938 1926
15977 4244 2937 4956 11636 11539
15978 4244 2937 4077 3020 361 4266
15979 4244 9108 8184 11648 5949
15980 1738 3948 3955 1574 9391 4244 415 811
15981 2865 4244 11026 4532 11408
15982 8201 522 2266 1700 6226
15983 3444 6855 3689 3763 3239 9716
15984 4305 691 3444 7387 8866 5474
15985 2374 6730 6039 7889 3444 7527
15986 3444 2718 6855 5942 9396
15987 2065 2004 3444 9396 7347 2082
15988 3444 5984 2065 3522 11207 7481
15989 2195 10766 6631 3151 3444 5759
15990 439 8313 775 1589 4247 1118
15991 10540 4100 3651 1474 7954
15992 3778 3175 3271 9623 7270
15993 51 146 147 148 3400 5020
15994 51 146 147 148 3400
15995 51 146 147 148 3048 3400
15996 3400 2093 51 9719 146 148
15997 3400 257 1797 1859 1914 51
15998 8763 8764 8766 8762 8933 8765
15999 8763 8764 8766 8762 8933 8765 8796 11857 6034 6035
16000 1857 1924 6157 7614 1850
16001 11601 11785 10944 6763 9184 11870 11232 1254 11804 11882 9912 11074 11796 1262
16002 5536 8932 11681 4325 10783 10016 8117 11419 7237
16003 7237 10981 7207 497 3039 1633 9484
16004 7237 7702 4646 10925 810 10185
16005 4007 7379 3245 1271 2229 8553
16006 7379 9164 6385 1728 8191
16007 7379 2230 1271 3857 3858 46 10729
16008 7379 886 7525 487 9812 2647
16009 5967 1709 4407 7207 7057 9591
16010 8741 4407 6350 4740 9388
16011 6100 9290 7232 11852 11578 11235 11581 5193 10810 11824 8072 1370 4407 9720 11714
16012 4407 684 8698 4919 10583 4293 3398
16013 8622 1648 827 7225 2041 8757 2844 3184 4407 6252
16014 3871 3870 4407 4324 969 2231 1413
16015 4407 10426 4082 3289 3919 969 7975
16016 4259 11271 7390 7320 2209 8669 8659 8931 9459 11095
16017 689 7390 5505 11491 2209 11037 11869
16018 6522 6954 6957 1203 3356
16019 119 9289 5246 6526 4446 4119 7068 11536 10337
16020 4966 51 146 1908 148 149
16021 11455 10536 4966 8613 2046 3370 4778 6912 1443
16022 4966 10455 8447 6405 5274
16023 7889 11180 1845 274 2797 8346 4862 2373 1142 4966
16024 9489 4966 919 6362 6180
16025 4966 9813 5300 5839 3866
16026 11079 10420 6285 1308 6159 11493 11836
16027 2241 7364 381 8996 10258 6252 1650
16028 1905 1843 10224 1908 3394
16029 7849 2351 196 11436 6121
16030 4764 2653 3101 11649 10446 6213
16031 4686 3912 3858 2653 9929
16032 2653 3966 3816 10969 3330 4267
16033 2653 5465 732 4927 6333 3009 5244
16034 8749 1355 2604 2653 467 3905 348
16035 6350 9618 8852 4161 11150 960 9210 4283 9329 8940 11585 5270 2939 11352 9619 6575 8943 2653
16036 2653 2649 3802 3770 10796
16037 4205 460 2684 2682 8027 1574 3448 11210 6918 8062
16038 1840 1845 812 969 1171
16039 6055 6385 257 1840 7770
16040 1840 2973 7667 7544 9072
16041 1840 2734 219 4538 4728 5231 9366
16042 1840 240 11609 10174 2503
16043 1420 11334 1969 1841 1858
16044 1815 1912 1420 2891 1889 1828 2187 1208 1908
16045 4564 7768 3970 3919 3627
16046 4564 3926 9356 5428 9278 9612
16047 3926 9136 3668 11749 7830
16048 4033 8558 3978 9608 11551 7483
16049 4033 5478 3945 5163 11776
16050 7476 3819 17 7345 4101
16051 2585 3943 467 2239 4089 8574 9413 6196 7321
16052 50 10591 3857 1909 265
16053 1909 543 3188 50 5054 11600
16054 50 5586 9750 1190 7978
16055 1066 1307 120 8920 3365 647 10612 1225 8946 8267 7354
16056 5057 3567 1576 554 735 710
16057 5471 10005 8918 1576 9579 1066
16058 1576 5490 355 4187 8988
16059 11145 8614 1576 5287 776
16060 1576 108 9998 129 5623
16061 1637 452 4753 7331 9890
16062 4934 452 7613 1872 10702
16063 4427 452 4220 10498 4145 2837
16064 452 223 4079 3731 4470
16065 6439 11098 7747 10903 873 8677 452 128 127 4026
16066 452 858 4320 2248 7562
16067 10230 8112 10016 6729 5010 8113 3992
16068 8502 4799 7937 259 8718 4195 1589 5757
16069 8351 11465 9528 3816 6116
16070 7972 5250 10670 7372 2287
16071 5056 635 9854 9938 1689 11187
16072 8726 8157 5978 8986 151
16073 4479 2511 9796 414 10185 6779
16074 5617 4816 9259 1275 1235
16075 4303 1053 10536 5586 11718 11860
16076 4303 603 10860 1082 7123
16077 4303 108 8194 400 1082
16078 4303 9379 11775 11527 6852
16079 1081 6431 3030 10511 4893 5415
16080 99 9591 96 596 6102
16081 3243 10600 10236 11323 11022 5407 2556 6860 2503
16082 6039 3664 10034 4226 6925 944 3975
16083 4872 6039 2427 5680 6934 3883 7134 1235 11187
16084 10888 2079 10886 3190 6227
16085 10976 11480 568 4827 2569
16086 10450 4468 8026 4465 5508
16087 10517 11567 3171 2681 6410
16088 3204 3301 17 9359 5856
16089 17 310 4925 7348 4980
16090 6957 6956 3356 6954 6985 3409 6871 6944
16091 6888 7129 6954 1203 6885 6956 3356 6882
16092 3356 6477 8613 6885 6954 7068 6956 6942
16093 5287 9337 9849 11212 10406
16094 7670 5220 569 9460 5448 8700 11233
16095 4360 5220 9440 235 3970
16096 9759 374 4689 375 1062
16097 9759 7540 4246 4069 400
16098 2700 2199 1099 4903 1071 2782 814
16099 2700 1162 1433 5889 5762 447 1085 819
16100 9315 10734 5284 4307 9984
16101 11173 3175 11334 10850 4511
16102 2268 8563 11768 9137 10456 10570 2570 8122 774
16103 2268 9432 9338 8368 2231
16104 2268 2291 5117 8 4981
16105 215 2268 6226 6538 4022
16106 7309 5779 4930 1137 225
16107 2255 8614 105 9107 7509
16108 105 2255 1729 4326 7384
16109 9876 2770 9236 9953 10503
16110 210 1282 7351 9196 11143 10503
16111 10503 5575 7578 2022 3040 8884
16112 4141 9985 6545 3749 2517 4551
16113 3749 7330 871 108 309
16114 336 322 9703 8886 2993
16115 5089 11550 4180 8719 3313
16116 3960 499 5447 560 5448 956
16117 11117 3960 9842 2743 5301
16118 915 1643 3770 3960 265
16119 3960 1823 8937 11387 991
16120 1716 11828 10776 2554 3320 5040
16121 11828 10102 11204 10575 6490 8358
16122 5066 6083 7320 11732 4714
16123 6546 1553 948 11395 11618 854 339 10135 10134 8598 8817 5585 10966 4560 5600
16124 6546 11158 7179 4297 4703
16125 748 10613 467 6546 8204 5788
16126 1295 853 1037 1358 1586 1055 6774 2550 1318
16127 10505 718 1405 1501 1408 1615 1037 1071 4577 932 1470 5884 1435 1184 1712 1564
16128 1117 928 1659 1037 966 2982 1810 1083 1323
16129 1376 2926 1050 1501 1295 4431 1741 1037 1520 1312 988 1714 3174
16130 1731 1676 1030 692 1131 932 1282 832 1037 856 1396 973 1490 1711 656
16131 395 1718 1501 1295 3893 5742 832 855 1037 856 157 5741 1120 1488 418 1165 227
16132 1494 4573 1548 198 4637 2905 936 1065 720 997 851 1002 1033 955 1037 948 1210 1068 1107 4579 1297 2549 1142 793 1311 4350 1076 1458 1460 1710 842 5030 2061 1605
16133 1158 348 1380 998 1238 5880 1232 1739 1210 1296 1037 1074 1233 810 1119 1287 3899 1313 5840 223 813 1512 1177 1416 1564 1264
16134 1192 1030 1132 5460 3911 410 1501 1033 157 1037 856 5741 38 1038 4604 1211 414 1040 2727 6772 79 1312 1152 1083 1042 1011 164 818 1114 984
16135 198 912 1351 939 1739 1622 806 562 1033 1037 956 4604 964 1040 265 1082 7978 1145 9947 4606 6972
16136 6191 10658 2490 3005 4317
16137 2530 894 11092 6770 11183 7934
16138 1157 1448 408 692 1706 1282 1731 1283 155 806 613 338 894 793 1119 3406 1655 1020 4908 4576 4628 222 1078 1011 1315 1174 1686 1088
16139 4081 755 748 3922 5623
16140 4081 495 3201 4210 7789
16141 4458 4081 11850 8456 8457
16142 4081 257 2834 11234 812
16143 3530 822 4081 2228 1625
16144 4081 7976 9465 6283 9907 8108
16145 4081 7371 950 3296 8187
16146 128 9790 9754 5864 10023
16147 2762 2395 3289 4034 1133 1134 3093 4036 2393 4778
16148 190 7103 11799 6928 2887
16149 2515 497 762 8843 3620
16150 9490 1582 1569 8184 10242 11765 6636
16151 9490 6404 6491 960 8114
16152 8563 11138 7613 75 21 3398 8988 3316 5257
16153 5431 5557 8174 5711 6925 11883
16154 408 1575 9290 5218 9590 5303 5197 11522 1913 11650 3469 6693 755
16155 11650 2245 9289 4190 361 7690
16156 369 1909 10766 3885 9565 10028
16157 9142 4197 593 3885 10200
16158 10658 530 2010 10859 3162
16159 10658 8441 5816 5810 6057
16160 3694 257 196 4581 4880
16161 4717 8943 1744 3694 4850
16162 3694 9608 5158 10952 634 11523
16163 4456 1816 146 51 149
16164 10014 7190 4456 2160 2571
16165 7195 1307 1327 5797 4456
16166 3485 11288 2810 2561 11254 8322
16167 4867 3485 11098 5914 3858 7887 6849
16168 888 460 3409 5113 28 718 81 465
16169 888 3783 9624 397 11530
16170 999 10657 509 6632 888 9509 9898
16171 436 2509 552 4579 1742
16172 886 436 2398 4426 11835
16173 9180 4396 4464 3175 7218 584 11078 5024 7610 2667 7534 4310
16174 6479 3175 470 509 11362 8817
16175 3175 3771 2229 3905 1366 838 3246
16176 6423 6059 9934 7348 10906
16177 3198 5221 6423 4953 4114 8514
16178 5505 2128 6387 437 5253
16179 4158 7921 8089 1271 4717 10203 1214 2209 10877 9716 2633
16180 7350 4753 6642 11426 6803
16181 4435 5476 7350 5579 781
16182 515 4512 1761 7916 4813 4219 9379 1285
16183 2907 1603 3390 247 389 11763
16184 3330 7143 10982 3390 554 3984
16185 3390 51 146 147 148
16186 3903 4335 3999 941 1271
16187 4335 6250 2742 9732 5772
16188 4335 131 11395 3292 6070
16189 4535 5259 1978 2865 3866
16190 1978 1801 9278 7440 5759 1770
16191 6906 11404 11641 11529 8297 10007 9045 10001 5988
16192 11358 10441 6572 5198 6227 8280
16193 257 10441 1492 11766 11619 10309
16194 4844 7907 10720 6471 9685
16195 1909 4753 460 5044 7535
16196 11614 854 8118 4276 1109 1221 1604 1605 1229
16197 6707 6828 4117 5535 4482 6723 6721 8808 11759 4276 10124 11884 8800 11467 8333 10991 3834
16198 11433 2834 11012 9128 8163 437 4719 5932
16199 2827 10215 207 7630 4239 6511 1280 2037 2778 391
16200 1406 10387 1442 1443 2210 1550 968 981 2555
16201 748 7217 1359 10625 10387 4513 414
16202 11415 11416 3733 6531 789 11417
16203 8268 9102 9165 9209 6898 2040
16204 7881 3956 1257 4178 9936 4472 544 1969 1413 9731
16205 4782 10481 8633 9691 5555
16206 10941 10819 10536 7290 9304 11100
16207 5926 4218 794 9356 10694
16208 2834 5926 7001 9063 11585 10782 6970 1572 9305
16209 1833 51 147 9887 4458 5603
16210 6212 2509 1670 10664 6580 2783 6329 6319 6078 971
16211 6245 1908 7763 5687 10802
16212 8347 6245 3931 9698 9171
16213 9236 680 586 4908 8778 810
16214 7587 321 9444 11749 8180 3981
16215 6793 7103 7930 9901 9910
16216 10376 9566 10375 7103 11118 9901 3248 11815 11818 11076 3285 11486 11762
16217 11076 6908 6906 11806 11075 5846
16218 11692 3405 6908 9917 9921
16219 6762 11823 4546 1972 6333 2183 8944 8941 11843 1116 11885
16220 11461 8090 11599 9433 11806
16221 1308 7006 11785 301 11805 11882 11821 11820 11823 11804 11802 9911 5994 11806 10534 6034 6031
16222 3285 5705 11461 11803 11801 11806 10534 1263
16223 6906 9567 4771 558 4625 6010 6004 7291 11883
16224 6906 11821 11820 10735 565 10534 11599 11843
16225 6906 4771 11396 10814 10815 4424 10670 10671 7157 10672
16226 5994 11820 11821 7914 6105 5281 9921 9922 1255 9920 11430 9911 558 11810 2182 3405 10380 11823 11811 9918 11515 9902 130 9908 300 9344 3617 301 11822 11813 9913 2249 7606 11825 11824 565 2185 10735 11817 9904 2183 3248 9905 11819 3247 11826 11827 9901 3253 9912 11232 11814 9919 6765 11798 6764
16227 8003 3674 8633 11610 630 10264
16228 7282 10547 6349 2784 3938 6352 5683
16229 11461 9247 8148 2798 2271
16230 8383 11461 1191 9901 11843 11813 11796
16231 11791 11870 11799 11803 9911
16232 7866 823 1235 5505 198 209 1739 1075 1023 5858 988
16233 5066 3858 3857 1182 3919 969 1034 7078 871 275
16234 2679 4180 5864 6613 7192
16235 369 5307 11051 546 7353
16236 369 460 692 855 562 949 641 1082 1176 1416 4911
16237 9642 9788 2444 10874 5144 2832 5759
16238 774 6982 8185 7919 1066
16239 5680 5605 11364 4859 1813
16240 5680 2810 3330 6177 11014 2817
16241 5680 5536 2212 4866 4160 4162 4283 9210
16242 5680 5930 3311 5671 3963
16243 437 5680 4432 7152 5412 5143 7480
16244 5680 204 6860 1413 3190
16245 4728 9982 8720 8174 693
16246 9982 8174 9762 8147 9763
16247 9982 11105 5489 6618 544 14 9608
16248 789 6579 10519 6057 9795 10653
16249 693 4393 8174 961 8418
16250 8174 51 545 147 148
16251 9763 4130 9360 8174 9762
16252 4477 338 693 2877 8611 10989
16253 693 6439 3905 3914 942
16254 693 8241 921 1149 6279
16255 6111 372 4088 4735 287
16256 7274 10043 2270 6800 2781 3918 879 5573 257
16257 4260 8989 2239 3309 2255 4151
16258 4654 4247 3857 9227 4260
16259 7360 608 5245 7029 8498
16260 608 5279 1271 1405 5764 7556
16261 4247 8508 10705 9394 8784 6896 647 642
16262 909 3914 3245 3857 3918 6439
16263 3772 7837 3798 10796 502
16264 4573 1235 1101 4621 1524 937 936 1393 1509 1138 950 1107 5881 1006 1159 968 1076 1311 1022 1109 1197 2552 6740 5852 979 1019 1184 970 836 840 165 1169 1258 1043 162 3921 1079 161 1167 1605 5030 819 1316 1059 1714
16265 1380 953 6572 6459 3215 6924
16266 6459 614 10578 10225 10274 3135 9693 10596 7041 3136 611 3132 89 609 11 7185 7124 9604 10255 615 11669
16267 1860 1886 2916 1803 1802
16268 5299 4876 5254 2814 7890
16269 3778 3781 3777 11554 4541 6692 10401
16270 672 11438 1816 3992 3048 5040
16271 11438 10952 4690 10736 11523 10544
16272 2761 2186 5705 10859 3712 2328
16273 7474 3083 3666 581 1731 6021
16274 2736 4535 969 7474 4309
16275 7352 3359 8804 755 7474
16276 4003 5609 7474 6495 204 8119 10402 3356 3019
16277 1600 628 5502 8939 4161 4162
16278 1600 2870 2457 6775 6383
16279 1600 3824 8534 2783 2800 2580 9005 2804
16280 374 2133 9029 3893 1164 9859 1849
16281 2133 1276 1505 1180 2188 4122 2190 10656
16282 6682 4817 9348 4390 4170 8656 2664 4608 2469 4197 3058 1682 1106 2352 8886 4731 1522 984 4911 1712 1148
16283 2331 5475 8727 9727 467 720 6048 1285
16284 5606 10083 9931 2331 3777
16285 2331 5657 3173 6333 6050 1970
16286 7926 2465 3822 2831 2331
16287 10992 8736 7758 4198 2331 5238 11553 4239 4723 3150 5276 6647 362
16288 10077 9856 10069 2183 11718 11631
16289 11718 11860 11708 11881 11751
16290 10814 10077 11235 10069 10403 11718
16291 8303 11263 4632 9111 7094
16292 8303 3480 3708 7016 281 9031 11886 11125 196
16293 9646 6952 1620 6949 11887
16294 1998 930 1240 2203 2726 2377 2908 1009
16295 9536 3941 3955 10444 6192 257
16296 3706 9362 8357 7754 10248 3091
16297 3036 3706 3670 10382 4955 7736 5564
16298 4912 8362 8294 11427 6826
16299 4912 5808 8970 7082 9374
16300 10089 11390 6239 275 4912
16301 11777 4390 3585 3742 3364 6655 11572
16302 1194 412 807 1208 2202 1299 1220 656 2062
16303 1191 4657 1306 1241 1001 1470 1193 1208 5875 6696 1036 1708 1119 1075 1076 2060 2059 1197 1021 970 1512 1403 1712 988 4911 1687 1464 1226 1333
16304 193 333 1381 5029 1208
16305 941 1208 1164 1057 1114
16306 28 1542 852 2859 995 1032 1208 2192 1395 1017 1221 2204
16307 193 6314 1235 3963 1208 1146
16308 1496 348 1231 1208 2725 806 6757 966 3039 8863 1011 1166 1703
16309 10080 6498 1351 1003 2192 1208 2202 4589 5885 1747 1437 1226
16310 408 724 411 1456 5875 1033 5888 4078 6773 2728 1713
16311 1192 995 724 1456 829 857 158 964 967 1359 1041 966 4599 1287 4751 8863 1166 1218 1363 1403 5030 1202
16312 932 997 5862 1456 3825 1645 1074 9475
16313 941 363 1235 1031 1353 1519 337 724 720 1456 413 210 1297 1370 414 1160 4599 3039 1055 1363 1011 1711 974 10983 1402 1247 9929 3174 5652
16314 1501 1519 1456 5742 158 1520 1041 6772 3039 1661 1361 1312 1218 6732 422 1011 1747 1363 656 1401 425 2061
16315 657 8787 9777 10625 771
16316 5108 7563 8199 9458 1162
16317 7563 2669 3981 487 3978 5828
16318 5054 9261 5280 7563 9487 9842
16319 4139 11057 3643 7563 4228
16320 9487 7413 3931 274 10255
16321 9487 459 8512 613 1703
16322 5280 6648 2389 3905 64 4205 3002 653
16323 4205 10419 3968 10208 5474 953
16324 4205 4983 2941 640 2536
16325 4205 5206 11102 11155 4195
16326 10305 7555 10042 6707 8844 965 2820
16327 2923 912 6605 1550 11119
16328 2923 6396 8457 4560 3031 4166 568 569 2236
16329 3752 8651 409 1130 4044
16330 8162 4042 3540 7909 11126
16331 9564 11638 5195 8817 8822
16332 4463 918 8283 3307 4497
16333 11295 698 9310 363 554 783 785 2727
16334 2056 4152 3883 5666 7479
16335 2056 5715 11553 1723 6578
16336 3194 3475 7063 5291 612
16337 3194 912 11268 932 250 1631 1010 1712 10919 5865
16338 6717 9680 5590 10925 10043
16339 11834 11787 2369 10787 9841 8122 7190 5196
16340 81 9497 5440 10880 9606
16341 5440 4288 9664 7466 5242 4393 1034
16342 11730 5440 1909 467 696
16343 5440 871 496 5273 6502
16344 584 11472 1620 361 467 5923
16345 467 99 98 10893 10891 2084 7793
16346 467 58 2536 9483 5120 10268 9930
16347 2559 11671 2558 9446 8618 467 2561 9062 7190
16348 347 1031 2281 5205 958 467
16349 7215 467 4504 7769 6553 1494 7299
16350 5299 953 467 9441 8489
16351 467 440 751 3313 813 5508
16352 8773 81 467 915 712 7236
16353 9497 2040 467 8919 9944
16354 467 3201 81 11503 1359
16355 3904 8333 11093 1590 1182 969
16356 11093 3912 6333 4060 11204 3245 8359 7553
16357 11093 628 7274 3931 4996 10255 8346
16358 925 8495 6273 774 8542 1370 1589
16359 924 10620 4337 2742 2229
16360 3466 3480 3708 924 10609
16361 7525 487 488 3978 1909
16362 1909 11556 1138 10263 7167
16363 1909 9600 11344 11304 687
16364 1909 81 9553 3320 5042 571
16365 8537 8944 4415 3183 9145 1909 1961 1458 1285
16366 5543 3320 5040 1197 4388 1909 4934 2764
16367 1909 397 8274 728 759 9992 497 726
16368 2503 6573 11667 10725 1909
16369 1909 9104 9893 4508 7009
16370 11756 11443 6520 3101 8223 6396 5423
16371 1672 891 111 881 7123 9493 5009 51 6697 5610
16372 4637 6518 58 720 495 687 9606 11525
16373 58 9852 5299 10806 9862
16374 7581 6408 9837 1066 1282 8240 4434 1041
16375 5525 11397 10126 7581 284
16376 9044 7940 8967 7581 2230
16377 5232 3963 3964 6687 1651 5507
16378 2230 10624 2272 1670 1271 4269 1620 1574 6469
16379 718 9823 7367 1616 2230 6574 756 5198 8822 9934 10560
16380 4514 2515 2230 4147 790
16381 2230 10004 1271 5817 10430 10425 719 9328 8618
16382 8947 3833 4075 7401 11303
16383 3778 9478 8947 3001 9341 8925
16384 5049 4983 10536 5219 5418 1716
16385 5219 6695 3341 6247 4627
16386 9310 9246 3540 3539 397 571 9861
16387 9246 11205 9310 51 146 3616
16388 4592 1377 1271 395 4575 1451 9222 1274 1738 1455 6694 6768 2367 937 968 1075 11038 842 1077 1145 3297 1084 987 1564 5859
16389 937 938 1738 4076 1139 1648 1122 6773 1293 991
16390 2651 1542 1060 937 940 720 1240
16391 1237 994 1736 4608 1032 937 5862 1573 1622 1242 1138 38 1038 4781 265 1169 1164
16392 822 1306 1505 826 937 1192 4907 1320 942 1726 1623 1678 1728 963 1370 4599 4908 5864 4555 1061 223 1706 1176 4602
16393 1030 937 1429 1678 1138 1139 1033 955 1742 6547 856 4604 1310 1313 839 1173 2909 818 819 3297 3174
16394 1548 1450 920 1132 937 807 1627 1074 1373 1017 1435 3827 5840 9730 2462 4628 1560 1403 1247 4351
16395 4410 823 1483 1448 732 1131 338 1351 7565 1736 937 828 1396
16396 3242 11065 7891 937 4241
16397 718 1424 7553 1030 1132 994 937 3911 1484 1295 1353 724 6696 851 413 337 3401 158 1151 5888 1143 1744 6699 974 9884 656 1686 1226 1264
16398 1253 941 348 4339 937 10086 1647 942 1017 1286 1658
16399 408 1568 937 411 2060 1200 988 1226
16400 1449 6704 1238 937 1739 1519 1509 1283 1070 2725 210 1033 6737 1358 5623 1370 1022 1023 1289 1019 1323 1112 1686 4588 1417
16401 478 6538 2586 5664 1633
16402 3171 6689 2690 2188 2054 2190
16403 6941 6976 5630 7098 4767 6873 6870 6939
16404 5042 6912 8658 7098 1591 4098 2488 6940 10672
16405 6940 6951 1602 3409 2801 5630 7075 1203 6875 7098
16406 4236 36 465 6385 4983 2941
16407 4236 5826 8802 9062 11621
16408 4236 1118 10234 7851 11183 8659 9555
16409 2742 4686 2388 3999 4236 1646
16410 5808 7654 8620 6090 941 3903 11596 5299 3904 1117 3858 3150 502 684
16411 5808 6824 9813 4357 9814 8572 7682 4971 11689 812 3977 6646 9494
16412 5808 3241 10782 6655 11210 8046
16413 3527 10991 7509 5941 7852
16414 8594 10922 4427 8544 9945 11626
16415 8918 3225 11064 10874 3540 2559 11671 11167
16416 1182 1620 3540 5919 236
16417 3540 6888 7009 6957 1602
16418 6831 10383 8106 6483 3540
16419 6446 4270 6603 3093 11044 11149 1112
16420 6446 3031 6227 3868 4166
16421 9720 10642 6446 565 11821 9900 11888
16422 6934 3670 11494 10056 11761 7332 11723 9895
16423 5571 4020 10830 5014 11573 11587
16424 2719 2082 5291 11530 4329
16425 5238 2642 6396 3974 8265
16426 969 6572 2408 5418 9020 5238 2369
16427 5238 7629 3984 2248 6896
16428 10389 9249 1682 968 5238
16429 7001 11211 5238 3903 2755 812 6077 10263
16430 7229 5704 6138 10324 8456 8457 248
16431 3711 11555 3316 10248 9879
16432 3631 3316 3398 7029 9311 8968
16433 5471 3858 1182 7070 265
16434 6252 5471 7716 8060 22
16435 5777 8235 9474 7556 4195 8232 4792 2729 1044 10416 837 11155 8687 5424 8489
16436 8396 1554 11335 10926 8659 9988
16437 8084 5662 4175 10595 11070 3135 9673 5936 7348
16438 4016 8355 6076 8737 6973 9484 361
16439 9368 1271 11211 712 949
16440 9368 11781 9309 9265 9238 1661
16441 3955 7516 9034 3941 3948
16442 10927 3279 8799 1649 1118 1177
16443 9934 1632 10021 1649 7514 8502 10446 11845
16444 1223 1649 4526 11216 9689
16445 1649 1191 994 2905 2367 4391 1320 1553 1118 1680 1554 1627 1358 1245 1488
16446 3803 7396 337 448 9888 7506 11221 823
16447 2241 3211 3803 93 7359
16448 6060 9499 548 7357 11025 967
16449 1806 3075 2107 1899 2154 3395
16450 1806 2963 2107 3076 3075 2154 9204
16451 4365 7613 3101 5162 3528 4430 9580
16452 10104 5423 4376 398 10023
16453 3567 2011 4226 9886 7299
16454 3612 5236 6725 8059 5995 3567 2086 4493
16455 3852 8698 4709 3567 6790 2876
16456 6995 5656 2814 5609 10132 11436 8318 7055
16457 6995 247 10617 3838 7204 3271 240 3118 5716 3267 5719 8886
16458 6995 3167 5706 3172 5609
16459 6708 4216 3167 5660 3062 3246
16460 2457 3712 2329 2767 4826 3167 3172
16461 5201 8269 2775 5610 3321 10199
16462 11224 881 1450 11329 1550
16463 1495 1548 1725 9303 4088 1295 1325 1036 968 810 5888 1661 76 1810
16464 10329 9303 9604 11730 7155
16465 5206 9394 2536 2171 89
16466 3550 10776 2578 3834 5196
16467 3550 6970 10866 610 10710
16468 3963 5873 4036 1134 3320
16469 9184 6763 9917 11601 11204 3684 552 9902 9912 3253 1262
16470 4690 11204 11332 10102 6490
16471 1156 1255 1441 1030 338 1610 1003 1352 849 1573 1459 1056 1020 1197 1010 422 1847 1749 988
16472 1156 1154 1516 1449 1271 1157 1304 1518 1642 1569 720 939 1064 1325 1509 807 4907 1573 793 966 1040 841 971
16473 3631 6692 8092 9431 9338 8093
16474 2266 2406 11474 5924 9523
16475 7613 7316 5351 497 10529
16476 11184 4707 8601 6201 6569 8294 7613
16477 7613 6226 7359 2258 1355 5208 1729
16478 4863 931 9489 7613 7359
16479 2765 10153 6226 3 9653
16480 4329 9255 702 4104 4634 7333
16481 6439 11394 10730 647 4990 11353
16482 6439 2742 4504 2388 3993
16483 2971 3083 5983 2742 6439
16484 6439 2742 4686 2388 10426 3905
16485 6439 2870 2211 11181 5434
16486 23 1282 9196 6439 8946
16487 1191 2798 566 2816 5809
16488 363 464 4320 968 7362 9008
16489 464 1144 9821 81 497
16490 464 235 339 11140 11729
16491 464 5637 1869 4119 7348
16492 10001 1242 6329 11446 464 495 81 349 568 7843 414 8467
16493 464 10429 10013 854 2409 4438 413
16494 1237 11321 495 81 397
16495 3393 1355 495 3912 309 642 7118 502 10421 5961 8240
16496 495 3043 4248 752 10309
16497 11219 465 2174 6256 495
16498 4142 739 969 1011 164
16499 4142 1486 602 953 9259 969
16500 9525 8013 8871 7918 7741
16501 9525 3699 11740 1039 11504 10984 972
16502 3680 10952 10434 7482 10953 10736 11523
16503 29 3680 3527 3545 11497 8368 11268 4427
16504 9363 10563 470 10529 6104
16505 8156 6698 7904 4729 8662
16506 8156 3354 7401 8801 4907 28
16507 8156 3912 3858 3957 949 942
16508 3964 5040 5042 3880 4778 11536 1495 2890
16509 6892 9204 9238 2890 3612 1226
16510 1286 1146 6684 5042 4166
16511 3048 51 9633 3880 1286
16512 3880 2887 10335 3897 530 7702 5043 1286
16513 2649 11380 7867 5868 2285
16514 7405 2649 530 4210 726 9599 4330
16515 11153 8124 11664 8489 10262
16516 5992 7684 7001 8490 1615
16517 8275 11652 4526 11216 2101 6768 11501 8152 4843 7354 1396 11653 2373 5609
16518 8409 4864 8553 349 4120
16519 2282 1602 6376 7202 128
16520 2282 2870 2351 9142 2999 2793 954
16521 1676 1099 2282 155 8788
16522 9414 8531 3528 4364 5411
16523 3528 6986 6871 11889 7105
16524 9325 11335 8659 11604 6825
16525 3974 8265 7887 11775 7715 11493 10926
16526 7472 10926 9056 9968 2209
16527 4163 552 2209 10926 6044 9241 1203
16528 11095 6142 3002 2694 10086 8628 2938 4220 10926
16529 6988 1062 1134 1509 1190 4606 1187
16530 8238 3999 4502 1182 969
16531 8659 11079 8380 4220 4221 11352 11585
16532 7724 931 733 5982 5677
16533 3806 11671 4415 4731 10793
16534 4661 8485 7483 4021 3806
16535 3833 3211 5278 7431 4469 8775 4468
16536 3833 10707 11672 4216 1728
16537 3833 1545 684 1282 1307
16538 4094 3893 2546 1321 9160
16539 3796 8131 4459 7816 4119 1489
16540 1404 2037 3796 9814 10964 2500
16541 3796 1413 2603 2994 7734 2570
16542 1047 6564 8160 8914 2338 670 2368 6143
16543 3790 4193 5598 11098 4866 5040
16544 2052 7273 10982 7455 147
16545 4342 8487 8488 7439 10613 732
16546 7064 2330 7330 11664 2239 9782 1615 9434 4894
16547 8989 5419 11625 4147 6464 3868
16548 4240 5656 3871 2261 8607 275
16549 4131 462 10256 8857 288
16550 3040 4131 7387 245 3021
16551 978 4131 1118 8150 1553
16552 5054 4472 9843 4131 9830 11690
16553 4131 9949 5217 5245 7765 234
16554 3300 4285 7354 7839 3142
16555 3142 5764 5978 2210 9000 3336 11031 586 1366 9936 2569 7089 11736 7440 858
16556 9680 10624 1354 9537 1105 5623
16557 6708 11168 1265 1307 964 1487 1488 969 838 168 1077 987 4887
16558 9994 11067 9929 4170 261 586 11890
16559 1274 10505 1724 1277 1676 928 3911 1002 1629 502 3827 5852 1560 1184 1114 1592 5861 5831 1228
16560 1516 1304 1718 4620 992 1030 1481 1277 5854 998 5880 1551 1004 850 1627 963 5741 995 1036 1120 1396 1373 502 4078 1747 656 1043 1113 983 231 1316 987 1224 991
16561 3999 7925 329 3300 4349 2590 509 9168
16562 2590 6792 760 975 7571
16563 2590 2248 9728 7677 11722
16564 9585 10104 6306 5961 10179
16565 8431 1354 3893 6483 9684 7
16566 6928 7179 1897 11520 3039
16567 4790 5482 6928 3975 4119
16568 2668 4537 11342 1745 7681
16569 7681 1065 2425 2189 3245 10166
16570 7681 3101 5190 11229 2823
16571 111 3306 1651 5196 11528 3416 7734 3677 7018
16572 2189 111 4519 437 8163 2498
16573 9604 2053 1059 7162 7165
16574 9604 5222 9224 5223 9820
16575 4015 4711 5459 6692 7808 11563 4810 2792 2818
16576 1051 826 1137 1678 4015 5742 6751 4589 4078 1145 4588
16577 11710 11891 3061 6164 3940 11769
16578 9856 10831 4425 11498 11832 11710 11751
16579 8930 7299 9062 7190 5901
16580 7850 2927 9060 1692 6571 4795
16581 9713 5533 8757 8270 6723 11795 11186 6836 2410 10957 11726 8826
16582 4541 3981 7838 361 3
16583 4541 4559 51 146 4600 11841 7302
16584 51 146 147 148 4541
16585 6444 4541 10369 9459 4267 10729
16586 4217 4624 1182 7450 1214
16587 4217 10320 3473 6378 1709 414
16588 10746 4217 222 6129 5951
16589 3944 1118 10919 10532 9849 9944
16590 6461 5948 4392 6912 257 6944
16591 609 3931 11669 361 6461
16592 3539 3091 4310 4435 9251
16593 4273 3539 3093 2656 8356 151
16594 3539 3704 3128 11496 9860
16595 5710 6280 5536 10429 10013 7632
16596 3951 1422 10740 10771 5710 359 10431 5232
16597 5710 4170 4190 5988 4160 9312 5232
16598 8371 5190 6846 6723 2408 2245
16599 2245 4164 4006 275 979
16600 917 2715 11431 5345 2557 10190 8946 8345
16601 917 552 4426 6504 10210
16602 917 10690 1075 1199 382 2727 1259 4590 1512
16603 917 7842 3864 1044 4781 4254
16604 6495 204 10146 7960 6847 4523 11229
16605 280 7016 6495 207 10928 11621 10706 11229 9456 10014 6567 6722 4713 6573
16606 7960 6495 2035 8119 151 361
16607 1969 204 3891 330 1114 4732 10951 1745
16608 6393 2857 204 2545 8157
16609 204 3824 9141 6349 3127
16610 7475 204 5872 11359 361
16611 193 9636 1097 1280 1134 2393 11605 1622 1000 1278 1648 1715 1497 1286 6773 1078 1744 1082 1315 7094 1291 2494 1179 4585
16612 193 1271 1166 986 231 1225
16613 193 1001 1181 1708 3163
16614 193 5848 4920 1496 835
16615 193 2326 338 1642 1306 2664
16616 193 1469 1103 3827 1435 2204 1085
16617 193 2651 1253 994 3827 1079 1400 2062
16618 193 3154 1351 1548 1525 1432 1040 4781 1044 5556 1940
16619 8580 11627 4398 193 11423
16620 193 1595 1232 1209 1001 4584 809 6653 422 1631
16621 193 1695 1287 2982 1058
16622 193 4665 732 1283 1307 1370 1151 3039 1401 1704
16623 193 1695 196 941 1548 24 1006 1370 222 816
16624 193 2161 1338 1103 416 1020 3249 1010 1148
16625 193 1271 7019 1452 1018 11559 948 985
16626 193 1695 5848 1494 5648
16627 193 1570 1133 1484 997 940 330 1142 5884 8863 1197 1163 1560 3297
16628 193 2645 718 928 4608 1240 848 1256 2932 1729 1652 6737 6454 1458 275 1385 265 1563 1122 977 1234 838 974 1223 816 3297 7094 1686 1177 987 1224 1687 990 5831 1388 1636
16629 193 1191 1503 1018 1240 8225 1384 1368 4108
16630 193 5648 1239 1338 1527 1106 2362 2204 984 6759
16631 5568 9696 7001 7043 1629 7540 10013 5826 4327 3002 8825 6116 10056 4280 6464 6227 4482 10413 11156 8798 1658 6828
16632 6801 8512 1105 51 146 2095
16633 2754 3759 3170 2767 5706 3008 6353 2766 5689 6690 2768 2681 4170 10050 2811 5672 9160
16634 3170 3008 4398 5654 3011 2211 4927 4777 2693 2692 5608
16635 2766 4170 3171 3170 2691 6728 5657 4546
16636 6728 3964 4778 3170 3699 3030 11605 10335
16637 3170 799 236 4812 2
16638 3170 5606 3735 6690 11654 5628
16639 9931 11364 2352 3170 5603 2693 3173
16640 3170 4425 6724 359 11857
16641 8553 5302 645 6355 785
16642 1203 8974 4711 8553 11660 7577 3040 835
16643 11758 11755 3140 10274 3280 11747
16644 10798 11758 5719 329 6277 1681
16645 340 5802 1309 3941 3948
16646 10803 2395 10802 1133 340
16647 340 2834 11497 468 9998 548
16648 4756 1354 9395 340 5484
16649 2775 4088 4776 11524 8014
16650 6614 11341 4218 9341 5609
16651 11341 11176 9155 11180 509 8718 2569
16652 3308 4511 2810 3979 3030
16653 6736 9533 824 552 4158
16654 9533 8198 6260 509 783 5525
16655 7149 4329 4330 4634 7333
16656 9690 7149 5245 4069 11179 4004
16657 10880 7466 5764 7132 11270
16658 7466 381 751 10417 7201 1488
16659 7466 6472 858 274 4996 4176
16660 7466 748 2586 4293 5857
16661 7884 1449 11144 4101 11561
16662 11694 11169 10076 11892 7163 7164 4546 4927
16663 9264 7233 7234 11711 11694 9329 11235
16664 902 530 3237 6213 4959
16665 3770 530 3799 3724 3798 902
16666 902 751 7080 2504 11516
16667 7749 9028 5276 10692 5603
16668 11893 11878 11892 6033 6031
16669 4558 10077 10069 11235 10072 10814 11892 10822 6014
16670 6033 11892 11859 6032 6034 6035
16671 10069 11751 10458 10840 7165 11743 11874 4630 10839 6014 7158 11892 6035 6034
16672 2742 941 502 8376 7018
16673 1957 808 2195 2196 1962
16674 5988 9045 10001 10007 6603 11584 7605
16675 5988 9045 10001 11529 10007
16676 5988 10001 11529 10007 9672 11479 11483 8815
16677 11529 5988 8297 10001 9672
16678 11560 9672 11483 9045 11479
16679 8297 9045 11235 11860 5010 7607
16680 2566 3036 7219 9611 5423
16681 7219 11005 5586 7978 9750
16682 9152 698 7207 230 720
16683 1986 51 1889 146 2155 1859 147 1914 2918 2083
16684 283 5536 9456 5010 2408 11614
16685 7978 1187 8759 1308 5586
16686 2807 1308 257 4776 1235 942 4740
16687 6691 6171 1308 10112 11872 10834 6166 10835 10826 10825
16688 2725 2233 6464 1308 3190
16689 1308 6283 4283 10968 2369 10412
16690 9892 1308 3064 5004 3069 5002 3050
16691 11894 11683 11745 11684 10358 10359 1308
16692 1308 51 4559 10962 10359
16693 9175 4499 5570 1308 1187 8759
16694 3172 3058 2811 3011 3009 5709
16695 9139 670 1964 51 4624 146
16696 9139 3288 3452 2248 9864 5987
16697 9844 2814 4731 9061 9139 6317 2792 1770 4390
16698 8301 918 11414 11342 9139
16699 2971 530 918 5817 9456 7908 4259
16700 3639 10978 313 4329 4104 4634 9140 7333
16701 1802 1800 1857 2051 3098 3396
16702 10077 9856 11235 10069 11860 11170 7609 6166 11702 10835
16703 10077 7232 1629 4421 11854 7291 6836 7633
16704 11719 10814 4424 11881 10069 10403 10818 7232 11803 11708 11895 10072 10820 11696 3165 10817 11858 11715 11686 11860 10077 6013 4630 7165 6014 10839 11743 11896 10828 11855 11687 11897 4633 11898 11688 11698 11706 11707
16705 10077 10802 2892 1016 11899 10072
16706 4767 6875 8668 6893 11880
16707 7011 6941 6940 6879 7226
16708 6941 7076 6940 11880 7131
16709 7005 7763 7389 4220 1492
16710 2469 7035 6880 7074 7227
16711 7203 1203 6953 1602 5035 3409 6948 7035
16712 3622 390 9683 10277 655
16713 7911 4154 5622 850 857 1630 818 227 842 2569 1145 1059 2061 6844 988 5887
16714 10715 1351 5622 5741 1371 966 756 76 79 163 812 1749 1010 1810 2982 656 152
16715 1235 992 3902 1470 1613 2982 836 1165
16716 1481 7001 1118 1367 1035 1284 851 1370 222 2982 817 2671 842 2934 1179
16717 932 998 4626 1075 4781 2982 1810 6165 1631 2730
16718 333 2860 3318 6774 2982 1810 1564
16719 4154 801 1065 1068 412 210 2202 562 2982 1179
16720 941 6736 409 1452 4108 1526 330 1119 969 1007 2982 2934
16721 1276 848 853 1595 1209 5849 2982
16722 367 10753 2398 4187 684 720
16723 367 871 4415 47 1162 4184
16724 5428 146 5604 147 148 149
16725 9185 10857 11427 2571 10127 3171 7009
16726 3171 5689 1683 4442 8318
16727 2754 3469 1646 4532 4425
16728 8001 9216 2754 10112 1214 1285
16729 7935 6023 6024 2166 2754 10136
16730 4398 3005 2490 5609 2754
16731 1126 3820 8640 2255 9945
16732 5034 4685 4684 6892 1126
16733 2999 1126 7264 2821 5795 3278 11303 11592 6835 4816 7689 8111 1573 262 3000 2870 5418 4442
16734 539 10686 5488 421 129
16735 7956 5109 539 3547 5177 5912
16736 9794 9115 6325 5307 596 9440 5450 1703
16737 10017 10263 381 4113 10566 4427 7636
16738 3979 5757 775 2930 3946 3984
16739 949 11039 5557 2231 1040 8514
16740 3116 273 3129 8965 2504
16741 283 7632 5535 6722 3117 10595 3116 10899 398 665 6740 11072 5864 6918 4267 7043 1107 3128 6797 9181 1629 6729 9582 854 11337 2544 1371 7192
16742 4993 4996 11071 3116 10456
16743 3116 273 6568 6569 10255
16744 4527 3993 6569 3116 7503 4054
16745 3116 8680 10595 7028 10579 5829
16746 7321 2996 3855 775 9830 974 8010
16747 1752 1958 6695 3031 2877 7353
16748 487 3201 5523 497 3978 250
16749 8693 3093 6564 10965 4711 11524 2440 4776
16750 10193 9302 10483 7639 5144
16751 9143 10535 610 8603 7015
16752 3151 4993 9155 7041 9143
16753 9143 7185 10535 7023 9692 7042
16754 3724 7124 914 6073 4497
16755 7185 11636 11539 11733 10009 2503 10599 10480
16756 7876 9155 11176 9692 4993
16757 7876 8603 4776 777 737
16758 11 1235 1677 1496 2935 5886
16759 4919 4531 7614 11 10172
16760 11 3463 3184 2561 10599 1203
16761 3526 5989 854 5000 381
16762 2255 8677 6037 4986 12 7542 5715
16763 3153 3912 3947 4262 7061 11101 10113
16764 8297 283 7982 4118 11867 11185 8942 11725
16765 6358 9672 11482 11483 11560 8297
16766 6437 854 8297 9582 1629 1107 10413
16767 3480 7995 5814 8103 8297 1556 6755
16768 7982 6523 7931 6755 8297 10456
16769 9366 2567 3858 9859 265
16770 10054 6791 4239 10515 1716 939 1728
16771 786 8143 3915 1615 2778
16772 9541 5109 8555 9898 300
16773 9231 1351 3909 3908 994
16774 4704 6114 1481 2858 2199 2459 2326 6733 1270 530
16775 7019 3759 9028 1483 4034
16776 8389 4000 11572 4076 5040 7333
16777 3242 2247 5034 11494 8816
16778 3242 6744 2247 10389 4525
16779 4215 8113 597 8792 5936
16780 11767 9236 2457 63 4280
16781 7361 4373 3945 3121 11749
16782 2656 1569 1643 3001 4161 1616 4035
16783 1643 3583 1897 11193 6970 3944 3278
16784 5189 10004 3708 3774 8799 6304 6362 8422 10927 8336 10574
16785 2196 3169 5009 1958 568 672
16786 6419 79 9466 6073 323 7404 4835
16787 9159 11731 6973 3006 3007
16788 9492 3090 7837 7839 7838
16789 3979 9492 5757 8841 9555 2932 6385 1589
16790 9492 6859 3201 774 8177
16791 11472 9492 6859 8184 397 727
16792 10027 8950 1573 2736 6622 265
16793 5165 5496 4324 416 11738 2736
16794 1187 6038 2736 8180 9102
16795 7401 9217 11446 6469 1709 2736 2241 128 3090
16796 5724 8624 9699 2736 4403
16797 5624 3858 2736 5312 3670
16798 11456 4421 5015 2736 11699
16799 1354 3358 530 2487 3370 2369
16800 6544 1354 257 4088 295 3014
16801 1354 3151 2764 6569 7815
16802 7972 1354 2764 1066 1740
16803 1002 1354 2060 1057 1361 3249 225
16804 1354 6180 632 1166 1164
16805 5872 2372 7908 1354 1307
16806 1062 1354 9218 631 632 377 6486
16807 6743 912 2303 1354 1572 5885 1200 4351
16808 1569 1354 2933 329 1034 961 5866
16809 4888 1354 2339 8419 3318 6664 5830 5018
16810 10146 10593 7675 2119 6074 1354 3868
16811 1354 1356 7940 2727 1007 1632
16812 1383 2764 1354 799 2937 4254
16813 3816 9699 9447 8287 7456 9837 2369 6573 1633
16814 9447 6335 2425 6700 2488 2395
16815 3336 4869 416 11737 11738
16816 5606 2369 2211 2811 2810 1185
16817 1890 5627 5606 5603 6727 9887
16818 8373 7476 4129 2211 6347 3088 5828 2669
16819 10310 4436 8126 5242 4175
16820 3664 3975 4159 7419 7771 6615
16821 8749 7522 5287 1394 4736 9847
16822 7091 5447 11561 6037 70
16823 7091 10998 4603 9424 7445 10745 8597 502
16824 7091 9332 4756 3739 3815 3868
16825 8974 459 2578 1913 2218
16826 7952 9469 337 1282 11027
16827 3201 603 3962 8698 10440
16828 3201 238 1650 4138 2022
16829 5557 949 8160 3201 151 6616
16830 8868 7928 7975 6584 3184
16831 5497 9219 6756 3255 5886
16832 560 5497 5446 9934 7348 11035 10287
16833 4319 7936 3863 5524 9831
16834 2111 7936 7204 3345 7900
16835 11235 11708 4924 7936 10705 10458
16836 8794 3944 5700 5240 8157
16837 3711 741 3588 19 10776
16838 247 257 8356 7915 4846
16839 247 3858 4502 3915 1182 7931
16840 6932 247 1187 1185 9750 6038 1186
16841 10218 5598 2807 5901 571
16842 9416 9405 3943 7664 7666
16843 2361 2345 2349 4288 3868 1364 11850
16844 460 5735 3562 6704 4145 5575 1648
16845 460 4832 11219 7118 961 645 2500
16846 460 2221 2222 509 5431 311 4293
16847 11159 2546 460 6636 8358
16848 460 9535 7467 7542 8501
16849 460 81 2560 11277 5040 10966 6227
16850 8072 460 3313 8877 7946
16851 460 2543 953 9216 1144
16852 460 1407 10494 3243 8801 10411 1413 9694
16853 460 81 1555 339 726 11763 10899
16854 827 3475 1066 1285 9126 7477
16855 11741 11859 11588 10838 10836 11879 7609 6166 6031 6033 6032 6034 5011 10839 7154 10828 11847
16856 11859 11857 7154 11099 10840 6016 11684 4635
16857 4558 11859 6033 7164 6032
16858 6031 11859 6032 7165 6033 11745 6034 7159 11900
16859 7160 11859 6031 10824 7162
16860 11859 7163 7164 6033 7160 6031
16861 6033 11859 6031 6032 6034
16862 9353 5704 4246 1526 6635 1413
16863 10636 311 127 7065 6078
16864 6629 10051 717 7387 11598
16865 2350 4163 960 8852 10447 11615 568
16866 3922 6414 1203 1511 127
16867 1182 3922 4219 9925 2941 8614
16868 131 3922 6633 6213 4646 4964 7362
16869 626 9114 5117 11233 3922 4035 4559 759 8189 793
16870 6304 6572 4902 9937 778 2870 11779
16871 5191 2870 3031 4166 10806 8047
16872 3062 2492 5991 3897 2870 6805 5198 3402
16873 10425 3903 3092 727 11167 297 2504 7080 2870 4374
16874 2870 3677 10967 5691 11901
16875 1101 2870 581 11234 5198
16876 9869 2461 3345 2870 10043 4810
16877 2870 3008 7568 414 10984
16878 7566 1518 11230 2870 5104
16879 3296 4504 3857 7384 11428 974 4136 10029 11202
16880 5459 2985 2804 2798 2784 2781
16881 4041 6274 11435 1186 2351 4902
16882 10094 2351 259 2373 6957
16883 2351 10804 5043 4398 8851
16884 3298 3778 9707 3844 3864 3011 6346 3009 2 3816 10223
16885 6942 3470 6506 8980 6986
16886 11231 8456 11254 6686 5040
16887 6686 7794 3290 2186 5628 2369 359 10431
16888 2768 6373 3759 2767 5645 7805 11757 2211
16889 6760 10005 4656 6277 329
16890 1589 211 10653 517 2221 4814 10625 7848 7723
16891 7848 3858 509 6572 4627
16892 7848 5637 4114 5591 8607 8134
16893 5469 5143 4890 5746 462
16894 6571 8243 9022 5469 4187
16895 5126 829 7907 10521 1728
16896 10203 2250 4164 10984 8348
16897 1066 10637 8348 8619 7837 3981 4925
16898 827 1257 5279 6896 1166 6475 6745 7509 1066 8952
16899 9704 913 3150 7177 6896 6277 1118
16900 7064 3304 3309 9412 7378 5955 10049
16901 2239 9409 4508 9415 8531 7368 8474
16902 9782 6059 9450 11572 5231
16903 9782 1137 6279 1359 11162
16904 3299 8330 9288 9415 7368 7511 3951
16905 6362 8330 854 1137 3974
16906 1859 2126 1914 1800 1843 2106
16907 1843 1797 2126 1800 1943
16908 1820 6789 1845 1843 3048 1173
16909 1049 9423 6996 5527 11397 7204 5581 7018 11504
16910 9332 7069 6996 7431 2285
16911 8712 7422 4811 10901 323
16912 4288 9022 3309 9536 6072
16913 1843 1800 2218 3391 1859
16914 4801 4683 2825 3256 633 1800
16915 11439 4166 1800 6345 7869
16916 2716 11648 8963 9341 8489 3846
16917 2716 718 5512 6040 968
16918 2811 3883 3230 10083 5666 1067
16919 9686 9889 3035 4245 211 3979
16920 11219 465 710 9108 2398 10388
16921 2241 5879 4323 5616 3356
16922 4531 10434 10959 2241 774
16923 4890 264 3130 2241 2744
16924 2241 9501 586 1488 8380
16925 4166 10154 810 2241 9585
16926 7939 8184 11632 784 2184 4896
16927 278 257 1180 2798 2372
16928 278 412 7926 3822 6775
16929 1154 2251 7815 6399 4396
16930 11349 10567 3931 10154 8347
16931 11349 3151 8081 3129 3140 3972 10502 10225
16932 8960 11175 7322 11201 11845
16933 3720 10504 7509 1066 1370 6487 2834 4628
16934 9668 6487 3093 288 8967
16935 4232 6355 6487 257 10287
16936 10740 430 6333 10108 4684
16937 10021 7349 11887 4060 4139 304 11778 2818 8768 11885 6814
16938 11778 4088 9883 1505 5683
16939 8799 8812 11778 134 11441 8467 8122 11847 5434
16940 11216 4122 4180 3279 3281
16941 628 11346 2403 6337 1650 313
16942 628 5304 8739 7973 11457
16943 5774 6364 628 1654 7692
16944 4247 3151 628 2247 11783 4925 7348
16945 9968 2209 7921 10332 11835 628 555
16946 11750 11899 10336 11714 7234 6016
16947 10821 10837 11856 11714 11750 5582
16948 4422 11574 11713 10816 11583 11750
16949 1067 5537 6978 6009 6723 2408 9736
16950 10567 4527 9165 3993 8965 958 8662
16951 10567 3129 11374 10255 9692
16952 3129 11180 8347 10567 8965
16953 5258 2877 2212 1620 2668
16954 1182 4501 4216 3905 5258
16955 4978 4992 4842 8854 9712 8225 8501
16956 6167 9869 6810 4060 6697 5508 6116 10472
16957 11669 7041 1741 10923 10398
16958 10368 3617 4441 5042 6013 4119 3278 6027
16959 10368 4188 6048 3897 1146
16960 4209 3615 7398 11108 8368 10412
16961 3615 2196 5871 341 1381 3911 1614 4665 1067 1283 1103 961 963 10447 964 756 969 163 840 167 1079 836 838 974 814 1592 663 1474 2062 1467
16962 3615 7334 2020 1283 9554 149 51
16963 3137 9693 3134 6568 7042 10579 11072 273 11669 11668 3139
16964 273 3931 4527 8180 3009
16965 3931 10596 614 273 4996 10255 8301
16966 273 3129 610 10255 3046
16967 3129 3132 6202 2497 11669 273
16968 273 6568 3129 6201 610
16969 273 614 10172 10398 4868 2572
16970 2325 5848 6704 2059 5650
16971 1253 1240 1492 6653 1023
16972 1253 1677 1389 7004 996 1429 1075 2060
16973 2856 6733 4573 1053 1068 155 1211 1233 159 222 1171 1058 1714
16974 1180 6733 1306 1157 1032 1509
16975 6314 1129 155 1107 3827 1116
16976 6770 6314 2057 6705 1106 4641 5542
16977 3681 10599 4739 4702 2217 3021
16978 11346 3779 1495 2393 1315
16979 2342 11609 10413 5764 4900 7026 8117 9137 8757 6516 1107 8758 5010 11621 1108 10182 4261 6806 6721 6851 5190 11543 11542 11795 6850 11759 4506 8270 8813 8942 2571 4483 8740 7734 5829 11467 8804 8738 8817 6826 8803 9694 5195 10964 11527 8802 2570 8828 11902 11742 8816 8939 11876 7608 11673 8825 5826 5827 6852 11739 8818 11727 8810 5825 10462 8826 5017 11865 11548
16980 6572 8099 11306 749 5418 1709 1285 3039 3627 1370
16981 10454 9574 3795 7052 11405 11390
16982 440 657 4345 3965 4344
16983 6393 6238 9907 8790 11596 7177
16984 2857 852 4573 206 1724 11781 1551 737
16985 2255 11491 7982 6636 8502
16986 2770 6719 2769 11555 10046
16987 6719 2769 10619 9343 300
16988 2237 581 1731 2453 2454 4259
16989 9236 603 8986 8598 7382
16990 9093 10880 8574 9410 3342
16991 6373 2163 4458 11866 8664
16992 3076 3075 1899 1857 3395
16993 7319 11489 9846 9459 8009
16994 11489 9840 2409 2408 6490 265
16995 5267 6053 11489 11836 10332
16996 11489 11095 10369 2209 9846 8931
16997 7336 4827 6725 11095 9066
16998 51 11095 6044 9459 10589
16999 552 8931 11095 8854 11836 1
17000 6044 7320 9846 11037 10369
17001 8931 257 2790 2054 9204
17002 11836 9011 11492 7472 8931 10934 11493
17003 8931 7320 10589 11271 11037 11492
17004 8931 8009 8283 6346 2234
17005 8931 2209 9459 9846 10323
17006 2045 6652 11033 6044 4783 11869
17007 969 7320 9241 2209 11869
17008 2876 8060 7364 5109 7789 339
17009 8060 3204 783 1654 415
17010 8558 8834 5431 9323 4184 1997 1313
17011 6454 6477 6046 10133 10336 7165 6033 7158 4558 11894 7160 7154 5616 11743 6163 6034 2828 11900
17012 2086 257 5555 8315 10281
17013 1061 6273 979 223 1980 11418
17014 4418 5474 530 11331 6062
17015 11198 9200 6056 8985 9145 2572 1450 530
17016 530 10796 11356 10165 11832 10818
17017 530 4967 11354 11356 10165 9353
17018 530 3799 795 10878 1245
17019 530 4322 6860 4681 11166 8223 501 11606
17020 530 2065 913 7364 1549 9721 128 1574
17021 9865 8599 9625 6473 7382 8849 965
17022 7449 9417 9406 8492 9420 9427
17023 8260 4783 7946 9244 3984
17024 11838 11839 11559 7159 8260
17025 3658 9968 9846 7767 7987
17026 7907 10521 6238 196 10113 2690 768 4740 6088
17027 11222 6834 4832 2832 9052
17028 6327 3150 3225 9066 10579
17029 3225 578 5745 4069 8756 5236 8596 9984 4323
17030 578 975 8204 7789 2059
17031 1676 363 337 3 975 1010
17032 1777 5227 687 7814 4491 7029
17033 1358 2941 6949 7362 9992
17034 3300 2941 10591 7353 9008
17035 9422 6552 9413 6097 5426
17036 9402 1761 440 11571 309 11330 9937
17037 9402 8621 9412 1443 9423
17038 8621 4151 4224 7378 9417 9413
17039 9404 9413 9414 8621 10043 9312
17040 2111 11462 2183 3248 11575 3253 9912 11682 11214 11631 7607 11656 2696 10830 9906 8941 9304 6016 11898
17041 10944 10825 8617 2696 6025 11100
17042 9932 702 9591 9885 7353 10167
17043 1241 2366 4584 6705 1678 1384 809 1528
17044 1449 1235 2905 5880 1232 1001 1384
17045 5802 3941 3948 3931 8112 8117
17046 5802 570 569 11235 6061
17047 4880 6319 1385 7348 9670
17048 459 4138 8241 8876 2606 2607 7578
17049 4039 459 8986 1394 11412 11258 11737 2022 5586 4718
17050 11808 1731 3288 6655 11436 10199 8456
17051 3288 2285 11012 5993 7168
17052 10814 10833 10829 11588 10836 7928 8939 11673 8943 9329 2939 8944 4221 4220 11705 2938 10670 8380 10672 10671 11150 11876 9305 11352 11585 11742 9991 8940 11708 10336 7290 7291 11583 10282 5014 5012 5015 11832 11890 11903 11854 11897 10816 11717 11706 5977 11707 11744 6014 10072 4631
17053 3452 9104 10222 22 3211 1307 5496 225
17054 3452 8623 6473 8757 8822
17055 2189 3061 11787 10787 4210
17056 4950 8512 4210 1 10421 5961
17057 7090 408 1216 1017 2492
17058 7090 992 7553 932 1429 1502 1519 724 1067 3825 1103 4076 1442 1033 6768 1104 856 1210 7702 850 2666 1689 1106 6737 1074 1036 964 966 1397 5888 2727 1849 3 1163 163 837 1491 1560 981 3869 982 777 1416 2061 1316 1714 1564 1227 232 6759 1116 1634 5859 5652 10140
17059 1348 1731 3750 4831 805 1647 1655 7094 5831
17060 4508 9324 4061 7734 770
17061 4508 7364 9854 7353 1307
17062 6957 10019 8866 8867 5138
17063 10019 10253 10056 6116 8980 9062 8618 5901
17064 9488 3905 3999 7524 11445
17065 4445 6352 4739 9674 842
17066 10180 4445 4638 6623 2059 2814
17067 9834 7552 973 9684 11634 5839
17068 1574 2668 9684 4481 7126
17069 7655 9765 4280 4866 2817
17070 10617 9724 9071 7047 4492 9838 7408
17071 7893 6649 4295 361 7690 9144 11064 6126
17072 2610 1197 11350 7014 4280 686
17073 4280 5677 2505 6179 6116
17074 4280 2798 7987 5442 11043
17075 6142 10358 11904 6504 11905 10786
17076 2797 6504 4190 2369 7264 571
17077 10705 10278 5820 1603 3244
17078 6133 10705 5492 7476 8599
17079 8587 4883 8200 11394 10180 7842 1579 3864
17080 8587 5479 240 4271 3386
17081 9417 5537 9435 558 5994 4345 7043 6072
17082 1761 5465 7173 9513 9593
17083 8946 408 10711 586 969
17084 5302 7769 5093 8998 502
17085 969 2938 4481 10694 10339 9432 558 7333 5146 3864
17086 4481 4683 775 774 2303
17087 8729 11200 8574 1118 1558
17088 99 4175 941 3858 1761 6898 838
17089 11176 6202 11071 709 2693
17090 7059 8737 8068 7983 8709 3860 7954
17091 9164 11647 22 1723 9553 3968 3813 6631 4934 10653 4437
17092 295 374 373 4841 631
17093 7770 7346 676 10708 1385 5888
17094 7770 1000 160 4793 2504
17095 10216 7770 4027 5869 11901
17096 6221 4801 809 1847 1025 5025
17097 667 668 6860 392 391
17098 8264 9687 6647 8046 1654 7692
17099 9416 7434 9421 151 2572
17100 3096 9410 6553 7368 9407 37
17101 2329 2810 6206 3173 2811
17102 1243 6274 3816 6350 5759
17103 3604 10204 3252 8768 9787 2111
17104 9387 3008 6573 6754 5757
17105 9387 5654 11715 6013 7238
17106 2171 7150 11006 7790 10179
17107 9942 11203 8718 5490 8115
17108 347 1843 2106 6555 7503 760 4054
17109 1231 1241 1659 5656 1106 6772 2214 1021 818 984 9227
17110 9768 6360 765 7902 9227
17111 10547 2690 4121 3273 2188 11501 2054 2190 3012 9931 4060 6697
17112 9931 5628 8886 2251 2673 843
17113 9931 5629 3008 4121 3273 2692 2831 3238 11477 10112 7264 5609
17114 2065 2398 1550 1283 2212
17115 6021 4543 6573 2065 2567
17116 5655 2369 4542 3966 4269 8777
17117 4542 227 5198 7979 9950
17118 4992 2293 5207 4472 9478 10329 1582 1569
17119 10876 10207 10532 9731 7080
17120 1570 1260 812 1810 1114
17121 10171 1810 1730 7985 7105
17122 804 1209 3050 809 1810 1333
17123 1062 1336 4639 4662 1715 1626 1211 1233 1310 1690 1691 1810 2730 1043
17124 5725 3829 195 10039 1810 5815
17125 1427 995 3911 1395 850 1360 1810
17126 333 992 1064 998 942 1159 812 1061 1810 2204 6759
17127 3295 4711 8623 5040 6180
17128 3932 3282 11465 8623 10205 9077
17129 7017 11465 11464 11129 8180 8623
17130 8623 10205 11465 11129 11464 9872 10842 11121
17131 8623 11129 11121 9872 4600 6651
17132 1625 8623 11231 3048 7322
17133 10205 3932 11129 7322 8180
17134 10205 11465 11129 11464 11480
17135 1331 2388 10044 18 11231
17136 11231 9077 7322 10842 11175 11906
17137 11906 3932 9077 11061 11231 11175
17138 7322 11906 11231 11061 10912 11129 10842 3838 6520
17139 11231 3282 4523 8046 11185 3150
17140 1331 8106 3773 8867 4483
17141 1331 5037 3198 10515 9892
17142 1331 1602 1280 9217 1716 1648 1492
17143 7314 11314 6707 7170 10832
17144 1602 6958 3321 11889 7046
17145 2810 1220 7299 10973 555
17146 10973 2175 4711 7386 842
17147 8943 8940 4079 7976 11876
17148 4079 4393 536 6277 329
17149 2082 8471 8531 9407 8872 7434
17150 8492 9426 9435 8471 7434 9437
17151 8531 9427 9438 8471 7930
17152 9410 9434 9437 9435 9436
17153 4891 4075 11634 972 5223
17154 10523 1781 1828 1824 1859 1914
17155 1602 3260 11374 7188 497
17156 1542 1376 4620 1131 1064 5839 949 1284 3260 157 961 963 968 738 79 5888 2060 814 1024 974 2204
17157 3903 64 3260 969 9859 361 6885
17158 11518 7490 817 1121 1012 1083
17159 9854 1631 764 422 77 11391 1489 756 1080 8006 11503 4908 8884 4708 11774
17160 6223 11655 6635 1080 1012 1749 3894 4211 8228 817 10952
17161 5165 3785 6912 2095 6464 2153
17162 5165 7398 22 5109 5423 1436 11274
17163 6629 2834 7781 1513 4863 3734 812
17164 7682 3860 6629 9148 9165 4845 8062 3184 9145
17165 8134 2271 3668 9503 7392 4377
17166 11301 8603 8799 10852 597
17167 5117 10960 5314 3278 838 9828
17168 10266 8242 5746 5026 3544 10643 421
17169 5418 5134 6349 8369 8300 1533 262 10479 4029 766 1064
17170 3083 684 2832 6252 440
17171 1068 10066 10065 1615 10067
17172 10066 10065 6507 10067 10064
17173 10064 10065 10066 10067 9295 10074 9068
17174 11693 955 7792 11612 8315
17175 4689 4681 5239 11562 8972 1121
17176 9134 4029 6849 8800 6316
17177 4029 8026 1581 21 5759 4228 1770 9511
17178 5215 9532 239 8007 1366 969
17179 11358 2286 2834 4711 11229 8986
17180 11358 848 1002 1164 4594 1080 1012
17181 6521 4718 5245 3278 11636 1683 361 5610 3184 9771
17182 11829 11637 10752 10884 10933
17183 5893 11812 11676 9990 7291
17184 3701 7768 3904 4501 1632
17185 2645 4573 1018 4578 5797 850 1744
17186 2645 1099 3902 932 1519 1076 1008 2550 762 988 2061
17187 2645 1481 4572 2858 3911 1245 969 1683 418 974 838 983 987
17188 11845 7148 3798 2669 10287
17189 1276 1545 1061 1450 853 330 10086 6319 6571 8724 819 1058 1687
17190 1276 3786 3790 2488 4990 1773 4769
17191 1276 2199 1131 1352 949 1366 5839 963 984 983 1658 2494 1146
17192 1276 1496 4888 932 5855 1221
17193 1475 196 363 1424 928 2367 410 2543 1393 1688 337 38 1645 210 158 755 1311 2861 3 6732 422 4910 777 982 1604 1084 1085 1247
17194 1475 1057 1008 222 1416 1226
17195 7763 8345 11037 8045 8456 8323 2234 552
17196 821 6704 1610 1105 1699 158 1292 1714 1058 6761
17197 821 1155 1495 407 2366 1256 1715 562 1023 1011 816
17198 821 1192 4665 5797 1613 7976 9465
17199 821 1271 1124 942 945 1393 829 949 963 1487 1558 974 1178
17200 3739 9332 3415 9725 8873 6433 2675
17201 9226 3044 4431 858 8501
17202 5307 10421 5961 5609 4700
17203 108 11590 9788 5307 11234 5452 1053 828 400 4144
17204 6325 1410 22 414 9500
17205 10600 4166 554 684 1589
17206 1673 1271 1182 969 3983
17207 11847 10620 6100 11395 3356
17208 9620 6645 5810 11060 5872 5141 1100
17209 6950 7097 6883 6884 6521 5457
17210 4824 4331 6521 3790 2135
17211 5457 4620 1392 1062 1014 1505 1119 1285 4254 969 1314 1221 1712
17212 5457 1469 3889 5900 1054 1233 3897 4646 4078 1044 3899 222 839 843
17213 5457 4620 1131 1449 1405 8768 4909 4628 1166
17214 5457 2926 1133 1644 1442 1184
17215 2270 5457 10802 10803 1133
17216 5457 1052 1133 805 1006 3897 1400
17217 11594 2492 5457 1495 3963 5042 6048
17218 2800 3562 6464 11156 1120 1373 11436
17219 1421 1255 1097 822 1405 4575 1481 1100 1279 826 1688 1321 1552 1678 6768 1729 961 747 7767 1652 1627 212 1159 219 1558 1683 977 1630 1372 2728 1177 4643 1636 1229
17220 1421 997 5880 410 856 965 1709 1287
17221 1421 1545 1337 724 851 1067 1108
17222 1421 408 1130 1131 1448 1740 3911 1470 1000 949 720 2907 961 5839 827 1075 265 5556 1363 838 2934 1201 989 1400
17223 1155 1695 1545 5871 1231 1232 1368 1004
17224 1716 9271 11563 6327 2567 4252 10639 3868 1189 275 6121 2504 2215 2293
17225 1394 498 4285 6285 10592 7902 6327 10785
17226 6327 448 2567 3948 7080
17227 4832 2567 5117 4757 3121
17228 11762 4832 4253 913 7724 1458
17229 4832 6056 8274 1307 8273
17230 1016 4832 9535 9022 2567
17231 4832 8822 408 6595 9444 854 8113 5829
17232 10005 7048 10960 8727 11399 9837 9838 6914
17233 3708 10001 280 11499 7049 11229 854 10016 5196 5017
17234 3708 3480 8091 9433 280
17235 5150 8108 11288 7934 8801 3708 8798 2408 6828 280 6723 5537 6846 6721 5190 4117
17236 280 7016 3480 3708 11886 5989 11500 8106 5818 6565
17237 10053 7695 1647 5198 3717 2393
17238 5974 10053 3415 9820 151
17239 1723 9486 9394 7656 5815 2111
17240 440 8677 1355 108 1448 4827
17241 440 544 10264 586 4646
17242 440 7057 5268 88 5254
17243 4934 440 4467 8025 8951
17244 7931 440 4312 79 9591
17245 7016 11886 11500 3480 4621 6897 8818
17246 283 6565 5537 5535 7016 3708 7981 8818
17247 2408 10430 9137 8117 6729 8113 6850 7016 10964
17248 10928 5818 7016 281 7995 5536 6897 6565 5150 8046 7632 5534 5535 7087 9062 8807
17249 5534 10425 10430 5814 5817 7995 6566 10429 7632 7016 5536 7981 3708 3480 6565 8102 5150 10783 6846 5190 11907 4117 10014 11229 2408
17250 7016 9031 5989 7995 281 7694 4621 11223 11185 11665
17251 7016 3480 3708 7631 5537
17252 9031 9076 7016 11681 4325 6567 5537 10783 5536 8103 7049 5150 8113
17253 10001 9137 6849 8112 6566 8758 8109 8110 8117 8757 2041 8107 11681 5150 8932 8106 10014 11482
17254 2459 11270 918 195 10881 3278
17255 3224 195 11219 3140 3154 2580 3149
17256 195 9837 6341 1683 11639 10036 10265
17257 2928 195 10082 11166 2656 9482 199
17258 5040 6464 10966 195 7605 10814 2041 1646
17259 9325 11068 6471 10565 4992
17260 3480 3708 7632 5534 8932 8109 8046 8118 11543 4506 8113 6850 8758 11759 8800 5010 8112
17261 3480 10008 8932 10429 5817 8270 9456 5534
17262 3480 3708 5989 11500 7694 5818 5819 5536 8102 5817 5150 7632 4325 5535 283
17263 11323 3480 774 11655 8120 854 4718
17264 8118 3480 5829 8818 5017
17265 3480 4325 10783 5535 7981 5150 3708 8824 11527 10784 8802
17266 6735 8932 11499 3480 10008
17267 4469 9535 1740 6378 9712
17268 3708 5814 7049 7694 283 6565
17269 3708 5819 5534 5537 5535
17270 6846 8108 8757 8113 6729 11185 3708
17271 2041 8270 8112 283 10949 6826 3708 5010 11868 8874 5190 5196 8102 6723 11842 5195 2570 8826 8048 7934 5829 5017 9062 8122
17272 3708 4621 6825 10429 7632
17273 448 9134 1407 2452 51
17274 9456 11125 448 854 3955
17275 448 2577 2567 5286 5436 11534 774 4052 3039
17276 3391 257 4088 4811 8976 9229 8879
17277 6896 669 11884 6848 248
17278 9948 9949 9289 9095 11570
17279 5962 5217 3318 6783 9423 9043 5524 11203 9089 9862 8132 10092 9389 9521 2247 8531 8749 2527 9436 5575
17280 11305 5245 10484 9092 792 473
17281 9162 2586 23 199 554 9606 1050 1306
17282 2755 4780 5970 5392 1633
17283 11267 2683 9929 940 2543
17284 9848 9842 8621 70 6990 9857 2198 9687 8749 6820 9862 4579
17285 6990 918 9609 261 586 1071
17286 7142 257 5884 9066 5946 11082
17287 2004 10549 7925 10106 7924 10881 11373 9521 1496 4656 1235 932 724 413 1210 6454
17288 4467 10881 11373 954 7925 3241
17289 10881 6620 591 1137 1245
17290 10106 7924 4462 4322 6482 4538
17291 2527 9863 9825 4357 2543 9857 1328
17292 6820 2543 2527 8277 11890
17293 9863 3386 6434 7081 2527 8277
17294 9823 10549 8749 10560 9847 1632
17295 8711 10175 8749 2198 8277 10951
17296 4325 552 128 10549 7987 2067 813 1849 11672 46 265 8286 5433 4484
17297 6434 9852 9107 9857 6636 799
17298 3415 9292 8447 9391 8237 10765
17299 11380 37 9677 10560 9043
17300 361 2215 6584 1503 5276
17301 10301 1503 2362 1239 4639 2367 853 1527 1103 1233 3406 1299 2730
17302 1275 2905 2367 1232 1103 1142 1233 1503 1563 1008
17303 6237 5203 10321 8619 3981 11592 7689
17304 9537 1246 2726 10182 11613
17305 698 5044 9359 10979 1689
17306 4311 698 720 4497 10580
17307 4126 905 11385 9807 5481
17308 905 6090 718 6091 4128
17309 6888 6090 3083 905 11069
17310 905 8222 10511 3895 7766 1772
17311 3025 3950 9803 5506 5312
17312 580 5229 9022 373 586 8457
17313 6526 8621 4278 6778 10117 9342
17314 499 6067 9107 3978 710 7189
17315 8292 11315 7935 9654 2378
17316 2807 8292 4883 2798 4600
17317 6792 2010 7958 8292 5537
17318 5279 958 6847 7982 1688 2409 1726 8935 647 9465 7976 8944 4220 8380 2938 4221 7960 11344 1655 8819 151 6417 10057 10949 2934 4641 231
17319 1254 5279 11785 9917 11796 9184
17320 2742 1031 5279 2004 1159
17321 6474 6090 4126 9741 1624 1322
17322 6090 4393 9481 9711 11472
17323 3204 6070 8177 1283 5508
17324 799 9591 3204 1448 3941 8627
17325 4337 5250 10982 4713 6261
17326 265 8414 10151 11618 3857 7029 969 1197 7071 4135
17327 9625 3858 265 8414 6897
17328 8414 1366 8418 974 838
17329 6526 941 730 2388 3905
17330 7768 3999 9168 5223 969 3913
17331 9113 10582 28 724 1033 9052 4663
17332 8815 8048 28 7207 8576 7826
17333 28 1407 3903 4502 5300 5839
17334 28 4934 6308 339 4977 5917
17335 8773 10646 8426 8345 1161 7827 571
17336 3393 7722 1067 9724 3139 4868
17337 3245 11162 2742 3858 969 2231
17338 3245 3912 3860 2742 3904 5557
17339 11777 3245 8068 6597 7960 287
17340 3245 6014 4631 1567 4433 6013
17341 7768 3999 3905 9168 1366 4219
17342 3999 7768 7734 4482 7190 11273 8120
17343 4145 3903 4357 7768 2832
17344 3904 7768 10426 1182 969
17345 688 3945 1961 6574 2669
17346 2742 3858 7384 9000 4219
17347 2742 1066 552 11354 465 3022 2444 6695
17348 2742 941 3903 4339 11368
17349 3914 546 7453 8544 2742
17350 1407 2557 2546 10086 10520 2579 1363
17351 7957 4431 8283 9499 7405 1407 465 1161
17352 581 1731 1182 969 4504
17353 4504 3859 4501 11672 3919
17354 4686 3904 3857 9168 5557 949
17355 3912 4686 3999 3859 3860
17356 4686 3905 2004 2389 5557 949
17357 4793 3999 985 9504 4846
17358 361 7677 1159 4135 2569 502 9728 9144 11064 10426 9168 961
17359 10426 2231 501 502 11672
17360 3905 3858 46 2231 265
17361 3905 234 3858 2389 46 265
17362 10550 5240 11265 5406 9483 9061 3905
17363 509 4426 2247 10050 9681
17364 5141 11027 7323 1586 49 4868 5874
17365 10900 2308 2143 5145 240 2052
17366 10900 3140 4993 3137 9051 4989 3134 7041 3931 4996 9693
17367 9741 9742 689 4637 935
17368 11777 9201 5694 7274 1972 3296
17369 7274 5813 5812 1724 5465
17370 7069 3739 8283 3763 9396 9716 1189
17371 1496 1505 939 1408 684
17372 1505 4583 1265 7553 1573 1742 1688 10086 6737 1396 837 1172 812 838 168 1292 986 1316 987 1318
17373 5879 1505 1181 3249 4588
17374 6704 1505 4573 3963 1284 162 1744 819 1086
17375 11377 920 1132 2859 1455 1128 1505 1744 2728 3869
17376 7207 8531 9687 498 2845
17377 10619 8799 7093 10927 10574 6603
17378 2457 4537 8867 3987 6168 2369
17379 11199 8455 128 9251 6912 11522 2509 6697 6464
17380 2509 2578 1625 2228 9531 7588 337
17381 9540 7826 11108 2509 6848 7630 3278 5901
17382 274 9644 11072 673 11122 5637
17383 2261 2684 6239 8399 9644
17384 3154 1273 6770 918 1052 1484 1018 2367 1659 1328 738 3897 1199 1286 5861 1225 990
17385 3154 1548 1443 1295 5974 656
17386 3154 1274 1158 2531 1337 1191 1381 4016 1002 1214 1462 6664 1113
17387 3154 1124 1545 1265 1569 363 3911 1621 1740 1573 1729 1555 1285 8575 756 1683 1372 437 840 6732
17388 1274 9031 5989 1124 4620 6735 4621 283 7981 1425 1532 10429 4523 1427 2409 11223 11665 11229 6723 7887 8942 854 10016 2552 1605 1148
17389 1695 2651 1274 1406 1449
17390 1252 1542 1124 823 1014 1622 962 1681 1627 1360 1299 1714
17391 1124 4154 1427 4888 2367 1256 1390 1184 1564 2936
17392 1124 1272 1306 4339 2543 1651 265 502 1744 7979 838 985 987 1293
17393 2457 2834 4890 2814 3845
17394 11343 6612 9871 2457 3330
17395 2457 2768 4740 19 7238
17396 1191 1427 1135 2367 951 1103 3677 777
17397 3172 4927 6697 4121 2 3845 3677
17398 7072 11610 3091 5191 3725 687 470
17399 1353 1138 6454 257 1222
17400 6695 7882 10210 257 11633
17401 4239 329 7834 3904 6318 257 4502 11638 1627 4267
17402 2877 373 1083 7134 11368 257
17403 3144 2681 1603 10859 8914 5705 2579 5939
17404 9559 8687 10471 1469 4734
17405 4514 953 4449 5974 8092 2278
17406 2973 6874 4069 9034 71 9204 6825
17407 2973 5914 5300 7550 3893
17408 2973 1351 1019 2730 1113 2936
17409 9532 5914 3180 11269 2973 6369
17410 10679 6010 10680 4771 4633 6008
17411 4771 3453 11440 10825 6014 249 11704 4631 6016 4635
17412 7195 9921 10023 245 4351
17413 7195 11375 11631 11214 9723 11793 11858 11215 11697
17414 1155 1271 802 1021 1528
17415 1155 1731 1518 936 1572 852 948 1053 1038 1054 1487 437 656 1184 2934 3297 4911 1712 990
17416 4934 6308 4320 7842 9216 6491
17417 3682 10458 1941 5040 5042
17418 3682 6642 1327 6636 4252 4253 305
17419 1404 1270 1377 1516 994 1525 1612 997 5880 945 964 1214 221 166 6759
17420 6163 11844 6162 10650 3337
17421 11844 11908 6616 6898 9102 4947
17422 11844 11908 11909 6162 10650 11910
17423 10651 11909 10652 300 11844 11908
17424 3702 9706 7901 6982 8185 4720
17425 752 5495 4795 8073 7842 11307 4254 9127
17426 7377 5759 19 752 8723
17427 752 3043 4248 791 6532
17428 2286 8685 2406 8854 2279
17429 9835 9621 2279 10879 2286
17430 4886 2250 2789 6352 6775 4310
17431 4114 9937 2817 4886 5157 718 4175 2567
17432 1270 1180 1279 1550 805 4391 969 1285
17433 1270 201 826 1614 851 4589 5622 1044 1220 1292
17434 1270 2651 5875 2202 165 4590
17435 1270 910 945 1688 1652 1159
17436 1273 412 4108 1744 261
17437 1273 1495 7553 1351 994 1372
17438 10814 4424 6376 3617 11715
17439 9078 3617 3285 3405 1255
17440 2856 718 1718 941 1310 967 4350 5888 1558 1683 816
17441 2856 1551 157 810 6512 3174
17442 3621 10376 3405 1254 11820 2183 11843
17443 11692 11791 301 9329 9901 9344 2183 8665 2940
17444 1515 1117 4656 1676 4657 822 1100 1726 1551 1242 212 1628 1487 1215 1488 1654 969 1025 1085
17445 1515 1180 1337 850 2664 4641
17446 1515 1061 4575 1104 415 1076 1055
17447 1515 415 1216 265 974 838 816
17448 1515 1271 1545 209 1646 6454 1654 1683 1372 1023 817 1026 986
17449 1515 1235 3902 1239 1240 805 4578 6751 5797 2549 6850 2726 1246 1211 1006 1285 1629 756 3406 971 1849 1220 4628 1299 1025 1184 225 2204 1084 1086 1712
17450 2651 1484 1622 6889 2727 1113 1712
17451 2651 1255 6498 1570 996 1615 412 1195 1105 950 1139 2933 857 3897 275 1007 418 839 382 1200 1079 1167 1170 314 1403 2061 1463 1148
17452 9179 11068 10545 11553 11781
17453 11330 7607 9904 1770 5759 3285 3405 11803
17454 11804 11809 3405 11808 11802 11803 11811 11822
17455 4247 1602 1511 2937 3981
17456 9559 4248 4288 720 10138
17457 1501 812 10477 6407 790 4972
17458 11381 10326 9217 8952 5623
17459 3725 6316 5040 6048 6464
17460 4786 3984 2877 196 491 9059
17461 196 5025 4735 2303 1007
17462 718 196 1275 928 939 2059
17463 2057 196 3891 1517 1239 2367 1001 1272 1151 2728 3869 1292
17464 196 1847 8724 1046 842 2204 988
17465 7722 1097 196 3237 5276
17466 2962 3972 10398 7204 10527 196 7476 1221
17467 2715 196 1516 2926 1377 1405 1100 1451 1569 996 1738 2860 4642 1053 1573 1066 38 962 5883 1006 793 6772 2462 1685 1009 1684 986 1564
17468 196 9885 641 6274 5561
17469 196 11119 1492 7741 10154 5522 7568 9887 10969 6240
17470 11419 196 9201 5872 5149 931 6726 8812
17471 1271 1516 1158 1157 1061 1532 1100
17472 1516 1238 684 1655 422
17473 1516 856 2491 1075 1385 221 418 1078 812 1220 1225
17474 1516 1351 1306 4642 1255 747 920 1132 4626 968 2059 9884
17475 2532 11260 2143 7028 1617
17476 8106 11753 10927 5535 7632 8103 6846 7995 6721 1415 7049 11579 5010 11577
17477 1724 5812 11411 3150 10404 8441 2537 10519 11553 5872 5820 11550 9179 7908
17478 10519 3150 9379 8441 10415
17479 8311 5496 9600 4959 4735 8015 932
17480 1770 5266 10277 655 11465 2817
17481 6171 2211 3004 9237 10080 4060 11436 5608 4894 10091 10036 9660 10029 11090 11887 10949 6814
17482 3237 8189 7404 793 769
17483 6642 5543 7012 1203 1127
17484 2715 407 1235 1239 805 807 1006 6653 1086 9041 1318
17485 2715 2792 5406 10431 7201 10364 4628
17486 6437 2543 953 9216 504 9855 4138 9821
17487 7088 8068 2743 10015 6277
17488 1730 2557 3093 11431 5664
17489 5345 8384 8422 1585 11674
17490 1180 4599 415 8863 2555
17491 1180 1525 4704 1738 1622 793 1261 1287 1044 1163 1631 1437 51 1229
17492 1180 5648 1494 1718 4637 4656 4076 5840 2492 983 987 2935 2494
17493 1180 1237 994 1737 5742 1555 159 421 1148 1388
17494 5047 8799 10009 9210 10034
17495 6321 912 553 1365 5880 7702 4016 5839 6758 1284 1368 275 1360 2728 5840
17496 10836 10820 11911 10814 11235 11855
17497 11235 10458 9723 11858 4630 4631
17498 11235 11169 11860 11170 10076 10814 4424 11719
17499 11459 11659 4967 9496 9930 8976 11449
17500 994 4840 5392 1107 4684 980 5830
17501 1965 1326 2369 6138 8998
17502 1015 1281 827 955 2203 1058
17503 803 348 994 955 2906 1036 2549 1107 1212 415 1055 1044 1313 973 224 225 1323 231 2061 2494 4602 1687 1464 2555
17504 11067 2160 11366 5198 4718 3868 6885 8138
17505 2160 3931 5868 11669 1164 7190
17506 2160 3278 9051 1372 3281 3280
17507 1729 4863 1845 2051 6702 1522
17508 1442 552 9968 9846 4546 9459 2826 6142 4190 8262 8345 8669 2209 1651 3838 6021 6022 5232 11835
17509 941 6736 847 11720 3963 2666 1289
17510 9332 3739 11300 3039 497 11729
17511 2659 10474 7139 3409 7096
17512 51 8782 148 1932 1951
17513 8849 9249 7150 125 7568
17514 8849 7150 9745 7794 11402 3293 9741 11617 8456 8323
17515 8849 3919 7070 1655 265 1677
17516 584 8445 7534 222 765
17517 4146 9450 1282 1413 7027
17518 8472 8634 6482 11749 3850
17519 8472 8531 7368 9413 10461 9421
17520 1542 1501 1614 2192 3963 1232 998 738 812
17521 1542 718 5938 6592 1692
17522 1376 2905 4642 1321 1738 2393 6751 969 1265 1359 1396 4600 1080 1184
17523 1376 4575 910 6498 348 7565 918 1676 1381 1321 857 1555 1413 1285 6319 969 2908 224 222 1226
17524 1376 997 938 1368 1004 1036 1043 2555
17525 1376 1033 562 818 152 762 1712 819
17526 1376 1448 496 4662 1527 814 1317 231 1086 2555 5843
17527 1376 1377 823 10300 1424 10086 857 1432 4576 1152 990 1564 3872
17528 718 8059 9739 497 613
17529 718 3198 921 8272 645
17530 718 804 5862 1470 1209
17531 718 997 1238 1352 1572 1287
17532 718 936 9968 157 1142 809
17533 8686 4477 536 7619 8187
17534 1307 146 147 4477 8919 51 6465 774
17535 7371 10757 11647 9179 8275
17536 7011 6957 7075 6899 6976 6893 3356 1511 7145 6873 7076 802 6940 6983 6871 6944 6945 7099 7067
17537 11586 11903 11498 11741 10825 11578 10820 5014 8762
17538 1182 8182 46 11218 8653 10790 10217 6743
17539 7055 2785 2800 5040 7264
17540 1828 2105 3340 1884 1951 1850 1610 1886
17541 1917 1816 3283 1932 1828 3051
17542 1763 687 2339 2764 10349 151
17543 5912 3670 9314 2667 9780
17544 1544 1255 6489 1239 1612 1338 10086 10078 10135 10132 11289 7607 5223 502 1167 6038 1186 1592 985 990 1940 3338
17545 9725 941 3857 4103 1544 2791
17546 1569 8951 6338 4467 5312
17547 2459 1451 918 2059 1079 3921 1221 1025 1113
17548 1337 1192 1484 2192 1113
17549 1405 4074 995 562 1220 1749 1113 982
17550 11849 6950 6888 5630 6940 6877 6899 6108 7216
17551 6939 11501 5605 6940 6879 5627 11662 5660 11014 11887
17552 1203 4451 3355 6940 6882
17553 2577 3859 3918 7842 465 1108 1574 966 1077
17554 5357 9497 8485 337 437
17555 10383 5518 10504 9453 7760
17556 10383 7760 10870 10634 6518 9472 4795
17557 1511 6932 6886 6985 8668
17558 7126 6948 6886 1602 11345 10474 6882
17559 6886 6891 6944 7130 7095 6893
17560 6886 6887 6080 6882 1511
17561 6888 7075 8668 6886 3409 7096 7203 6893 6890 6891
17562 6956 3356 6886 6885 6875
17563 6890 7066 6886 6891 6892 6882
17564 6886 6932 5034 6882 6983
17565 6886 1602 6891 1511 6080
17566 4044 2546 11569 491 10376 3221
17567 4801 371 4088 631 6223 376 11780 633
17568 10664 7675 10498 4088 5176
17569 4088 5505 7568 9242 2 3009
17570 11730 11329 5557 2231 1271 3912 945 949
17571 2025 11077 1630 9138 982
17572 10146 11064 9144 9145 6126
17573 7630 6603 2010 8446 9128
17574 99 10903 98 5791 7899 11672 1159
17575 8335 365 413 330 4790 465 1287 9663 5860 819
17576 10818 7158 11745 11837 6814
17577 11745 11839 11893 11838 11878 11837
17578 11745 6032 10829 7292 6166
17579 11745 3164 6002 11851 7157 11579 11852 11762 11631 10820 11888 11794 11215 11214 11857 10678 11786 11656 10824 11741 11703 10825 3165
17580 4329 4330 10822 11745 11711
17581 7104 4398 5654 11816 11870 11232 9917 2766 11882 11818 300 11814 11815 10142 11817 9344 11810 11485 5705 6347 11478 2188 10944 2677 6839 2186 6105 10534 10401 3252
17582 5648 1718 1275 4781 1291
17583 5648 1395 265 4590 1026 980
17584 5648 1030 5460 1241 1001 1596 809 1563 1174
17585 2677 4625 5656 6009 2688 7889 11627 5609
17586 2325 6049 3712 5458 581
17587 2325 1644 1056 1019 3869
17588 6731 1032 1353 1067 1137 4626 4781 1162 1605 1687
17589 6731 2858 1642 921 1501 1520 4350 814 1749 1012 1703
17590 4398 2782 6979 2787 2766 5586
17591 3005 9215 4826 9887 6373 4823 6170 6693 3293 6725 11617 7336 10108 6333 6630 7805 3144 10461 3816 10090 4740 3359 6350 6348 10969 10204 3360 8572 11866 4346 3168 11311 10920 10109 1972 3296 6116 10431 3845 2818 9787 5658 11593 9707 3864 5608 6051 2815 10088 11090 11662 11901 11630 9312 4893 6506 11731
17592 6373 11724 11654 9215 4121 11501 11313 6630 2352 5628 2811
17593 10550 2677 3008 9278 6137
17594 9278 11654 6454 6814 2412
17595 7499 5983 6704 5437 3980 7132
17596 2111 2675 3002 2694 7348 4846
17597 910 11881 11575 2892 11851 11580 11581 805 1020 11911 1021 3249 11794 4774 2111 1686 11898 2494 1146 3338 1264 1116
17598 9422 8531 7930 9408 9437 9435 9415 9418
17599 8531 7813 7812 9083 9767
17600 8191 5113 687 11060 3083
17601 4447 465 1770 1039 4140
17602 4513 7403 9582 4483 2727
17603 6068 3915 9659 5276 3962
17604 3955 3941 9591 9756 941 9474
17605 4130 1070 11227 9932 6473
17606 4471 4387 4469 5933 4467 8242 10268 1591
17607 5536 7981 3356 252 1518 5534 5535 6932
17608 1695 2648 1062 338 4583 1101 692 1738 1579 7702 2494 1658 1146 1293 3174 5865
17609 6955 6962 6605 4870 3234
17610 131 10882 11520 9365 2247 8600
17611 4418 11141 10797 1716 4860
17612 2503 329 1552 4418 496 969
17613 913 919 1549 3982 9753 1556 261
17614 10709 11299 8187 8274 7436 2258 10979 7362 219 10021
17615 1591 2258 4682 2573 361 3184 9145
17616 2258 2229 1150 11551 10239
17617 1066 1305 918 6578 2668 4781
17618 2877 2398 225 1083 1305
17619 1067 732 4955 7377 5623
17620 4188 1133 3963 3964 7702
17621 2488 259 4498 5040 2046 4483 2492
17622 7702 10335 2488 10312 5930 5042
17623 5354 10802 10804 2595 3964 2393 6510
17624 6199 4129 5657 5684 5681 5675
17625 4592 1271 284 5742 837 1558 9884 1009 1163 816 818 985
17626 4592 994 3825 4593 1106 5623 1011
17627 4592 4646 1039 416 4078
17628 1252 10505 1545 2057 1157 4607 1129 912 553 2366 1193 1016 4108 1431 1184 4582 1226
17629 1252 348 1239 3911 10730 829 6746 1573 1210 1313 839 4793 1174
17630 1252 1351 4608 1240 1018 1256 1365 1596 1706 951 4581 2060 1220 1332 984 1086 1226
17631 1890 2963 1882 2965 2966 1859
17632 8190 1044 4538 9329 11673 5828
17633 8790 262 3011 4060 6697 6506 3295
17634 7960 4240 1553 11414 11342
17635 9077 10912 11062 11465 11129 11464 11175 7322
17636 9077 10912 11062 11465 11175 7322 11906
17637 11062 11464 11175 9077 10912 11480
17638 2211 4398 4827 9077 3008
17639 9077 3932 3282 10912 11465
17640 10959 4986 12 746 2321 7225
17641 8015 6850 5534 6828 11596 9477 4715 260 7043 4267 7633
17642 11337 8727 10443 4512 7660 1619 11399 498
17643 2326 4583 1452 1392 945 1017 5884 1042 1046 1372 1748 3868 4032
17644 8099 10574 11410 6608 8111
17645 11440 11631 11214 11215 11762
17646 4358 6351 6826 4630 8817 4627
17647 11800 11870 9078 6048 1286
17648 11800 5624 9756 4044 2278 1969 5042
17649 9917 11800 11882 9184 11870 1255 9921
17650 11804 6765 11744 11912 10840
17651 11817 11814 11816 134 7006 11791 1940
17652 11515 5281 11882 7606 1262
17653 148 51 147 149 3889
17654 1856 1843 1855 2095 1886
17655 11143 6062 10359 1299 1220 812 1843 4674 1225 51
17656 1843 4937 51 1816 3283 147 2095
17657 11336 7827 10768 284 8502 1589
17658 8090 121 9756 8092 9431
17659 1271 6498 1261 1145 1225 1400
17660 1695 1271 1098 1570 853 849 851 946 1181 1257 967 4350 1152 1169
17661 8150 1271 3169 1502 5009
17662 1271 806 5741 5742 1076 1061 1631 6456 3297 1687 1202
17663 2684 1450 3964 10298 10710
17664 404 962 7767 212 6319 250 160 969 813 1372 815 2671 981 425 985 265 1228
17665 9401 6453 1336 5824 6960 5223
17666 6553 4089 8474 1443 9406
17667 8336 4126 4468 5657 9822 4811 4104 1683 1216
17668 6643 5524 851 3263 265
17669 10474 7203 6107 6960 5034 6962 6001
17670 3586 7872 9395 8734 10118
17671 7872 6058 3061 10787 11834 3940
17672 5113 8159 1650 4820 9855
17673 281 10016 11419 6722 2408 11665 8046 2409 9456 8107 10430 11499 5989 11886 6807 5010 6729 6850 10411
17674 4470 11566 3306 5138 854 4325
17675 4470 544 783 546 3207
17676 338 1353 1519 1321 613 1497 1040 1245 1488 250 418 10965 656
17677 4197 6287 259 2798 11746
17678 1695 6042 1612 5875 9348 3822 3828
17679 7813 9083 7814 9084 941
17680 9767 2172 949 9083 1550 832 38 4843
17681 7657 9312 4893 2818 2819 2873 2872
17682 7657 1486 8380 4220 4221
17683 6723 2408 8942 11223 5190 6722 8113 6850 11875 6727 2039 7657 11841
17684 1723 1381 1325 3863 684 1728
17685 6704 1325 1367 5658 2373
17686 1185 1325 94 1187 11258 4543
17687 1483 6498 363 1352 416 1076 8317
17688 7105 7177 8261 7408 5937
17689 6568 2962 3140 3993 5276 10447 9186
17690 3151 8601 5010 8294 5826 8102 8109
17691 3151 1685 3132 3137 10255 9692 7188 10274
17692 3151 10255 3136 9693 8082
17693 3151 3132 3137 6202 3120 4996
17694 969 5882 9503 9168 4733
17695 1685 5494 8301 2556 3993 8688
17696 10632 3910 7378 6100 6587 2215
17697 10996 11537 6587 11305 6180 83 1283 8598 7189 755
17698 9766 11912 11099 10841 10840
17699 1307 4843 3211 11444 8775
17700 1307 4843 6580 9328 1770 7346 9869
17701 1728 4762 2229 4007 11457 10580
17702 3711 799 5263 3239 556 10152
17703 6885 6957 6956 4500 6986
17704 6764 11878 1254 7158 9441 11900 6033 6032 5009
17705 5009 3169 7978 8759 1187
17706 11769 11871 11830 7155 11905
17707 1203 6957 3409 7066 7762 6932 6999 3356
17708 3031 8102 10014 854 7087
17709 3031 4166 89 5222 3159 2378 769
17710 3525 6794 1257 3031 1199
17711 4166 2938 6240 8456 3052
17712 4166 4502 11784 2743 7343
17713 1572 1743 160 858 762 1560 1414 4166 4032
17714 4166 2823 968 9224 5223 3159
17715 1551 3703 1728 6145 11835
17716 9404 9545 6572 6506 7368
17717 8081 7179 10173 4996 7725
17718 1545 2531 4620 1049 848 2366 1739 1194 1367 6756 4626 1748 1114 1656
17719 1523 1450 997 1502 1595 1256
17720 1523 1117 3825 1360 1039 1416
17721 10069 11913 11702 11873 10837 11914
17722 10069 11851 11858 11794 4630
17723 10814 4423 10069 11170 9304 11840 5583
17724 10069 10072 10820 6016 11701
17725 2789 2211 4161 7194 6351 2820
17726 918 795 1203 329 4894
17727 8046 647 10420 11666 11464
17728 2004 10805 11385 536 7388
17729 1525 1406 1481 724 7833 1070 1033 413 1699 1159 1310 1160 1214 415 2214 1322 971 1261 1010 973 225 1692 974 1403 1174 231 1317 1227 428 1229
17730 4621 1382 1138 4888 6547 2726 1396 275 1322 1109 7979 1605 1400 1714 4351
17731 2860 684 2725 822 1715 1627 1151 964 966 1322 811 421 1184 1374 1560 819 2935 1178 1658 1227 1318
17732 1061 1101 1392 3911 1367 1103 9200 1257 4579 1159 966 1322 2204
17733 209 5869 5863 1371 219 1322 1373 1287 2730 1228
17734 1198 2398 5470 10759 7757
17735 11006 9322 9615 7816 4329 7607 9832
17736 997 1209 1434 1528 231
17737 2658 997 853 1338 1209 1395 1008
17738 1071 1209 221 2060 5542 2061 5018
17739 1725 1209 4646 1160 416 755 250 3 422 656 1152 222 9663 1174 1292
17740 1677 4637 4608 1240 1256 1527 1068 1209 1367 1005
17741 3068 1917 3070 1816 51
17742 11122 659 2046 3068 4778
17743 8257 10825 5013 5015 249 4629 1917 3069 11686 11595 5012 6015 4627 1972 10679
17744 2033 1816 146 5001 147
17745 5002 2033 3050 3070 3069
17746 11687 11688 3070 3064 5004 3069 2096
17747 11659 5811 11555 8237 8500
17748 7012 5034 1203 6001 6871
17749 7012 7068 11494 8668 2384
17750 5495 5757 6129 2339 7031
17751 4899 3064 5002 51 146 147
17752 1355 7790 51 5218 4731
17753 1355 11402 11311 11793 11877
17754 4993 7132 5764 7133 10040 133 3129 8965 9692 3972 3931 586 799
17755 3129 4993 3972 8346 10578
17756 2771 1245 11442 3129 4527 10225
17757 3129 3931 8741 8347 9693 6797
17758 3138 4731 3062 609 10173 10172 3128 8945 4560 11615
17759 609 11067 7042 11071 10579
17760 6385 609 4989 6957 3134 617
17761 609 1237 4996 1242 11669 9692
17762 642 3720 6569 10260 2409 1317
17763 5037 5978 11514 10014 6603 941
17764 5287 8798 2293 9145 2572
17765 7075 6976 7226 6959 6873 11880
17766 6870 1602 7097 6960 6878 6985
17767 7126 6950 6983 5842 7108 4269 7224
17768 6825 11059 3829 6246 6021
17769 751 1413 1370 1359 1489
17770 10320 562 400 3473 4144
17771 7889 5276 9937 11629 3296
17772 11159 6239 3866 10058 3835
17773 11125 8102 9638 4919 6729 7887 11902 11638 11739 8757 8826 5825 5534 5196 10413 11759 6836 1108 11727 6846 8822 8813 11726 8810 8818 8804 10014
17774 11405 684 4919 3083 1518
17775 5784 8199 692 1450 1518
17776 5575 7476 2606 5784 1518
17777 290 4900 8718 6043 6885 10151 6730 7072 4186 1726 3318 7566 10991
17778 5653 7566 684 3356 545
17779 2378 6544 7405 6227 3868 9374
17780 1203 7139 7066 6938 6882
17781 1203 6892 7097 10937 6938
17782 8603 2938 409 5879 10683
17783 8100 8953 10027 8431 7842
17784 89 5275 4044 11497 37
17785 3904 969 89 4502 1182
17786 2962 3931 274 3140 3120 3136 2303 11626
17787 11604 10689 7764 4631 11840 11717
17788 1695 10505 941 4339 827 1502 1320 1706 1034 953 1497 4269 1160 1311 1216 5857 5856 1299 1703 1221 1401 777 1293
17789 1602 5658 3525 6389 646
17790 8301 3931 10912 11175 7322 10842
17791 10398 3989 8301 11432 11366
17792 3727 9327 10970 3 11754
17793 9320 9857 9687 7550 1138 3984 502 10248
17794 1695 1256 5880 1001 4584 1358
17795 1695 6571 1559 1175 818 984
17796 1695 1304 1239 6705 9312 4893 167
17797 1695 1718 1495 4608 809
17798 8871 3933 6550 1413 361 10649 9145
17799 8634 4824 8871 8068 1203
17800 8871 3140 2996 3137 4996 38
17801 10007 5704 8871 9724 6177 4240 11199 1372
17802 491 6751 4026 275 9735
17803 9169 491 10429 1688 11376
17804 7901 10365 10594 3933 5434 2228
17805 2566 6970 7001 4593 9065
17806 11329 1061 2656 7754 3356
17807 10806 797 9727 10364 415
17808 298 11651 8239 2539 10962
17809 6062 5659 4559 11875 11905 6811 10962 2374
17810 10392 5503 3992 5198 10595 4925 11766
17811 3086 4355 8359 4608 4584 1105 1849
17812 5452 9706 11505 11446 4355 1738 829 6469
17813 4355 710 6912 11054 10710 2734
17814 6888 8668 6883 6080 6951 6945 11889 6984 7230 6986 7221
17815 6951 7097 10937 7223 6883
17816 11915 6883 10937 6951 6983 6945 6001 6872
17817 8514 8341 7223 6951 9813 9855
17818 6951 6892 7097 6962 5543 1511
17819 6885 3356 3409 1203 6951 6892 11494 6999 7066
17820 3409 6892 3886 2997 6949 6999 6877 6953
17821 7221 6945 7222 7109 6946 1511
17822 7222 9667 11451 6876 6944
17823 6196 854 6387 1034 1372
17824 6555 544 8201 9499 11633
17825 4284 4900 2972 10634 2823 10061 11662
17826 2395 7001 2783 4927 11627
17827 11852 11794 8933 11101 6166 3248
17828 5177 7083 7534 6574 10494 4925 10021
17829 1049 1724 209 1726 5392 10051 8222 7684 6737 5869 967 1120 1160 1373 1216 969 1558 1744 265 5864 9730
17830 7787 7975 3931 10219 9934 4846
17831 7975 2725 3241 8946 5987
17832 2035 1309 5163 10040 3859
17833 9789 9678 4060 9735 4532
17834 11700 10300 11847 4630 10824
17835 11838 11716 11700 11101 11839 6765
17836 5696 3122 2250 2398 4811 5681 11383
17837 2515 2339 3963 1624 1574
17838 10805 262 3091 11273 8807
17839 630 2764 2374 4458 10679 4632 249
17840 7607 8179 11820 11786 7290 11289 10669 9915 7165 11896 7293
17841 8829 7087 10417 8179 5534 9175
17842 1377 1517 1569 994 936 828 720 2671
17843 1377 1304 3963 167 165 1658
17844 1377 1483 1129 1427 5858 11038
17845 1154 4620 1030 1379 4642 1509 5900 1212 851 1227
17846 1154 2548 1212 6319 5864
17847 2926 1337 363 1408 502 812 231 1416 1316
17848 2926 1406 200 997 9730
17849 1005 1004 1157 157 3958 5863
17850 5145 5259 6805 2221 11397
17851 5044 1080 4256 812 813 8100
17852 1879 1856 51 146 1855 148 3396
17853 11675 5552 1625 10790 4038
17854 8934 11219 11317 8281 6826
17855 992 1435 437 8199 1178
17856 1225 10778 11031 5040 11825
17857 2061 4911 1226 1225 4585
17858 1225 3699 3671 6912 5042 8135 8136 10335 6756 5747
17859 1225 3671 8338 11375 7904
17860 1225 3012 3052 6603 8180
17861 6316 3699 5004 8136 6756 9935 1226
17862 10113 3699 5040 6464 1602
17863 8338 8136 10335 3671 6756
17864 852 407 4888 2202 1437 3048 989 6761
17865 10164 720 969 1683 11748 4729
17866 6932 2037 8667 1187 1186
17867 10065 6507 941 10068 10064 7065 4253
17868 10067 6507 10064 9295 9296 9068 10074 10075 9294 4901 9298
17869 10064 10065 6507 10068 9295 9296 10074 9068 10075
17870 3911 849 5029 1434 839 5556
17871 826 1501 997 947 1004 1367 849 259 1371 163
17872 910 1496 1518 4704 1137 849 1138 4076 4780 419
17873 849 855 4584 856 968 4908 1168 1011
17874 2929 7367 11520 3155 8709 8739 8331
17875 3155 236 4858 1624 687
17876 241 11259 7018 10287 4972
17877 11444 259 4438 128 5430 4532
17878 338 199 4704 11444 218 1120 219 1373 1216 1703 3163 1026
17879 10327 3149 2220 9819 9821
17880 7741 2434 8489 9859 8841 5561
17881 8489 1496 9138 5877 5505 11523
17882 1496 6498 408 1240 1338 411 1512 1145
17883 1496 3902 1548 1280 1241 5880 1245 818
17884 852 1496 3014 5862 5880 1194 995 2192 2202 4589 1233 6454 221 2060 1333
17885 1725 1065 7702 4628 1293
17886 1128 199 1725 1135 1455 2367 1365 7767 212 6737 1211 1109
17887 4620 23 1725 1425 338 1066 1070 850 2203 747 965 810 1654 1488 4628 3249 4910 1292 1085 986 1317
17888 1725 1235 4608 1240 1612 1256 155
17889 1725 1336 4639 1233 1142
17890 333 1569 6498 4607 1725 4704 930 1740 1193 1573 2192 4780 1681 1554 212 1487 1245 1311 2060 1631 1403 1086 987 1229
17891 1392 992 1129 931 1457 1022
17892 1337 1389 333 992 2858 4621 1279 1612 5029 1552 1108 1245 1654 4588 6759
17893 1337 992 6705 11850 51 4560
17894 7467 4573 1101 1278 945 6615 1742 1431 3897 1286 3868 1747 2492 10772
17895 1406 941 4573 613 413 4016 793 755 4008 1692 1009 496 2555
17896 1548 1642 994 1484 828
17897 1548 1573 1311 1259 6773 1085
17898 1099 1548 4642 1703 816 1712 1179
17899 1548 1061 1049 1134 1193 1292
17900 333 1062 1425 5881 1076 1056 3297 5861 985 5030 1293
17901 333 1336 1135 7702 5392 1002 5855 1708 1211 6454 968 1075 1007 1748
17902 1051 7982 1379 333 998 4642 2907 942 10086 969 963 1159 502 1617 1023 983
17903 1192 1295 1064 1105 1367 2202 2906 1622 1210 1107 1108 2726 1143 1039 1109 161 9730 656 1220 2204 814 782
17904 1192 4074 832 158 5900 1039 7178 1152 1145
17905 9917 10613 11810 11823 9922 567 10735 11811 11827
17906 6362 10550 2453 2454 5700
17907 81 363 613 9523 3039
17908 81 10268 1033 4293 723
17909 10606 1066 3983 10477 81
17910 4984 8718 4433 1410 7208 5154 1872
17911 5543 5810 5938 6180 10439 2504
17912 6180 83 497 9624 9523
17913 7127 647 8010 6567 854 8986 4665 3039 361 6180
17914 6180 1602 51 5040 5222 275 361 8815 1511 5017 10251 11638
17915 6180 854 4483 8803 8802
17916 5482 969 9924 7044 8119
17917 11123 1066 9803 3983 2500
17918 4082 10213 1707 1160 11748
17919 1191 822 4575 1555 1372 1148
17920 283 5537 9672 11560 7907 11482 11483 10007 6523 4264
17921 6970 5817 8118 6634 11467 4523 9062
17922 8661 6839 8670 11790 2568 6970 7587 2060
17923 4743 9837 4786 3278 10968 11226 11755
17924 4816 8116 10853 1108 8812
17925 3863 11689 7726 9696 5306
17926 3865 11356 4035 4329 6164
17927 5809 6846 11735 9477 8812 11755
17928 5535 11476 5819 6722 8942 6566 5534 11886 6803 10928 8805 8932 4080 7995 5533 6723 7632 8110 8113
17929 4923 1469 4338 812 5263
17930 1651 3279 8664 1317 9065 4247
17931 1602 4247 822 1441 1511 6849
17932 1620 6572 1574 2250 8001 2804 8456 8457
17933 2804 2369 7264 2569 3052
17934 3172 4060 3897 6116 10966 5689 2681 11627
17935 1494 553 209 1000 1390 3869 1439
17936 9511 5575 5505 4703 10263 811
17937 4980 581 4324 3036 11740 1084
17938 7483 11359 4113 2832 10789
17939 6562 2788 9259 2789 2790 2798 1716 9145
17940 11668 11374 4996 361 4007
17941 5811 11374 10909 11184 939
17942 361 4295 6961 2504 3184 3019 3931 3120
17943 3931 10172 3972 2497 10225 3125
17944 3931 3140 3132 10910 8347
17945 3931 3140 4993 3117 10910 8347
17946 3931 8347 2497 616 4684
17947 3931 3117 10502 11668 3125
17948 8347 4993 3120 3931 274 9692 9693 4989
17949 1280 3931 632 932 8347 10219 377
17950 274 3993 4996 8346 9693 615
17951 274 11122 5176 7675 6837 1172
17952 274 3137 8965 10255 7188
17953 7926 3822 4190 211 1511
17954 9620 3300 8370 7367 2511
17955 5145 1620 6572 10456 398
17956 5145 9254 4265 6319 1654
17957 1425 1032 997 6696 2933 158 1056 1041 1656 1177
17958 1495 2549 1680 11364 5830
17959 1495 3911 938 724 1352 1552 1159 4626 1061 1692 842 1025 1467
17960 8021 3963 3964 3289 2044
17961 11219 2656 5207 1573 1580
17962 11219 3149 9837 7892 11613
17963 1912 2009 1889 2964 2918
17964 3897 1912 51 146 2155
17965 1272 23 1570 1738 1038 1054 8596 966 1690 1712
17966 1272 1351 1380 1550 724 6758 413 4584 219 967 4781 1361 6664 762 1168 1711 422 818 1636
17967 11525 9696 7661 2844 5864
17968 10951 6638 4764 3817 9816
17969 7683 545 7087 9550 2858
17970 7902 11846 8936 11864 7979 11763 2844 6319 4285 10022 11337 8827 10898 6285 9833 395 8938 8316 10593 10238 5763 6916 11387 7660
17971 3241 11054 10298 10710 1692 260 11542 8819
17972 998 1041 966 166 1022 1020 1847 1026 5702 1234 260
17973 10880 2567 940 2182 1574 11155
17974 4512 4285 9107 2541 1683
17975 6652 7096 7240 6944 6956 6871 6942 7075 6985
17976 6942 3356 850 5785 2908
17977 3292 1127 3330 10090 3360 10969 10204
17978 6895 6894 3254 4760 11043
17979 10696 6894 8184 10406 7018 5575 985
17980 2045 6692 386 3145 9576
17981 6550 2373 2797 6179 10056
17982 9016 5412 4890 259 3122
17983 3122 7152 5746 3897 1040 5584 9886
17984 4228 4139 5759 7065 2787 10951
17985 2787 2059 3981 1290 3
17986 7467 2788 8232 7264 1770
17987 8248 10082 11597 5646 4559 11841 11904
17988 10082 6373 2801 2780 9887 4458
17989 10761 11724 3293 10847 11597 6050 2785 2800
17990 5646 4823 2505 11597 5685 148 5675 10085
17991 2766 6351 5431 3983 4843
17992 2786 8851 2252 2792 2826 10196 2872
17993 11387 10591 451 11600 3318 1589
17994 1392 6743 1101 918 826 930 128 1068 4642 1194
17995 2459 1101 918 4645 968 4628
17996 1101 853 1009 1109 1691 1290
17997 1392 918 201 1642 949 953 1328 963 1159 265 437 1315 9041
17998 941 1060 10049 1573 6347 7534 7435 4467 1105 5040
17999 1060 1236 6498 1238 940 4907 5885
18000 1060 4154 5622 1442 1151 1017 1074 819
18001 1060 1568 2539 2905 9242
18002 5955 9113 2451 8160 4973 4127
18003 687 6097 1161 811 415 5757 497
18004 4116 732 11330 2834 3273
18005 2834 7232 8380 10818 755
18006 7015 11908 10650 7161 6163
18007 7161 10650 11909 11908 7292 3337 11623
18008 1441 1050 1570 1032 939 219 1285 1586 1199 1558 5857 162 7265 1746 6086 974 2934 838 981 1438 987 1224 1227 1687 2555
18009 5962 10496 5233 4717 6473 3022 8598 10210
18010 10587 3093 7408 11661 1654 5829
18011 3093 6382 2369 11477 1035
18012 10458 10519 2537 1724 3150 11638
18013 10798 10916 5043 8809 6807 6048 10966
18014 2184 5411 4896 5430 5434 3130 5435 296 3001 1128 6385 1647
18015 1128 2612 812 2389 961 1159 793 838 5774
18016 1128 2161 1282 1393 5622 1628 1285 793 415 1216 222 1011 1148 232
18017 1236 1128 920 1736 1066 1070 6768 6547 3169 5863 1487 756 1056 1017 2059 656 818 1112 3297 1713 1464 1202
18018 3083 36 3941 3948 3955
18019 6850 10928 2570 11223 8117 9137 5010 8112 11419 6722 8118 4325 6735 10783 283 8103 8932 5533 6565 7049 7190 8122 9062 8815 7905 8807 11436 4827 2831 5701
18020 5989 6723 5535 8113 6850
18021 4228 4139 9110 11166 10290
18022 11796 11870 10375 1254 9902 9912
18023 10375 11601 6907 11599 8383 337 1307 1621 7820 437
18024 11837 11838 11839 7156 11893 11878 9917 7154
18025 8216 11166 732 8925 10584 5700
18026 372 373 4801 374 371
18027 372 1969 6896 11446 8952
18028 372 373 4801 374 371 631 4841 462 8972
18029 371 373 374 372 4801 631 5782 376 11780
18030 374 372 4841 375 298 4681 11392
18031 372 373 4801 374 371 4841 631 8972 2224
18032 4688 374 372 4841 462 377 6518 10938 5781 11607 5151 11780 633 1026
18033 372 373 4801 374 371
18034 1173 275 372 632 5830 843 1388 1467
18035 372 373 374 371 4841 375 6223 377 5782
18036 4101 1591 6197 2877 508
18037 508 4928 7029 3918 710
18038 7731 5647 11370 7010 4732
18039 6939 7113 6984 6871 7230
18040 6939 6986 7040 5035 7130
18041 5666 6143 4778 9936 6912
18042 5666 4027 7479 11540 1432 9051
18043 4309 7736 7867 610 4996 7188 2497 10578
18044 7353 723 2592 405 9891 10304 11163 817 764 1083 4211 9471 8227 1010 11391 5575 4708 10738 1121 11409 9970 10751 11774 8229
18045 3932 11465 11480 11062 7322
18046 11465 11480 11906 3932 11175
18047 11061 11344 6595 3282 10842
18048 11061 3282 11175 7322 11480 10842
18049 964 1586 1152 5542 222 1046 1168 1704 2204 814 1292 4032
18050 1131 1306 949 2204 4588
18051 1715 1519 1358 793 1717 3827 1444 818 2204 814 843
18052 1677 1236 1610 2367 1716 1329 2204 2061 5886 6761
18053 3132 9155 1490 3137 11841
18054 5535 5536 4118 11476 6462 9379 11229 6846 283 4117 5823 9710 2041 5010 11754 3132
18055 234 9062 8618 7190 9809
18056 2398 4438 234 7476 1739 4377 8888 8183 11221 8686 6072
18057 2877 4749 723 5780 4693 1071 4736 11368 4254 502
18058 6574 2877 10399 4390 1533 612
18059 2877 1083 9910 9906 3253 11827
18060 2877 1569 4322 9509 11667
18061 10927 5534 8113 2548 1246 9979
18062 9058 1061 9979 9593 463 2549 1728 8265 799
18063 9005 9056 10589 11423 11492
18064 10030 10174 2793 5507 5276 2831
18065 3609 6304 1242 8495 3948
18066 3609 11512 1589 11619 10309
18067 7820 6406 4559 2609 8493
18068 581 1450 6655 2453 4626
18069 1731 4139 9431 8093 11672 11740 11504
18070 1731 206 1336 5796 5392 850 1434 1461 1528 3828 1314 1046 1221 3321
18071 1731 1568 1015 1450 4888 1612 3897 1142 1008 6653 1109 1683 1847 1220 1046 1025 1292 3339
18072 10042 1368 5849 1210 1017 1008
18073 935 5862 1368 2861 1174
18074 5862 1368 1004 6705 1142 1233 1234
18075 1235 804 1368 1005 1367 221
18076 2994 2277 11766 168 6804 8811
18077 1850 1943 2027 1860 1945 2164 1946
18078 10477 1066 3270 261 4139 1044
18079 741 8285 7361 7299 6072
18080 1602 1964 948 11330 6001
18081 1602 6877 6876 6944 4302
18082 1602 6960 6877 5543 6952 1203
18083 1602 4302 6962 6882 6956
18084 7068 1602 6893 6875 3356
18085 1602 3356 1203 7129 6080
18086 1602 6983 7075 7227 7224
18087 1602 6883 6957 1203 7202
18088 1602 6882 7135 7126 6956
18089 1602 10376 11809 6877 6953
18090 6277 329 4996 1602 1203
18091 1602 5034 6885 4302 6957 6956
18092 1424 1602 6080 1351 1736 2367 1429 4589 4108 1432 1457 3897 3827 3828 5018 989 246
18093 1602 6962 11594 6878 4578
18094 1602 6985 7075 7230 6871 6945
18095 6878 1602 6001 6876 6945
18096 7121 6957 11232 11724 1015
18097 9625 5821 4514 6469 5825
18098 3149 9164 1723 6647 1737 8618 7190 11274
18099 9407 9408 7445 9438 9436 5824 3062 2383
18100 910 997 5880 1233 1043
18101 910 1326 857 221 1299
18102 910 199 848 945 5839 807 1645 1195 1432 5883 1159 6702 1075 1655 1299 1314 1184 2934 9887 5830 1750 4643 3173 1326 1115
18103 10992 7351 548 2608 7357
18104 9573 9599 5759 4228 4139 7065 4792
18105 5812 11210 11572 7605 11793
18106 2567 8757 11467 4327 4523 8823 8826
18107 6040 3198 792 829 8283
18108 3198 2231 645 501 502
18109 3273 6693 2798 4160 4162 6726 431 11217 18 5628 4920
18110 9911 11796 9922 11812 9901
18111 11796 3002 1263 9914 9916
18112 6899 1183 6986 51 147 148 149
18113 9929 7976 2939 968 11890
18114 10713 6545 9929 4892 6261
18115 5811 10635 9164 9232 5969 9710 10321
18116 9164 9432 6523 4464 11184
18117 6891 6882 7224 6001 7075 7109 7111 11916 7220
18118 2888 4548 376 377 4801
18119 912 553 1527 613 2161
18120 6962 1203 1511 7145 3355
18121 3143 6608 11618 8439 1972
18122 10139 5816 1729 11261 8112 5827 10963 11868 10411 11795 11542 8800
18123 6751 4584 6705 1023 1178
18124 10042 146 147 148 149
18125 1242 2725 4528 2656 1245
18126 2656 3241 6394 2459 6608 10151 1723
18127 7403 2389 4216 4135 6482
18128 8841 6571 11648 1572 418
18129 3990 4357 5300 9814 6571
18130 1241 1005 1160 4078 6571
18131 210 6772 1055 1490 1247
18132 1235 1030 1353 1282 155 1519 158 1215 1057 1661 1490 1080 152 814
18133 3088 11809 7159 10820 7605 2185
18134 11809 3285 11808 11486 6764
18135 10459 5601 9343 11396 6031
18136 10376 1770 968 4626 811
18137 11816 1015 2249 3285 9912 11622
18138 1097 408 2858 918 1455 4608 411
18139 408 1450 411 5622 1210 1741 1118 1681 971 4628 984
18140 852 3902 199 408 1450 1573 1194 2932 951 1310 415 810 967 1076 1444 1361 4628 4574 9663 1512 1019 5861 990 1464 2555 1318 1940
18141 8847 1137 2462 2570 4140 5901 10958
18142 1351 998 932 1054 3330 1022 6653 1528 1019
18143 7682 9141 11550 10404 7907 10123 4896 5276 5435
18144 7682 363 6847 11681 7295
18145 3169 4502 961 8418 265
18146 3169 7440 11195 6454 8257 11834
18147 7233 7234 11711 5608 3169 4630 6013 10679 5609
18148 1511 6080 6882 6883 11345 6944 6889
18149 6882 6957 5543 11345 6892 6948 6889 7096
18150 4688 1648 4593 1210 959 5869 964 4581 160 1744 817 6165 2730 3921 5861 5865
18151 7 2938 8380 4221 4331
18152 3858 969 7881 8862 3382 8734
18153 8639 10223 11627 10984 10210
18154 8639 10909 6352 3127 3829
18155 6100 6795 9290 497 361
18156 2799 6724 10778 6725 4823 6416
18157 2339 5434 6227 2372 2054 1961
18158 2339 2764 5787 4006 7405
18159 2764 4121 6594 5412 2412
18160 6498 2764 6285 959 1394
18161 2142 311 720 10298 415 9731
18162 8131 8132 9091 9089 1580 4810
18163 8131 69 8132 9091 9088 9089 9092
18164 8131 69 8132 9942 71 11203 4435
18165 10686 9789 9998 7061 129 1149
18166 603 739 2668 8598 10137 9760 9542
18167 603 47 51 146 147
18168 558 9921 7914 9344 11430 9184
18169 11838 11893 7158 7159 11824 9912 3253 11837 1262 11894 9901 11900
18170 11837 11878 11839 11893 11847
18171 10892 3019 2084 2571 8818 8819
18172 36 941 1590 1728 4843 4180 11012 1182
18173 1351 920 1321 856 6756 1488 1744 1372
18174 5879 1449 198 920 1306 2393 1553 1311 836 167 223
18175 1030 1051 828 806 942 818 5652
18176 1030 1406 6237 724 1065 1573 4350 1215 1024 1163
18177 7670 1581 4322 8986 4462 11397
18178 7528 6405 7480 3979 8323
18179 1590 7028 4993 8544 10091 8572
18180 374 373 1203 375 377 4692 633 2825 2224 10544
18181 4801 373 371 631 375 376 377 4681
18182 373 4841 375 374 462 4681 11651 8972 10191
18183 4801 631 375 8390 11607 298 377
18184 4801 371 298 8226 11651 8239 8972
18185 631 371 376 4692 11607 298 2825 634
18186 631 462 633 4683 8239
18187 631 11651 8226 8239 10191
18188 6887 3409 11849 7135 7096
18189 10606 5609 2694 969 1185
18190 5242 8455 1034 1285 5757
18191 598 4292 3915 1159 5625 838 265
18192 5479 1100 652 5158 3036
18193 913 919 10730 8952 4681
18194 479 5120 4863 5821 4514 11081 5276
18195 6237 10692 236 10878 11845
18196 10304 5780 10260 4402 1121 1012 1026 1080 8228
18197 948 855 4646 1311 3827 1360 4628 1374 1390 1500 986 1177 1148 10140
18198 6877 6080 6944 6871 1511
18199 7128 6877 6953 6985 7096
18200 10912 11062 11175 7322 11464
18201 10912 11062 11464 7322 11480 11906
18202 8184 6608 1034 799 11465
18203 3254 11465 11129 6651 11464
18204 361 11167 517 5747 4293
18205 348 562 1036 4580 1459 1039 1363 1121
18206 1032 1105 4589 1036 1221
18207 1014 2199 1676 1278 5028 5460 1210 1002 2202 806 1142 1458 1042 1290 1403 1712
18208 407 1210 1107 1487 224
18209 942 413 1210 1044 1560 1466
18210 807 1210 4350 1245 1459 6772 2462 2729 6740 818 1500
18211 206 4735 1064 5880 1232
18212 5819 9456 5536 5010 10016 8798 566 567 240 8113 5196 2234 8819 1629 2571
18213 11689 5557 10564 1620 1574 2668 10447
18214 3183 4527 2497 4347 616 2215
18215 1237 6753 5875 1138 1461 1024 839 3921
18216 1237 1406 1232 856 11296 1234 1690
18217 612 7122 8390 11783 7386 954 7334
18218 6888 6983 7108 7224 7110 11916 7109
18219 3355 6950 6888 6983 7114 11916 6944 6700 7224 6984
18220 1236 2362 1612 1241 1527 265
18221 51 148 146 147 11644 149
18222 1511 6882 6875 7109 7221 6976
18223 6976 7095 1511 11880 7227
18224 7095 7130 6944 6871 6108
18225 11262 11534 8284 284 9621
18226 6795 7888 1033 978 11728
18227 7302 11605 5460 3173 11536 7808 6088 3897
18228 4656 6758 1233 1221 1604 1605
18229 338 1003 6694 6751 2202 413 1555 1160 421 1112 1631 1012 1604 4664
18230 2672 4272 7068 3127 6383 5417
18231 10166 3904 5418 5657 11445
18232 348 4621 338 1723 1351 1644 854 1509 810 5623 1143 1010 1292 1059
18233 1306 338 4704 1408 684 413 562 3401 1073 856 1259 4600 656 1686 1316
18234 1050 338 1450 348 1324 4608 1240 853 5392 275 1022 1026 1080 1703
18235 10847 3008 4398 11627 8768
18236 3904 51 146 4154 6885
18237 3904 3903 1590 949 942 3278
18238 6373 430 6333 431 1972 4392 2815
18239 8720 545 1586 968 6614
18240 941 3859 9000 4216 8418 838
18241 3859 9168 2231 11294 502
18242 9189 8091 10165 7820 9943 1307 6869 6887
18243 7888 7610 9756 6900 11619
18244 4234 7806 8092 8888 10365 8186 9182 10594
18245 4583 1642 201 1215 1371 7979
18246 5035 7203 6885 6957 1511
18247 5035 6952 1203 6950 6893 6001 1648 6876
18248 691 4393 9216 1071 2569 11477 11615
18249 536 6623 5714 6518 1429
18250 9071 51 146 147 148
18251 1071 4254 2046 3330 2101
18252 309 562 813 1082 1054 5583
18253 309 774 3941 3955 7065 967
18254 309 10754 9182 4329 6780 9140
18255 6644 11142 2231 11428 502
18256 11486 9901 9900 11826 2183 11870 300 9912 9909
18257 11870 558 11810 6105 9902 9921 9920 11811
18258 6892 6932 7030 9886 11181 9061
18259 919 11060 6914 6471 9523
18260 919 11634 11037 516 2743 9570
18261 919 70 7820 759 7404 768
18262 1239 1070 1033 956 1579 1257 1699 4078 816 982 4911
18263 1659 1628 968 1177 1464
18264 1659 4608 1360 1020 1022 9884 1086
18265 4888 932 4626 2059 1299
18266 4888 850 2908 227 5018 5830 1224
18267 1650 4888 1231 5851 165 166 1436 1333
18268 4888 1595 1075 4781 5888 1046
18269 1610 938 1621 1242 1681 553 4350 6319 159 1683 1372 1220 1172
18270 2362 809 5623 219 1076 1559 1662 4628 7266 1414 1403 231 987 1467 1635 1229
18271 4607 1406 4907 4119 4226
18272 1406 265 1163 816 1686 1177 782
18273 1406 1233 1017 4581 1044 9884
18274 4077 1406 348 936 5392 1033 7979 1024 3868 1227 1564
18275 11377 1427 1000 1648 959 1555 2548 1212 6319
18276 3919 11142 4035 9859 838 4441
18277 6108 7216 6900 6901 7046 7138
18278 7213 6899 7216 6900 7138
18279 6889 6001 3409 6983 6962 7221 6946
18280 3409 6953 4036 5879 2393 51
18281 6957 5034 7075 6956 6946 3409 6944 6871
18282 5492 9474 4027 2823 3356
18283 995 1381 828 1553 1623 1729
18284 995 1003 38 5884 1173 1082 818 1012 980 5861 1465
18285 1676 348 1424 2859 1737 1644 1070 2671 3921
18286 1650 822 496 348 2905
18287 7916 9322 9615 734 9318
18288 9458 3968 363 1067 413
18289 3968 11012 6385 10969 6595
18290 363 1279 1076 1216 1152
18291 363 4986 4964 474 9954
18292 4620 1337 363 2907 1387
18293 363 9836 9848 9825 1590 825
18294 363 10264 695 1509 1166
18295 1568 4154 1395 1197 160 970 1152 1713 819 988 1058 1059 1712
18296 918 9609 261 1550 7453
18297 918 1295 414 419 1559 1260 1662 813 1082 817 980 1145 988 1712
18298 918 3941 11540 7435 6899 10263 10210
18299 23 1031 1238 1715 1509 2726 212 1061
18300 1031 1441 936 1068 806 1033 6319 1312 818 1703 1401 5652
18301 1031 928 1431 1166 1691 2934 813 7266 3921 1184 1437 1414 5030 1333 1179
18302 4127 10268 1118 4180 8498 4032
18303 7123 10439 11070 11907 8113 9673
18304 409 158 1163 1462 956 762 4559 1315
18305 409 10736 10952 10953 11523
18306 5991 7503 8656 2568 8661
18307 852 1117 1061 8656 1194 966 1458 971 1173 970
18308 8627 6396 3184 10432 361
18309 2251 4170 5706 6691 9201 11724
18310 8068 2409 8813 6565 6723 10783 5535 2408
18311 10031 5561 6261 5629 5603 7448 2818 2790 2826 10029
18312 2680 6353 2767 6691 3251
18313 6648 8112 6723 2408 2570 5196 10589 7905 11727 10203
18314 6648 11777 2556 3008 5706 4392 10122 2188 2054 5657 1970 3173 5628 2383
18315 4397 2798 4843 10268 9808
18316 4397 5705 7606 11628 10142
18317 6074 4170 5222 5198 6227
18318 8814 2215 9144 11064 6076 9816
18319 6505 3963 5412 297 361 2215
18320 1117 1707 6737 1299 1220 1234 814
18321 7804 6274 7238 6839 6506 2784
18322 10358 8758 5010 8113 10016 2570 2571 9076
18323 10852 1739 10049 2932 1061
18324 1061 822 3903 826 932 848 1573 2666 415 221 418 986 1177 6022 6021
18325 1061 198 4589 4269 1372
18326 1061 3944 9101 1502 4201 1627 1589
18327 4434 1683 2727 1061 854
18328 3293 3290 6348 6350 4740 3330
18329 6346 2411 6814 3008 5609
18330 1718 6704 200 1238 1018 5852 1292 1178 4646 8295 1179
18331 395 1306 720 1307 2932 413 1328 756 1176 987
18332 395 1100 1352 1442 1519 832 855 210 1163
18333 9888 10108 9808 3387 5507
18334 822 2459 826 1551 1026
18335 10698 1051 9254 11421 10021
18336 2459 4285 11747 10400 3281
18337 3976 2819 10761 6050 306 6630 5713 6697 11629 4121 10029 2821 10038 5996 6814
18338 2767 431 1972 2811 11869
18339 946 4161 5270 3358 4159 6346
18340 724 5143 4890 5746 6352 9141 7568 5426 6697
18341 2500 7568 6973 6697 11627
18342 6892 6983 6884 11916 6882 7114 7110 7108 7111 7220 7109 7221
18343 3300 717 3915 3918 6632 969
18344 10948 470 11392 11163 1121 764 437
18345 470 509 4051 7484 2825
18346 4607 836 842 814 1292
18347 4607 3902 1001 1429 1194 2060
18348 852 1648 6696 5875 8863 416 755 5843
18349 2691 5654 4620 3058 2383
18350 8046 6847 4523 2552 5829
18351 2248 4528 1044 4523 7072 4267 9062
18352 7942 4118 11884 969 1182 4523
18353 4523 6846 854 3305 8109 6831
18354 828 5622 613 855 755 1111 1220 223 845 1300 4672
18355 5622 1728 1223 1046 818 991
18356 2461 4426 6491 9210 5260
18357 7360 2461 2278 7885 11227 4326 1644
18358 2461 3665 10009 10034 4717
18359 732 1408 684 3 231
18360 7723 10430 8333 5409 8501
18361 11682 11656 11289 11686 11595 10824 11715 10836 4635 6016 11708 10833 11717 11687 11688 11898 11897 6025 6027 11100 11881
18362 9920 6105 10815 11812 11708 7605 10830 3976 10836 4220 6015 6002
18363 10814 11719 11708 4424 11578
18364 10008 11842 11795 10964 8820 6852
18365 4325 5536 11419 10008 8820 5017 11831
18366 10008 5819 11867 8113 1107 6721 7043 10957 11001 11003
18367 6850 4506 8942 10008 5757 3979 11595 6826 11754 10571 9062 8618 7190 8802 10023
18368 7981 4483 10964 8804 11527 8825 5827
18369 7981 10963 11868 10411 10413 8808 11665
18370 7981 6735 5536 5818 8103 6567
18371 7981 8106 5195 5196 8819 6567
18372 11500 8106 11499 283 7049 7981 6735 5536 8102 5533 11476 6565 5150 4118 2408 6804 8118 6807 11602 11868 8112 11795 6603 7934 10853 11229 6723 6729 11665 8116 10015 8801 6740 4327 5826 10414
18373 801 1441 829 5856 1403
18374 3666 4398 6510 3009 4827 1286 11627 5041
18375 3665 10181 4283 5260 3666 1897 3345
18376 3666 6491 4283 9210 5260 4772
18377 3580 941 3903 11068 7982 5820 1068 4283
18378 7406 3580 2972 960 10093
18379 3088 2972 4579 10763 5260 10779 9618 10210 4162 10984 6774
18380 3088 2053 2209 5222 5708
18381 10591 127 1315 10477 10701 4254 11194 1370
18382 6871 3356 4139 4769 5759
18383 8284 235 4113 3983 160
18384 1215 1487 967 1044 1024 1143 811 164 422 160 161 1173 656 167 777 5861 983 1564 1465
18385 2199 1279 1106 1173 1009
18386 1449 410 1502 3039 1055 1010 1166
18387 1449 5142 51 11144 11561 6745 7067
18388 1164 1315 9307 10514 7065 4730 9127
18389 1448 3891 198 1065 1353 1068 1070 5030
18390 746 23 1307 10709 9457
18391 23 1715 1628 1709 965 250 227 229 226 6165 1500
18392 1130 159 1374 1226 1318
18393 10514 3022 8456 8322 8457
18394 7132 7133 4259 11432 5987
18395 1405 199 1278 997 805 1142 1397 382 836 1145 9221
18396 1405 3902 724 6773 1178 2062
18397 6704 2905 1461 1717 1023
18398 6704 1351 1032 2189 851 5392 1103 946 809 5650
18399 146 147 51 148 149
18400 7549 51 10637 9820 9872 1185
18401 51 146 147 148 4254
18402 51 146 147 148 149
18403 51 146 147 148 149 2149
18404 51 3857 4502 1182 969 2231
18405 7160 51 146 147 148
18406 2189 51 146 147 148
18407 1139 51 6702 418 1009 1025
18408 7726 51 146 586 5570 147 148
18409 51 146 147 148 2149
18410 2270 147 51 146 6912 148 149
18411 51 146 147 148 149
18412 148 149 51 146 147
18413 147 148 51 146 149 2149
18414 51 8391 2673 843 845
18415 51 148 149 146 147
18416 51 146 147 148 149
18417 51 6274 1359 1044 9522
18418 148 149 51 5586 7978 2149
18419 1859 51 1914 2083 1894 1856 1915
18420 51 146 147 148 149
18421 51 146 147 148 149
18422 51 146 147 148 149
18423 51 774 1965 3038 11307 1849
18424 51 149 147 148 146
18425 4327 51 5534 8817 8802 8821
18426 51 146 147 148 149
18427 4925 3868 7040 7348 51 9204 3255
18428 51 146 397 727 147 148 149
18429 51 146 147 148 149
18430 1908 51 148 146 147 149
18431 10356 9621 9379 147 9473 51
18432 51 148 149 146 147
18433 51 146 147 148 2149
18434 147 148 275 2149 51
18435 51 147 148 1187 1186 149
18436 6595 942 2231 7236 8180 6077 968 1258 11471 502 4136
18437 9444 4811 1000 8180 1007
18438 10160 11794 6019 9111 302 6015 10680
18439 4572 4900 10634 960 8157
18440 1015 558 5281 130 9908 11697
18441 1015 4638 1457 6756 1462 3869 1114
18442 1532 1265 198 4907 5795 4628 1361 223
18443 7693 6912 5040 9910 9914 9915 9906 10825 10679 4630 6027
18444 7693 10044 18 10520 4283
18445 3289 4036 5930 6912 5040
18446 3289 10683 6088 3816 6348 6350
18447 206 1129 2664 2367 1256 1338 3963 1193 1142 809 275
18448 5879 1351 1278 1502 5889 1220 6761
18449 6351 6026 2211 8660 5879 9954 2820
18450 5879 6048 5042 11115 5043 3897 1286
18451 5879 1181 149 2149 11850
18452 5879 1501 210 502 1683 3 5840 1748 223 838
18453 201 1367 1707 562 957 1257 961 963 1459 502 2462 2728 813 1713
18454 1100 4195 4845 11228 985
18455 1451 200 198 4621 851 2202 1382 158 1076 1403
18456 4008 6961 2215 2570 361 10793 9229
18457 6598 3974 8265 7887 7715 7921 8804
18458 9829 9848 9813 5300 5839
18459 4163 6304 4283 5260 11312 10984 10210
18460 9280 4546 4927 2054 4122 11617 5576 6630 6697
18461 2825 8239 10191 7698 5773 632 5578 8390 5579 8862 6486 8514 10544
18462 632 11607 298 7714 8022
18463 5782 8390 5741 2510 10938 4681 10544
18464 1518 921 1740 1053 1502 1055 1082
18465 1443 4161 4908 3375 552 1040
18466 1336 1282 7352 548 1307 1328
18467 1336 853 996 1431 11371 4910 10518
18468 553 1738 806 9884 9221
18469 6743 7553 5460 1742 553 1385
18470 2027 1856 1886 1951 1824
18471 1856 1933 9731 6227 11156
18472 1856 1859 3274 1914 2141
18473 5460 1613 855 959 1385 814 1749 818
18474 1816 1525 9049 3974 7887
18475 206 1614 1431 6737 1626 1627 977
18476 206 1051 6696 1655 1039 5884 1286 4594 8724
18477 6001 6950 6983 7220 7109 6946 7224
18478 6952 6962 7075 5543 1511 5034
18479 4007 504 10952 10953 10544
18480 4007 419 1315 502 1617
18481 1051 994 2905 1240 1001 562
18482 10870 6969 969 6416 9290
18483 7619 4501 1182 3919 969
18484 3963 3320 4493 8456 11254
18485 4493 4694 4663 6138 248
18486 11852 10819 10677 8091 9433 11895 10678 11786 11686 11898
18487 8093 10093 7806 9433 9429
18488 198 930 5875 4579 3897 11704
18489 198 1443 5875 6696 6757 5843 1226
18490 1265 850 1745 977 4602 2936
18491 3150 6169 7842 4254 7364
18492 4145 1615 5869 1233 1371 1373 5864 987
18493 9458 2031 337 1370 164
18494 1569 1573 2932 1138 157 793 4254 1558 1312
18495 1321 684 1073 1075 1079 841 165 1560 1059 1464 1635
18496 554 11106 11218 8182 969
18497 361 10270 228 554 6104
18498 9392 10793 9144 7690 8742 5749
18499 1187 6038 1185 2569 4543 9750 2384 5749
18500 4642 1621 1442 1394 2907 1648 2933 2906 959 5866 5883 1076 1286 1085 1686 988
18501 3944 7182 2059 5795 3280 3281
18502 3944 3976 5700 11780 2303
18503 3944 3987 9698 9138 11592
18504 10818 11903 10825 11456 10821 11914 5014 7232 11856 11141 5013 10300 8765 11899 11862 11100 5015 10336 11704
18505 6831 6850 2570 2571 11725 8048 7905 11727
18506 6831 8113 4160 1108 4162 2571 7995 4117
18507 2187 9379 9063 5823 9710
18508 1972 5658 5685 5679 11383 5684 5694 11640 3938
18509 5694 5684 5685 5669 5673 4129 10085 5627 11501 5678 2690 10547 4121 4896 6724 3012 4122 5603 2184 11662 11629 3168 3296 5658 5676 5693
18510 9609 7182 1108 1212 1438
18511 3215 649 7132 10180 10040 9609 7182 10467 586 1550
18512 2398 4431 1182 4216 9360
18513 6745 8157 10843 311 8240 3984 9803 3983 2398
18514 6871 7075 7240 7126 6962 1203
18515 9836 7618 7552 10410 3162
18516 2251 2373 4458 1492 6204 5143 2818 10133 5585 297 5584
18517 2251 11383 9952 4682 11771 11772 11773
18518 7995 5819 8118 9694 8804 4327
18519 7995 6723 11186 11543 10462 2570 11726
18520 7995 283 5536 8103 6565
18521 7995 5423 11109 11187 6469
18522 7995 8802 8108 2408 6722 2570 6729 11638 5196 8819 8828 8821 10014 11288 8048 7905 11727 11842 11545
18523 7995 6565 7632 6567 7087
18524 7694 8102 5817 10430 10425 5150 6723 5537 5535 2408
18525 7694 5418 7087 11638 5191
18526 7694 5819 2540 11538 6803 8112 11759
18527 8112 11186 2041 8757 8758 11842 5819
18528 5819 7632 5534 10298 8467
18529 11681 6722 6828 11288 8757 1107
18530 10994 5987 10652 4568 11909 11432 11673 3894
18531 2188 10779 7298 10688 5575
18532 647 6636 6818 4264 9699 9871
18533 1742 2929 4032 2463 8418 775 418
18534 8446 9454 11629 3296 4560
18535 88 3184 6650 2573 8879
18536 1525 9204 568 2814 5727
18537 1525 1484 1138 1139 1166
18538 10151 11618 1620 6572 1574
18539 11705 11898 11707 10151 8439 9170
18540 1235 5418 8369 2997 10424
18541 5425 4664 275 3183 9374
18542 9456 9180 2537 7982 10404 11359 11137
18543 1650 941 809 1046 1085 1712
18544 3858 3957 3970 1182 969
18545 3858 3918 46 4216 969 2231
18546 5191 64 3858 2231 6651
18547 3858 11354 1182 7976 146
18548 3858 4219 1182 3919 969
18549 3858 8418 7799 2570 765 4974
18550 3858 1065 10691 4434 5014
18551 3858 146 46 969 961
18552 3858 46 2231 265 7536
18553 46 969 3858 3957 4219 1182
18554 3858 3857 1182 1648 128
18555 3858 1182 6518 6379 810 7943 3981 4254
18556 9687 6829 11528 3858 1182 7071
18557 46 501 3858 2231 4047
18558 3858 46 265 10587 5996
18559 5978 3858 3857 3957 1182
18560 3858 3857 3957 969 5978
18561 3858 3957 7384 9000 1182 46
18562 3903 4032 1586 2022 3040 414 8884 5575
18563 3860 3857 5978 2389 1182 969
18564 3860 3957 2389 1182 11142
18565 3915 3919 3857 4502 4219
18566 3857 1590 4502 1182 969 2503
18567 146 147 148 149 8419
18568 11816 2595 3964 11818 11814 4161 8419
18569 4392 8534 2690 4060 3330 9576 11436
18570 6523 5810 11647 1728 1654 1317
18571 8222 9254 5424 3981 1589
18572 5656 9887 4458 6728 1034
18573 10461 8336 5191 4265 737
18574 4608 997 1365 804 853 1231 1442 1596 832 6705 6654 1044 816 814
18575 1241 1365 1595 5862 6705 5849 1374
18576 5460 804 2202 1338 809 3163
18577 11364 9304 5582 5583 11879
18578 11343 9576 9624 3864 1203
18579 11343 2188 9008 4119 4226 1160
18580 4209 1066 4438 5759 265
18581 4228 4139 5601 566 2444
18582 5820 6462 9179 10635 5811 7191
18583 5811 10278 11555 11184 9710 9180 10846 10635 9672
18584 2352 8512 2383 2793 7346
18585 11894 3976 9638 8937 11683 11684
18586 10852 4120 3868 2463 1315
18587 6362 7082 1549 7401 6896 1624 11446
18588 6362 10012 11317 10413 8815 5017
18589 11839 11877 7154 7162 7157 10670 10672 11741
18590 4820 9527 5460 4159 7384 1366 9000 3970 9857
18591 9825 9527 7549 7551 5298 5297
18592 9842 7038 2783 128 2573
18593 9842 7550 2052 1855 3396
18594 4448 9677 940 4422 851 9392
18595 8866 979 9374 10793 10292
18596 935 965 1119 1286 415 79 4600 979 1630 1436 982 6454 981 1403 5018 5830 1658 5887
18597 5460 935 958 1413 1006 1233 1164 985
18598 935 6319 5884 986 991
18599 462 4490 11432 4626 382 1311
18600 10769 733 731 734 1408 9322 9321 9615
18601 1724 1032 1572 806 1002 4604 7767 1216 5888 1558 1683 2061 1316
18602 5437 3980 5438 7726 9661
18603 5437 5436 5438 6361 774
18604 3983 5274 5438 3980 9494 5424 3981 7838 7346 11421
18605 5438 774 4719 5436 9899 8284
18606 11534 774 9001 4052 7901 776 10754
18607 9531 11534 4052 10365 8941
18608 774 4450 4322 6860 8418 8740 4267 2671 398 10899 9466
18609 2444 9954 10499 9001 5298
18610 3320 2046 1385 9001 4909
18611 1965 488 10521 11775 5191 3864
18612 10403 11578 11581 7106 11697
18613 932 128 127 684 807 1707 959 4254 2377 6773 2462 1315 1686 1226 3872 3174 1635
18614 5764 7976 4624 3247 3248
18615 11853 4624 11574 11573 11576 10826 11583 10834 10833 11588 10835 10829 11717 11897
18616 283 5536 7631 6565 11291 8265
18617 11907 283 11229 6846 3320
18618 283 6722 11419 4823 4826 5536
18619 283 8103 5534 4325 960
18620 283 10964 2571 11527 7934 2041 8112 5010 8113 5537 8803 8804 4327
18621 799 1726 9312 2818 5877 11323
18622 799 2411 9312 2818 5996 10029
18623 6887 3963 11536 5043 6048 3897
18624 1050 1306 1351 856 157 5883 1709 965 160 165 1079 1712 1400 5886 1178 4672 4585 4606
18625 1050 1393 2393 1067 987 4602 2555 232 1635
18626 7810 8982 7875 1709 4925 7348 5435 262 2569
18627 5536 6565 9582 4482 10411 11683 8815
18628 5536 10014 7632 5535 2408 4482 5010 11665 5829
18629 5535 8113 5536 5829 9062 8618 7190 8122
18630 5536 5150 10013 8757 8112 5010 8113 10016 8118
18631 8118 7049 11419 6849 8117
18632 8089 2832 8556 944 1385
18633 2832 756 770 11324 5435
18634 6034 11900 11170 7156 7154
18635 2389 974 70 3918 46
18636 134 7165 11743 10839 11896
18637 38 9112 544 854 1182
18638 2799 6416 11031 11797 11764
18639 339 720 3990 7976 11150
18640 994 2367 6696 5875 3868
18641 994 1057 159 1403 819 1264
18642 1351 928 1135 1370 755 1215 1373 1287
18643 1797 2029 3408 1939 1938
18644 5001 1797 1859 1861 1914
18645 6162 10650 7161 6161 11910
18646 6162 10650 11910 10651 10652 6161
18647 11909 6162 10650 6163 10651 3337
18648 10651 11872 6162 10650 6161 11910
18649 6162 10651 11909 7158 6163
18650 7291 6161 6162 10651 11909 10650 3337 10652
18651 4325 10321 3974 4163 10034 10021 8113 7839 6047 760
18652 7684 5823 7384 1366 4219 3915
18653 2668 6914 9489 5423 7684 1574
18654 9064 10012 11316 11317 1109
18655 6828 9064 10012 11317 2548 227 675 361 1651 8825
18656 10174 2546 6848 10730 10175
18657 1380 1295 1501 724 6696 1039 1017 250 1162 2061 1178 1417
18658 1380 724 1033 4626 2059 858 1617 839 1562
18659 7702 4579 5556 5824 1362 1466
18660 7534 3215 5764 10040 133 5821 4475
18661 6960 6962 8668 7040 1511 6882 6108 4582 1203
18662 6960 1203 7067 6945 6946
18663 5034 6957 5233 7958 1744 2040
18664 5034 7224 7793 7112 3356
18665 826 930 5875 4781 5470 1286 2492
18666 10633 10638 7515 7084 7083
18667 6876 11451 7075 7227 6871 7128 3979 5757
18668 6882 6984 6871 1511 11451 6409
18669 462 8964 10938 8920 4681 8972 11502 2407 11368 10738
18670 796 3038 6405 9778 6214 10878 9061
18671 7550 1328 2473 9947 5266
18672 10429 8109 8813 11467 8810 11274 8815 8820
18673 11688 11881 10837 11914 11856 11687 6028
18674 146 147 148 149 2964
18675 7702 5040 5042 1286 2964
18676 310 9555 7401 11446 2006
18677 2778 793 759 7404 7201 392 391
18678 146 147 148 149 2149
18679 8383 6010 11498 6724 5011 10076 10675 11608 5599 8666 8827 6012 4632 11333 4629 10680 6027
18680 854 9846 11043 5829 8802 5196 8819 9968 6022
18681 812 3382 8734 9336 11680
18682 4138 400 11040 7577 5214
18683 7075 7096 6983 6876 11849
18684 4811 807 4438 3941 3948 3955
18685 4811 8369 1511 3019 7348
18686 5418 2411 2369 2821 5435
18687 5418 969 3941 3948 3955 4896 6761
18688 4122 2782 2188 10112 3296 10113 3251 11630 11090
18689 498 10126 5610 9728 7677 11626 11130 10457
18690 1256 5862 1526 6756 4641
18691 5872 3150 11359 9870 9379 11647 11141
18692 10278 5157 7908 9710 3244
18693 5669 5681 5686 5678 5670 2505 5691 6261 5701 11639
18694 11555 11184 9871 4274 4271
18695 921 828 1520 6699 76 813 1082 656
18696 1333 1862 5435 6227 5276 10966
18697 1139 10086 1181 1259 1333 3338 2062
18698 6914 5423 7086 10012 11317
18699 996 1372 1683 1558 3039 1122 1221 3338 782 1229
18700 11316 10011 3294 8798 10794
18701 11759 6897 11842 854 4080
18702 10425 854 11467 8822 10586
18703 10225 616 10255 8169 11669
18704 10366 2595 6348 6839 3330
18705 11407 11514 7501 5787 2248
18706 1741 2389 4216 974 265
18707 1741 4060 5414 968 7501
18708 7164 7160 7163 11579 6032 6031 6034 6033 8941
18709 1367 809 1562 221 1202
18710 951 1260 1744 1528 1561 1314 9730 1289 164 1630 6653 3921
18711 2400 9062 8618 7190 8122
18712 5570 7165 11441 10828 11764 10839
18713 11577 11582 11579 2185 10735
18714 11577 11719 11582 5635 11853
18715 11582 11577 5635 8257 5582 6164 9304 11840 11787 10787 11834 11917 10788 11830 11546 11874
18716 7888 1427 5190 6846 854
18717 3019 10984 6572 7888 6347 302 6015 4627 10680 10210
18718 6033 10815 10820 11895 11877 10814 6166
18719 11895 8629 757 9489 11479 10817 11897
18720 11895 10815 10836 6013 6016 6025
18721 4631 11911 11717 11895 11697
18722 5157 9309 9694 2976 5825 8826
18723 1583 9817 9833 5864 11670 7192
18724 5120 4331 4717 10044 18
18725 5580 5581 10614 11477 9061
18726 5010 8113 7283 3009 3845 4862 5537 2369 9887 6729 11759 8828 5017 11001
18727 4862 7392 645 6482 1214 8501
18728 5474 1688 8010 8572 224 4862
18729 2789 3001 2783 6274 5411
18730 296 2789 6274 2818 11014 2504 2215
18731 10401 10204 2789 2790 3816 5608 970 5996
18732 2411 3829 2789 2783 6274 10029
18733 3001 2801 2677 3844 6341 5430 8768 6177
18734 8851 6274 4190 2373 9937 8534
18735 6489 9352 10843 4422 11699
18736 7086 11419 5658 11467 2807
18737 2807 2054 3007 3009 3359 4060 2818
18738 4681 4692 7479 298 3030 4269
18739 10547 11501 5426 3273 11840 2692
18740 10547 2369 2211 2811 6341
18741 10085 5276 6775 5413 6729
18742 2690 4121 10108 4060 5658
18743 2444 6444 2054 2690 3864 6792
18744 2211 3011 9312 6697 11841 3845 2138 149 4121 5609
18745 6725 4823 6728 4826 3273 2190 4893 5232 1000 11629
18746 10122 4398 5232 10119 3296
18747 4398 430 4777 5608 10029
18748 3058 5011 4398 430 10108 11627
18749 4398 4283 3062 5221 5233
18750 5990 10634 1645 2393 6890 8668
18751 8688 10595 10596 9548 616
18752 1519 9200 1310 8788 1631 1058
18753 1615 1382 5742 1033 7001 964 5744 6319 2214 250 1082 812 1176 1293
18754 11735 11032 4863 8333 1513 770
18755 9048 7695 1172 1018 3278 1646
18756 4467 8025 11165 8026 4465
18757 1575 783 8778 1282 1163
18758 11850 11477 6893 4927 3173
18759 6984 6893 6957 6945 6871 6946
18760 6871 6893 6001 7240 7067
18761 6775 294 1603 8439 1394 7931
18762 6775 2997 294 6725 4826
18763 6474 8689 8007 2032 7987 2059 4626 6011 4315 811
18764 9911 5535 2408 8102 6723 5150 11186 10430 8117 7934 4261 4482 5010 7632 6850 8801 11726 6836 11912
18765 4117 6721 11229 6846 11902 6723 2408 5533 6828 8117 8826
18766 2409 854 7631 6603 5010 11759 7905
18767 8108 7631 8046 11379 3184 2571 2378
18768 8805 5149 2540 8046 5150
18769 11476 6566 8805 11538 6803 6806
18770 5535 7422 8805 5537 2408
18771 11621 2409 7633 6851 8805 8120 7043 11379 11483 6803 11884 11867 10783 11476 8816 11602 1228
18772 8805 11538 5149 2540 5150
18773 5000 5149 6565 7632 5534 5150
18774 5000 1246 2726 10182 2549
18775 5000 3150 9582 568 2235
18776 854 8113 10016 11476 11538 7043
18777 11476 1629 1107 8817 5017
18778 5042 10163 8135 6756 1400
18779 3957 11211 3915 3970 969
18780 2215 64 4415 361 5935
18781 8809 8046 854 5537 4118 8116 6565
18782 6565 6723 854 5535 2408 7931
18783 5817 10430 6565 8109 854
18784 6565 5152 11907 8828 11727 5825 8815
18785 7982 6347 4992 7502 780
18786 7982 5820 4464 7436 3280 10400 3281 10175 5580
18787 5820 3150 5423 1726 10846
18788 558 9911 11810 9908 11822 11825
18789 558 9918 1115 4351 11883
18790 9911 5994 11811 9902 2940
18791 9911 11810 9921 9922 11515 11811
18792 8382 11430 9911 11810 9922 9920 6105 130 301 2185 11822 10735 11824
18793 9000 2389 3970 287 4735
18794 5149 11867 6755 10570 8122 8467
18795 10430 6723 2408 3097 5570 11274
18796 8118 6566 5534 10783 8798 11527 2570 4267 6836
18797 6566 11725 8820 11902 11545 11547 11865 11833
18798 10783 6566 8110 2041 8112 10016
18799 10011 9582 5415 11907 10013 1629 8818
18800 6223 11607 298 10874 4690
18801 4690 10951 504 10952 10953 11523
18802 857 4162 4690 2224 11523
18803 1164 10809 11606 7080 4690
18804 11850 6469 11477 569 2668
18805 6806 4267 6836 5829 8822 8802 10014 7734 11467 5195 8817 5196 11727 8122 8618 4327 10462 9062 10425
18806 10425 6828 2041 8757 8758 8112 8118 8117 1212
18807 4356 10087 46 11161 4722
18808 9653 3320 6464 6227 5040
18809 1736 936 5742 855 1040 812
18810 6107 6957 5543 3356 1511 6944
18811 6453 2664 3974 8265 7887
18812 11356 10165 684 11288 2041
18813 3164 9723 11584 11913 11888 4425
18814 11631 11498 11714 4630 9723
18815 11701 11682 11911 11688 11100
18816 11872 11862 11456 10817 11863 11899 7106 10818 10819 11701 11854 5021 10678 11786 10338
18817 11877 11852 11762 11682 11656
18818 6002 2053 11853 9304 4630 6013 11699 11862 11779 10835
18819 11821 11823 11825 9922 9919
18820 9922 6105 9919 11825 10380 130 9908 11813 9905 11819 9913 9918
18821 3306 9912 9920 5281 11515
18822 11811 9912 3253 9914 9916
18823 5281 11515 11811 9919 130 9900 2183 565 11825 11827 9912
18824 130 9908 1262 2183 4774
18825 11314 11918 11909 6163 3337 6161 11910
18826 5535 5150 5190 8113 1107 5010 6850 7190
18827 8806 11739 8826 5150 8802 8821 8823
18828 11494 7514 4778 6885 3356
18829 6001 6875 6986 3356 5586
18830 11555 10404 9727 8237 10635
18831 4264 854 7734 5195 9062
18832 10141 8337 9868 8233 3852
18833 7130 11880 7099 7131 3321
18834 7160 6033 7164 7156 7154
18835 5240 8986 5423 10754 7018
18836 8157 7605 7725 11583 9224 3039 2410 10835 9596
18837 7191 8108 5010 8113 6849 9137 11288 8118 6850
18838 8758 8113 8738 5901 10958 9379
18839 9185 10857 127 8944 4528
18840 10857 2184 4139 1770 4443 8963
18841 11317 11545 11001 11002 11003
18842 10343 4117 2041 8758 5010 6849
18843 1553 6807 2799 7401 6896 9290
18844 4269 1550 6603 1071 7887
18845 4295 6961 9728 9145 1242 6650
18846 1616 7408 1961 4060 3864 10899
18847 3279 3280 11747 10400 3281 11449
18848 11542 8110 8107 684 8757 8758 11759 8800 968
18849 7632 5534 8815 8818 8107 5010 8113 11661 8823 4267
18850 6603 8107 8757 8117 8817 8810 6849
18851 10014 8120 8816 11726 9062 11274
18852 5190 4484 7827 7633 5825
18853 7905 5190 8108 11185 8122 8815 8820 5017 11831
18854 1108 5190 6721 4483 8740
18855 1629 11229 4117 8113 7043 8817
18856 5010 8798 4117 6828 4506
18857 4117 5534 2938 8380 4220 4221 7976
18858 8270 8108 8809 6807 854 7632 7086 10853 10413
18859 8108 6807 854 1246 2549 1107
18860 6828 8108 6849 8118 11868 6851 11527 11545
18861 9456 11288 8821 7632 5196 11833
18862 9456 5537 127 4026 6518
18863 6723 8806 6852 8826 8807
18864 6723 7632 6729 9137 6850
18865 6723 2408 8802 11527 2570 10023
18866 6723 5535 6828 6729 6850 2571
18867 6723 8815 5017 5534 7905 5882 2410 8802
18868 6723 11621 854 5535 2408 8113
18869 6723 10016 8808 7043 4484
18870 8046 8113 6755 7905 5010 2570 11560 8467
18871 2175 8046 1629 3060 3040
18872 10013 11621 4482 9582 10016
18873 5534 10013 854 1647 5010
18874 10013 9685 1629 8117 5010
18875 11621 1415 11884 8118 9137 8117 6804 8811 11379 6806 6850 4506
18876 11687 11898 11698 7605 11688 11706 11707 11580 11697
18877 7605 4422 11575 11822 11352 7976 8944
18878 4593 1682 10601 6469 7605 3941
18879 7605 4423 5014 5015 11874
18880 11741 7605 11853 2938 4220
18881 10338 11289 10831 11686 11595 4423 10843 10818
18882 11586 11741 10338 968 854 10823 1488
18883 3916 5855 4990 1000 854 1629
18884 8272 1728 854 4631 11527
18885 854 127 11288 11891 8822 11727 8810
18886 8120 8828 854 10016 8118 1214 11527 10957 11727 8815 8818 10906
18887 854 8431 3964 5586 3356 10251
18888 10414 6836 854 9694 7633 8122
18889 854 11868 8118 1629 7086 8826 5826
18890 11032 9672 11482 11483 11560 8804
18891 7132 2210 6924 10302 261 586 1550
18892 7132 6924 2210 261 586 1550
18893 7132 7133 1550 6885 6957
18894 2210 261 1550 1770 4026 1108 9694 6651
18895 6730 9489 8275 3991 10588 1556
18896 724 1688 1393 1715 1034 210 7266 1112 1656 1317 1177 1714 3338
18897 1519 1688 155 1715 413 613 793 966 1311
18898 4032 4459 1625 5888 5191
18899 1519 1160 419 4908 223 4972 1634
18900 1231 1394 855 832 329
18901 1240 1393 7767 1396 1245 1634
18902 848 2192 2203 1006 2934 1025 1085 1292 5030
18903 848 1552 2906 967 2727 162 1172 2934 985 1592 2494 1226 5865
18904 7112 7228 7076 7227 7220
18905 9946 10616 9928 10997 4531 4144 7787
18906 1612 1395 5542 1434 1220 225 977 819
18907 2366 2303 5849 1120 79 76 6086
18908 4608 4350 2909 1711 5865
18909 936 5623 1112 1711 1403 1228 1229
18910 337 155 613 936 961 963 837 983
18911 936 1353 966 1041 382 160 971
18912 11699 11716 11577 10830 5012 5013 5014 5015 10336
18913 10260 5780 5151 11518 4211 11562 1121 1489 8229
18914 9891 4691 405 10592 1489
18915 9891 723 8585 11518 11163 817 1080 1121 11391 8227 9970 11562 11409 11774
18916 7353 5780 4026 405 9317 4522 764 422
18917 9317 723 8585 8451 10751
18918 9317 969 723 502 764
18919 4734 376 1071 2022 4708
18920 4734 2543 953 437 4719 4720
18921 4691 4211 4120 817 2825 1012
18922 376 11607 4691 377 11780 1328 6223 8226 4683 8972 2825
18923 5534 5537 4483 8804 6755 5829 8815 8048 8820 11274
18924 10964 8740 8803 8738 9694 5829 8822 11902 5534 8825 5827 6852
18925 5534 6850 11527 8120 8816 8828
18926 5534 8811 11544 11547 6721 8120
18927 5534 9582 10016 1629 11455 8113
18928 5534 11527 6828 10783 8817
18929 4051 7061 129 7683 9298
18930 1393 4780 957 219 1397 1558 1683
18931 6724 11477 3844 5434 6615
18932 8557 129 3852 2865 4531
18933 761 10501 6918 245 991
18934 4325 5537 10783 5535 11419
18935 10087 11584 11888 10825 10830 5012 5014 5015 10336 3939 5678
18936 11391 764 11163 9712 1144
18937 9292 4732 6664 8514 1285 10275
18938 9292 24 11160 5306 4646
18939 5782 4681 6223 377 633 4683 8972
18940 5782 1716 6223 4681 633 4683 2825
18941 377 5782 4681 6223 11607 633 8972
18942 377 6223 11607 5782 633 4683
18943 6848 4265 11661 10958 5901
18944 6981 810 10185 7943 4329
18945 368 1743 11025 11160 2821
18946 462 8972 11503 4908 8884
18947 7232 11584 7607 11686 7609 5013 5014 7157 10830 3407 10338 7156
18948 11167 2559 6961 9728 10793
18949 2560 2561 3021 10599 10432
18950 2293 11130 10457 2560 2558 8710 361
18951 2560 361 3183 9342 8263 10117 2558 8742
18952 2217 11130 8710 9144 2558 11064 9446 3184 10127 6126
18953 9952 4682 11919 11848 11770 11772 11771 11773
18954 9952 11770 11920 4682 11921
18955 11770 4682 11919 11771 9952
18956 11770 11922 11923 11209 9952 4682 11921
18957 9952 4682 11919 11848 11770 11772 11771 11773
18958 9952 4682 11770 11772 11771 11773
18959 11919 11848 11770 11771 11772 11773 1182
18960 1257 1520 1151 1487 1373 4628 777 816
18961 10835 4425 11574 11713 11712 11587 11873 11897
18962 11574 11143 11712 11713 11705 11717
18963 11573 11583 11587 11854 11716 11713 10816 11872 11712 11588 10835 10829 11702 11873
18964 11829 8564 10722 11637 8565 11290 8566 11533 7291 7292 7293
18965 11134 11637 8565 8566 359
18966 6724 6725 4823 9887 2039 4458 6728 4826 10108 6727 11683 11684
18967 11540 4160 4162 1442 4499 1772 502
18968 7075 6945 7112 6899 6946 7230
18969 7075 6875 6885 6871 6872 7230
18970 6876 6984 6871 7075 7128
18971 9721 11776 1620 7734 5795 1245
18972 720 961 2491 984 1712
18973 2175 634 10953 11523 10952
18974 1066 9803 1315 10701 5610
18975 1066 4228 4139 4293 11890
18976 1065 1066 1070 1678 210 1616 1119 1143 1458 416 5556 1200
18977 6849 9137 1629 1107 8118 6567 6828 4482 11842 10413 8808
18978 11818 9909 1262 2189 5609
18979 7372 3280 1646 3919 969 4925
18980 1646 8740 3 8501 8919 8822 9817
18981 950 851 8022 1616 5863 1245 3 4684 1114
18982 2409 6725 9137 10413 11638 6826 4327 8801
18983 1107 2409 1629 7043 6836 2410
18984 568 10332 7921 11835 8663
18985 5659 6014 4631 11914 8663 10822 10823 11744 7154
18986 1621 1394 807 850 2932 1462 1362
18987 6835 1107 3280 10400 3281
18988 4265 7713 6646 1630 842 8514
18989 4490 1313 9897 1167 7799
18990 942 949 419 1162 969 164 838 1313 224 1259
18991 11862 11456 7232 11899 7106 11873
18992 11579 5635 6033 10839 11673
18993 11456 7232 10072 10818 11706
18994 11456 11913 3165 7232 11899 10821 11584
18995 2845 5141 397 727 9627
18996 502 5141 2728 6982 8185
18997 5537 5535 2408 8113 8118 5198
18998 8118 2570 5196 8048 11560 8467 11544 5537 2369 8120 8828 571 8818 11492
18999 9168 961 501 502 838
19000 7040 6985 1203 5543 1511
19001 6726 11217 4159 6491 4283
19002 212 964 219 1216 3 166 1043
19003 5702 166 167 161 1079 160 165
19004 2054 9707 5414 6697 6116 2810
19005 397 465 10358 5021 11063 11891 8257 9627 11904 11834 11788 2976 11325
19006 2190 4122 1970 4927 5603
19007 7352 3296 2608 745 548
19008 7352 745 7351 9196 548
19009 7351 548 2608 7357 9196
19010 8274 3941 3948 3955 11055 8719
19011 8274 8273 7820 1307 8719
19012 1067 953 1715 4078 1152
19013 10040 9926 261 586 10967 1550
19014 8273 9943 6406 4180 10915 2032
19015 64 7404 4180 9627 7820 4179
19016 7820 759 8189 7404 8719
19017 4179 1307 416 10970 11737
19018 5417 264 4896 3127 5430
19019 1429 1738 7702 809 1119 1021 1299 1145
19020 586 11851 11101 11888 11741 11622 6016
19021 1307 953 3983 4195 9686 756
19022 1307 4843 323 7018 1632
19023 9489 10015 1551 1394 1621 7931 4415
19024 11868 2408 11795 3849 11288
19025 6722 11842 10963 4482 11527
19026 301 6444 11462 11486 1262
19027 10779 4780 4160 4283 10098 960
19028 10669 4636 11622 4630 6013 11325 7292 7293 10841 11623
19029 10669 5609 7349 4902 5713
19030 10669 2677 6010 6346 3009 11559 3253 4630 6015 6016 6017 10679 6014 302 4632 6027
19031 4546 2383 2369 5657 10265
19032 2369 568 4663 6138 3052
19033 5191 2369 11477 11378 3834
19034 2369 656 974 985 983 4253 1712 1416
19035 2369 6464 759 8189 3375
19036 4197 2383 4253 11258 10532 2474
19037 10552 9126 7152 4434 5746
19038 4927 1970 3173 430 431 1972
19039 4421 2 3173 6116 10984
19040 2677 2811 10401 6839 4346 6506 11866 359 3359 10090 3360 10969 5414 11662 3864
19041 11303 1371 11606 3040 5575
19042 1000 11261 4252 9251 2512
19043 3278 11261 11537 7934 5010
19044 11419 6852 5826 8802 11865 11003
19045 5232 6346 7448 3009 8980 5701 11485 304 5608 6088 305 2814 5996 7349 306
19046 9229 10142 361 9728 11064
19047 6277 329 1683 4350 768
19048 8501 329 647 8500 7118 3183 1245
19049 1372 1055 226 329 986 2061 1416 1712 3338 1634
19050 8073 1707 3975 4160 7170
19051 5229 7436 11350 9186 10292 11016
19052 4228 4139 2817 4159 3022
19053 4026 6518 959 1709 2059 1259 817 818 980 428 6972
19054 6983 7114 1511 11916 7109 7110 7111
19055 7141 6983 7113 7108 7224
19056 6875 6983 7113 7224 6871 7109
19057 2053 6003 6007 6006 6008 4633
19058 1709 1310 4350 967 1311 1459 6773 1220 1361 1046 842 4713 1145 1416 1086 1058 1714 1178 2555 1687 7217 5865
19059 7384 3918 1182 8418 11471
19060 4502 969 1159 265 838
19061 961 1182 1394 969 4241 4574
19062 1182 11142 3279 10400 3281
19063 11531 9446 11766 7837 5864
19064 7157 11576 11678 11314 11315 11677 6058 9514 6061 5021 11871 10678 7607 11703 10677 8617 11891 9304 5582 11840 4636 11905 10830 6164 3940 11834 10787 11787 11788 7609 11879 6016 4774 4635 11546 11917 10788 11830 11874
19065 5021 11314 11677 11678 11871 11787 11834 11788 3940 11325 6164 10787
19066 11315 11677 11678 3061 11546 11874
19067 11677 5021 10787 11325 11546 10788
19068 6058 11678 11871 11769 11918 11677 11787 10787 11834 6164 11788 3940 11325 5583 11874
19069 6058 3061 10787 11789 11325 5021
19070 6058 6164 11787 10787 11834 3940 11789
19071 7450 4425 6005 7232 11702 11913 11888 6019 10838 10837 11914 5013 11856
19072 1621 1394 6751 1617 980 1085
19073 6885 7333 6956 4330 6957 850
19074 7113 7221 11916 7109 7111
19075 1000 6755 10572 7691 1372
19076 11408 1144 502 8272 504
19077 2543 953 7842 437 9855 9821 11161
19078 2543 9847 2006 9210 960
19079 8382 9819 3296 10210 2215
19080 9819 4216 969 4321 6319
19081 6387 5297 4574 6047 1632
19082 4438 4326 7503 4054 7171
19083 4026 437 9855 9821 4725
19084 9710 9727 11137 10016 8738 9694 6826 8817 11527 10725
19085 10401 4346 11866 9219 7015
19086 5676 3168 10109 3816 7264 9145 3131
19087 5672 11731 3253 8768 5609
19088 8501 465 5757 756 6319
19089 720 4578 250 4576 1234
19090 413 1370 1160 4599 415 3039 1703 813 425 1145 4606 4672 1087
19091 613 562 3 813 1082 1168 656
19092 613 2818 5561 361 10287
19093 4016 5599 8827 11527 8821
19094 2940 2938 8380 4221 7976 9465
19095 11352 7976 8944 9991 2940 9329 6413 5703
19096 8382 2938 11352 9465 2939 11585
19097 8382 2938 9465 11585 8943
19098 11863 5635 6005 10670 11853 11903 10830 11894
19099 1572 3849 1214 1458 5542 816 1500 1388
19100 3849 6033 7160 6031 6035
19101 3963 2569 6164 11140 10787
19102 3963 7702 5043 566 567
19103 3897 3963 6912 5041 9735
19104 5042 3963 6316 5040 6048
19105 5043 11594 2046 6316 6912 3964
19106 6912 5040 3964 5042 1146
19107 4311 3981 7346 8919 3 4349
19108 1382 2393 1487 1215 3899 5702
19109 5043 5040 5042 6048 11115
19110 10182 9477 1246 2726 1415 2549
19111 2549 1554 227 229 226
19112 7907 10075 9068 9296 9295 9294 9298
19113 8237 1627 165 811 1316
19114 11696 10818 11333 5583 11855
19115 5392 24 1370 414 1717
19116 1394 1621 11412 5864 6740 665 9181 2844 8938 11670 10023 11387 11846
19117 10420 9904 2183 1394 11462 3248 9905 3247 9912 11819 9909 7006 5708 10032 9901 9910
19118 1621 10593 10592 2844 10238 1371 8938 665 10899 7192 10022
19119 3402 11071 359 4729 11007
19120 18 9814 3984 1574 8598
19121 410 1041 222 1011 1025
19122 6444 8380 4221 2580 10445
19123 11816 11817 11814 11815 11818
19124 11826 11825 9901 9900 9912
19125 9912 9909 3253 11818 2183 3248
19126 9796 3387 9886 11181 9061
19127 10675 10673 249 10679 9111
19128 7216 7213 1859 1914 2083
19129 7158 7165 10828 11743 11896
19130 7165 10828 11743 10839 7158
19131 7165 10828 7158 11743 10839
19132 4080 8118 2410 7633 2570
19133 9318 1620 759 8189 793 2184
19134 3941 3948 3955 4113 10017 10263 2580
19135 3948 3955 644 6636 4992 8502
19136 8817 7934 4261 4483 8740 6826
19137 8801 8738 8122 4267 8815
19138 2041 8758 4261 9137 2570
19139 2041 8757 4327 8814 4295
19140 9582 10016 8757 4867 11759 361 8810
19141 8757 8758 10964 4267 8825 5827 6729 8819
19142 8112 4261 10112 4060 398
19143 8112 6849 8117 11479 11482
19144 4482 4261 8808 4327 11545
19145 4482 11842 8117 10413 8808
19146 4482 10963 10411 9582 10016 6849 9137 1107 10413
19147 11842 10411 11795 4867 11185
19148 9582 1629 1107 4267 2410 5196
19149 9582 8800 8803 8738 8818 8820
19150 5195 5010 8113 8815 10016 4327
19151 8113 11638 1162 8740 6826 8822 8802
19152 420 8113 6836 7633 11147 11874 11273 4267 10588
19153 1107 4506 8117 6721 6850 8113
19154 8113 6739 1436 11901 8815
19155 8118 8802 8826 5196 8820 2548
19156 8118 6850 4506 5864 8120
19157 1629 4925 275 2734 8817
19158 1108 2548 1212 7043 7633
19159 1108 1212 8816 11661 5017
19160 6876 6984 6871 7216 6108 7230 7046 11880
19161 2938 11352 7976 8943 11876
19162 6087 2938 9465 4740 3816 968
19163 11873 11863 4423 10838 11913 11588
19164 3278 9210 10034 3280 3281
19165 6137 304 7503 5625 5713
19166 155 6654 1444 1703 818 8788 1168 3869
19167 1715 10058 5877 2569 1522
19168 11615 4694 7348 2821 4894
19169 2404 10920 9341 2464 1285
19170 6944 6945 7240 6871 7228 7230
19171 8380 11352 8944 9465 2939
19172 2231 10878 8597 4135 502
19173 4135 502 4136 2231 11471
19174 1647 415 755 5840 1464
19175 4475 4559 5826 3360 8815
19176 11762 11903 10677 11099 7609 10833 11855 9832 11741 11911 11897 11698 6028
19177 7436 5222 9224 5223 9820
19178 11765 8010 6636 4992 10794 5610 9728
19179 4990 4992 8502 6636 11765 653 5158
19180 756 6072 4990 8502 8501 5703
19181 3984 1709 8418 8597 838
19182 4113 7535 7726 11025 967 414
19183 10017 5543 1770 2569 1511
19184 9423 9426 9437 9435 1245
19185 3025 9484 4415 961 1159 5222
19186 8824 11741 4925 7348 10021
19187 4633 4632 6019 249 6008
19188 11899 7607 10831 11595 10826 11714
19189 6961 361 10649 2504 8734
19190 1006 967 3039 1007 5650
19191 5635 11853 7233 7234 11711
19192 1211 1120 4599 219 1261 265 5650 1692 1044 1744 1024 656 1703 1019 2728 1747 1085 1292 1058 1059 6759
19193 1822 1371 5864 1686 1318
19194 9391 10828 11743 10839 11896
19195 11642 6616 9102 4947 2040 9144 11064
19196 11311 9446 2504 11167 8879 11130 10052 11366 6650
19197 7734 6804 3184 9057 10729
19198 6161 10825 5012 5013 5014 5015 10336
19199 6007 6006 6004 6018 9111
19200 6007 6006 6013 6014 10679 10680
19201 11651 8226 4681 8239 10191
19202 4681 5221 1311 10966 5198
19203 5152 3138 10135 6023 6024 10134 10132 11199 10133 10136
19204 9181 8316 10592 665 3834 5864 10899 8817 398 10022 5196 3835
19205 10420 2844 5864 11846 10592
19206 3027 4065 968 759 7404
19207 6491 9210 5260 960 4772
19208 6491 4283 9210 5260 960 4772
19209 6108 3321 1203 6901 6880
19210 11871 5021 5011 3168 5658 10109 11630
19211 11143 10358 10359 11904 11875 10156
19212 11143 11875 11760 5021 11063 10359 10358 6062 11871 11904 2976 10336 5014 10825 11834 5012 5013 5015
19213 10358 10359 10365 11760 11063
19214 9904 1262 8768 9916 11731
19215 6108 7045 7869 6900 3321
19216 11889 6900 6986 7213 6901 6108
19217 10911 8282 4037 2228 5253 9531 1625 769 9484 10641
19218 4559 9638 8937 5599 8827
19219 6956 7141 1457 7040 8668 11889 6900
19220 7190 10593 11527 11479 11544 8048 7691 11548
19221 11482 11560 11754 7691 7689 6837
19222 7607 8629 4425 11688 11482
19223 5417 264 3318 5415 9817
19224 5863 1329 4626 811 1286 1491 1390 1686 986 5886 1400 1115 1116
19225 1413 5198 6227 3868 361
19226 10819 11787 8456 11703 11897
19227 6023 6024 10136 2166 11625
19228 9952 4682 11771 11772 11773
19229 9952 4682 11915 11920 11924 11921
19230 9952 11915 4682 11921 11922 11209 11920 11924
19231 9952 4682 11921 11923 11922 11209
19232 9952 4682 11923 11922 11209 11921
19233 9952 4682 11923 11922 11771 11772 11773 11921
19234 9952 4682 11771 11772 11773
19235 9952 4682 11771 11772 11773
19236 9952 4682 11923 11922 11209 11921 11920 11924
19237 9952 4682 11923 11922 11209 11921
19238 9952 4682 11771 11772 11773
19239 9952 4682 11771 11772 11773
19240 9952 4682 11771 11772 11773 11921
19241 9952 4682 11771 11772 11773 11923 11924
19242 11922 11920 9952 4682 11921
19243 9952 11915 4682 11920 11771 11772 11773 11921
19244 9952 4682 11915 11209 11771 11772 11773 11921
19245 9952 11915 4682 11922 11209
19246 9952 4682 11923 11209 11771 11772 11773 11921
19247 9952 4682 11771 11772 11773
19248 9952 4682 11923 11922 11924 11921
19249 9952 4682 11915 11921 11209 11920
19250 9952 4682 11915 11922 11920
19251 9952 4682 11771 11772 11773
19252 9952 4682 11209 11921 11771 11772 11773
19253 9952 4682 11771 11772 11773
19254 9952 4682 11771 11772 11773
19255 9952 4682 11924 11771 11772 11773 11920 11921
19256 9952 4682 11923 11922 11209 11921
19257 9952 4682 11771 11772 11773
19258 9952 4682 11771 11772 11773
19259 11209 11924 9952 11923 11921
19260 9952 4682 11771 11772 11773 11920
19261 8597 501 4135 5298 4720
19262 11477 7921 10332 11835 4663
19263 7041 1371 10349 8844 1555 11299 10238
19264 5042 6912 11115 3897 1286
19265 6048 5040 2046 3897 1286 9633
19266 5042 6048 9633 5198 5041
19267 10108 431 1972 4777 6051 430 2815
19268 11769 11918 11871 11891 3061 8257 11834 11788 3940 11325
19269 11325 11871 11769 11917 10788 11830
19270 11918 11871 5021 11769 11917 10788
19271 11918 11871 5021 6061 6164
19272 11871 11787 10787 11834 11891 3061 11325 11546 11830 6061 11788 11917 10788 11874
19273 5021 6164 11546 11917 10788 11830
19274 5021 11787 10787 11834 11905
19275 6061 11546 11917 10788 11830
19276 6061 6164 11788 3940 11789 11874
19277 2462 9904 11764 11797 5586
19278 11586 10338 11333 5012 5014 10337
19279 10825 10830 10824 10823 11905 11786 10677 9832
19280 6274 4810 7448 5609 6814
19281 6346 3009 2 3844 3252 3251 3845
19282 3009 6871 10787 6108 8819
19283 1358 3009 2412 4032 5609
19284 5416 6227 304 6812 10032
19285 6348 4740 1186 8456 8323
19286 10031 11761 11542 11759 8810
19287 303 2235 11254 8456 10332
19288 5232 10920 2692 2693 10838
19289 11919 11848 11915 11923 11209 11921
19290 11915 11919 11848 11922 11209 11921
19291 5759 4228 4139 2444 1770 7065
19292 5759 4228 4139 2444 1770 7065
19293 5759 4228 4139 2444 1770 7065
19294 11622 7606 2185 11824 7290
19295 1556 6318 9214 7346 1373
19296 1214 414 966 1056 5885 1200 656 224
19297 11333 5014 10337 9140 7333
19298 10822 10680 10841 10840 6016 11742
19299 8817 6836 2410 2571 2570 8816 11712
19300 11537 10828 10839 11764 11797
19301 11858 3165 11903 11686 10831 11595
19302 10639 6414 6078 9980 7192 10175
19303 4254 4253 11258 10532 8815 9229
19304 2183 3249 9914 9915 2463
19305 1214 1285 1172 1372 842
19306 1458 968 2059 842 10058
19307 4646 9663 970 162 1059
19308 1749 817 11163 1080 1010
19309 504 11391 759 793 11409
19310 8617 10832 9894 6341 4630 6027 6016
19311 10710 4663 6138 6164 3183 2573
19312 5623 1717 3899 1403 990
19313 4254 5623 4725 4722 4719 4720
19314 8186 970 9182 6022 8514
19315 3039 1163 8788 8295 4672 1179
19316 7165 6031 10828 11840 11743
19317 6031 1359 11743 10839 11896
19318 10676 7292 10823 10841 10840 11744 11912 11623 11100
19319 967 3039 4576 656 2909 4911
19320 1358 275 1220 1299 1086
19321 8815 8048 7905 6850 8828
19322 8798 8804 9062 5017 11865
19323 5774 1187 5586 2384 1185 1186
19324 1151 966 813 6664 817
19325 10831 11595 10133 4461 11687 11688 11698
19326 2022 8178 3040 11258 4721
19327 6574 9102 4947 2040 11890
19328 6574 5936 3979 5757 7189
19329 8501 9935 10036 5708 6812 4925
19330 1630 3868 2215 3184 9145
19331 813 1166 1703 656 816
19332 9304 11840 5582 5583 11879
19333 10825 5012 5013 5014 5015 11704
19334 10825 5015 10336 11704 5013
19335 10830 5012 5014 5015 10825 5013
19336 10825 10830 5012 5013 5014 5015
19337 5306 9670 9522 7692 9860 980
19338 10830 5012 5013 5014 5015
19339 5012 5013 5014 5015 10336
19340 5012 5013 5014 5015 10336
19341 5012 5013 5015 10336 5014
19342 9473 7217 6573 10631 9731
19343 4483 3834 8822 10023 760
19344 8740 3834 6613 10462 7192
19345 4964 5857 5586 5575 414
19346 7734 8802 7905 5017 11864 8818 8826 11002
19347 5196 8122 361 9694 8803 8810
19348 6755 10572 7691 10570 9062 8618
19349 1656 11901 11592 6755 11001
19350 4267 9062 7190 8122 5017 11274 8807 10957
19351 8804 10784 11545 5826 11547
19352 8804 2570 3835 6740 8828
19353 1632 4925 9934 7348 7018 985
19354 5196 8048 8819 9504 11527 7905 8826
19355 11527 2570 361 8828 8815 8048 7905
19356 1172 1372 6182 4184 6837
19357 2384 6812 5609 2817 6227 1436 2692
19358 3834 7979 10023 6740 5864
19359 8802 8815 8810 5825 8818 8820
19360 6014 4630 6013 4631 6027 10834
19361 6014 6013 4631 4635 6025 6017 4630 4774 6027
19362 4630 6013 6016 11687 11688 11707
19363 219 1216 1287 811 1692
19364 1262 9916 11843 11885 1116 1264
19365 8818 7958 8806 11739 8815 8807 11864 11833
19366 6019 4629 9111 7293 11744
19367 10966 418 275 8410 160
19368 275 6464 756 10966 361
19369 5946 11308 11082 11309 10777 2828 2976
19370 5196 5826 11727 1605 11002 11003
19371 5196 8816 8819 8815 5017
19372 11894 9910 9914 9915 9916
19373 10679 10834 11912 11744 3337
19374 437 4719 4720 4725 4722
19375 437 4725 4719 4720 4722
19376 9855 9821 11161 10952 10953 11523
19377 504 4719 4720 4721 4722
19378 10126 8879 11056 10175 10951
19379 4718 1436 11056 9728 11130
19380 361 9728 7677 9980 9816
19381 9062 8618 11273 7905 11274
19382 11274 8618 11147 11768 11548
19383 11768 8818 8820 5017 11831 11147 11274
19384 3184 2504 9145 361 10041
19385 361 3183 3184 6650 6651
19386 361 10793 11167 6650 8742
19387 361 2215 10793 9145 6650 11516
19388 420 361 9728 7677 2504 11192
19389 361 3021 9145 8710 9057 10117
19390 361 2504 3184 9145 6650
19391 8456 8323 8322 3321 2235
19392 8825 5827 8810 5825 8821
19393 9374 5610 11516 6126 9229 4901
19394 5610 2572 10874 2504 11722
19395 11919 11848 11772 11771 11773
19396 11924 11771 11772 11919 11848
19397 2504 3184 11722 4901 10432
19398 1115 11885 4351 1940 11883
19399 11885 1940 4351 1116 11887
19400 11843 1940 1116 11883 4351
19401 9145 6650 3184 7809 10175
19402 8815 5825 8821 8826 8820 5017 11831
19403 11727 8818 5826 11864 11003
19404 9296 9295 10074 9294 9298
19405 9296 9294 9295 9298 9297
19406 9068 9295 9296 9294 9298 9297 4901 11782
19407 10074 9295 9296 9294 9298
19408 10074 9296 9294 9295 9298 4901 9297 11782
19409 9295 9296 9294 843 9298 4901 9297 11782
19410 9296 10074 9068 9294 9297 11782
19411 4901 9298 9297 11782 10041 9229
19412 10953 9297 4901 11782 11523
